openalex_id,doi,landing_page_url,current_type,opus_type,is_changed,opus_confidence,opus_reason,opus_is_broken,lp_status,error
https://openalex.org/W2790965413,https://doi.org/10.1016/j.dib.2018.01.075,https://linkinghub.elsevier.com/retrieve/pii/S2352340918300787,article,data-paper,True,high,"Published in Data in Brief describing a dataset to calculate emissions intensity, the canonical data-paper venue.",False,200,
https://openalex.org/W4303627711,https://doi.org/10.1016/j.dib.2022.108663,https://linkinghub.elsevier.com/retrieve/pii/S235234092200868X,article,data-paper,True,high,"Published in Data in Brief and titled as a dataset descriptor, the canonical data-paper venue and genre.",False,200,
https://openalex.org/W4411149490,https://doi.org/10.1016/j.dib.2025.111764,https://linkinghub.elsevier.com/retrieve/pii/S2352340925004913,article,data-paper,True,high,"Published in Data in Brief describing a dataset (BengalDeltaFish), the canonical data-paper venue.",False,200,
https://openalex.org/W2998230486,https://doi.org/10.1016/j.dib.2019.105073,https://linkinghub.elsevier.com/retrieve/pii/S2352340919314295,article,data-paper,True,high,"Published in Data in Brief with a title describing survey data, the hallmark of a data descriptor.",False,200,
https://openalex.org/W2002618220,https://doi.org/10.1016/j.dib.2015.02.016,https://linkinghub.elsevier.com/retrieve/pii/S235234091500027X,article,data-paper,True,high,"Published in Data in Brief describing a dataset, the canonical data-paper venue.",False,200,
https://openalex.org/W3043194960,https://doi.org/10.1038/s41597-020-00583-2,https://www.nature.com/articles/s41597-020-00583-2,article,data-paper,True,high,Scientific Data descriptor describing a multisource database rather than analyzing it.,False,200,
https://openalex.org/W4306292597,https://doi.org/10.1038/s41597-022-01732-5,https://www.nature.com/articles/s41597-022-01732-5,article,data-paper,True,high,"Published in Scientific Data describing a database, the canonical data-paper venue and subject.",False,200,
https://openalex.org/W2885428107,https://doi.org/10.1038/sdata.2018.156,https://www.nature.com/articles/sdata2018156,article,data-paper,True,high,"Scientific Data descriptor of a database (CO-ARBitrator) whose purpose is describing a dataset, not analyzing it.",False,200,
https://openalex.org/W4399571045,https://doi.org/10.1038/s41597-024-03475-x,https://www.nature.com/articles/s41597-024-03475-x,article,data-paper,True,high,"Published in Scientific Data describing a dataset's design and quality, matching the data-paper definition.",False,200,
https://openalex.org/W3210865027,https://doi.org/10.1016/j.dib.2021.107520,https://linkinghub.elsevier.com/retrieve/pii/S2352340921007964,article,data-paper,True,high,"Published in Data in Brief with a title describing dataset/data, the canonical data-descriptor genre.",False,200,
https://openalex.org/W3128757746,https://doi.org/10.1016/j.dib.2021.106831,https://linkinghub.elsevier.com/retrieve/pii/S2352340921001153,article,data-paper,True,high,"Published in Data in Brief with title describing a dataset, the canonical data-paper venue/genre.",False,200,
https://openalex.org/W3096071708,https://doi.org/10.1038/s41597-020-00730-9,https://www.nature.com/articles/s41597-020-00730-9,erratum,erratum,False,high,"Title ""Author Correction:"" and dc.type=Erratum indicate a published correction notice.",False,200,
https://openalex.org/W4400885792,https://doi.org/10.1016/j.dib.2024.110754,https://linkinghub.elsevier.com/retrieve/pii/S2352340924007200,article,data-paper,True,high,"Published in Data in Brief with title beginning 'Dataset that shows...', a data descriptor journal.",False,200,
https://openalex.org/W4288810585,https://doi.org/10.1016/j.dib.2022.108500,https://linkinghub.elsevier.com/retrieve/pii/S2352340922006941,article,data-paper,True,high,"Published in Data in Brief describing a dataset, the canonical data-paper venue.",False,200,
https://openalex.org/W4312119607,https://doi.org/10.1038/s41597-022-01876-4,https://www.nature.com/articles/s41597-022-01876-4,article,data-paper,True,high,"Published in Scientific Data describing a 3D geomodel dataset, the canonical data descriptor venue.",False,200,
https://openalex.org/W2792297781,https://doi.org/10.1016/j.dib.2018.01.035,https://linkinghub.elsevier.com/retrieve/pii/S2352340918300386,article,data-paper,True,high,"Data in Brief dataset descriptor (withdrawn article keeps its own type), and landing page returns 200.",False,200,
https://openalex.org/W2489774550,https://doi.org/10.1016/j.dib.2016.07.031,https://linkinghub.elsevier.com/retrieve/pii/S235234091630467X,article,data-paper,True,high,"Published in Data in Brief describing datasets (force spectroscopy data and simulations), the canonical data-paper venue.",False,200,
https://openalex.org/W2563112361,https://doi.org/10.1016/j.dib.2016.12.024,https://linkinghub.elsevier.com/retrieve/pii/S2352340916307855,article,data-paper,True,high,"Published in Data in Brief, a dedicated data-descriptor journal.",False,200,
https://openalex.org/W4414111967,https://doi.org/10.1016/j.dib.2025.112038,https://linkinghub.elsevier.com/retrieve/pii/S2352340925007607,article,data-paper,True,high,"Published in Data in Brief describing a collection of experimental data, the canonical data-paper venue.",False,200,
https://openalex.org/W4313544955,https://doi.org/10.1038/s41597-022-01896-0,https://www.nature.com/articles/s41597-022-01896-0,erratum,erratum,False,high,Title 'Author Correction:' and dc.type 'Erratum' indicate a correction notice.,False,200,
https://openalex.org/W2945236079,https://doi.org/10.1016/j.dib.2019.104007,https://linkinghub.elsevier.com/retrieve/pii/S2352340919303609,article,data-paper,True,high,"Published in Data in Brief with a title describing a dataset, the canonical data-descriptor venue.",False,200,
https://openalex.org/W2993772328,https://doi.org/10.1016/j.dib.2019.104928,https://linkinghub.elsevier.com/retrieve/pii/S2352340919312831,article,data-paper,True,high,"Published in Data in Brief with title describing a dataset, the canonical data-paper venue.",False,200,
https://openalex.org/W4309494170,https://doi.org/10.1016/j.dib.2022.108764,https://linkinghub.elsevier.com/retrieve/pii/S2352340922009672,article,data-paper,True,high,"Published in Data in Brief describing a dataset, the canonical data-paper venue.",False,200,
https://openalex.org/W4400064182,https://doi.org/10.1038/s41597-024-03555-y,https://www.nature.com/articles/s41597-024-03555-y,article,data-paper,True,high,"Published in Scientific Data, the canonical data-descriptor journal, describing a monitoring dataset.",False,200,
https://openalex.org/W4281486635,https://doi.org/10.1038/s41597-022-01338-x,https://www.nature.com/articles/s41597-022-01338-x,article,data-paper,True,high,"Published in Scientific Data describing a standardized database, the hallmark of a data descriptor (data-paper).",False,200,
https://openalex.org/W3204755605,https://doi.org/10.1038/s41597-021-01032-4,https://www.nature.com/articles/s41597-021-01032-4,article,data-paper,True,high,Scientific Data descriptor titled 'mapping...soil moisture' describing a dataset is a data-paper.,False,200,
https://openalex.org/W4402355434,https://doi.org/10.1038/s41597-024-03764-5,https://www.nature.com/articles/s41597-024-03764-5,article,data-paper,True,high,"Published in Scientific Data describing a dataset's collection and features, the canonical data-paper venue/genre.",False,200,
https://openalex.org/W2765300053,https://doi.org/10.1016/j.dib.2017.10.026,https://linkinghub.elsevier.com/retrieve/pii/S2352340917305437,article,data-paper,True,high,"Published in Data in Brief, a dedicated data-descriptor journal, describing safety data rather than analyzing it.",False,200,
https://openalex.org/W4283787207,https://doi.org/10.1038/s41597-022-01477-1,https://www.nature.com/articles/s41597-022-01477-1,article,data-paper,True,high,"Published in Scientific Data describing a collection/dataset of microscopy images, the hallmark of a data descriptor.",False,200,
https://openalex.org/W3111681423,https://doi.org/10.1016/j.dib.2020.106660,https://linkinghub.elsevier.com/retrieve/pii/S2352340920315407,article,data-paper,True,high,"Published in Data in Brief with a title describing a dataset's composition and features, the hallmark of a data descriptor.",False,200,
https://openalex.org/W2766321725,https://doi.org/10.1016/j.dib.2017.10.037,https://linkinghub.elsevier.com/retrieve/pii/S2352340917305577,article,data-paper,True,high,"Published in Data in Brief describing an experimental dataset, the canonical data-paper venue.",False,200,
https://openalex.org/W4395449726,https://doi.org/10.1016/j.dib.2024.110468,https://linkinghub.elsevier.com/retrieve/pii/S2352340924004372,article,data-paper,True,high,"Published in Data in Brief with title beginning 'Dataset of...', a data descriptor venue.",False,200,
https://openalex.org/W4408093709,https://doi.org/10.1038/s41597-025-04593-w,https://www.nature.com/articles/s41597-025-04593-w,article,data-paper,True,high,"Published in Scientific Data describing a high-throughput computed Raman spectra dataset, the canonical data-descriptor genre.",False,200,
https://openalex.org/W4403309525,https://doi.org/10.1016/j.dib.2024.110996,https://linkinghub.elsevier.com/retrieve/pii/S2352340924009582,article,data-paper,True,high,"Published in Data in Brief describing an image dataset, the canonical data-paper venue/genre.",False,200,
https://openalex.org/W4382584794,https://doi.org/10.1016/j.dib.2023.109349,https://linkinghub.elsevier.com/retrieve/pii/S2352340923004687,article,data-paper,True,high,"Published in Data in Brief describing development/validation of a dataset, matching the data-paper definition.",False,200,
https://openalex.org/W4403993065,https://doi.org/10.1038/s41597-024-04023-3,https://www.nature.com/articles/s41597-024-04023-3,article,data-paper,True,high,"Published in Scientific Data describing a district-scale dataset, the canonical data-descriptor venue.",False,200,
https://openalex.org/W2946345158,https://doi.org/10.1038/s41597-019-0067-9,https://www.nature.com/articles/s41597-019-0067-9,article,data-paper,True,high,Scientific Data genome descriptor whose purpose is to describe the dataset rather than analyze it.,False,200,
https://openalex.org/W4366417281,https://doi.org/10.1016/j.dib.2023.109158,https://linkinghub.elsevier.com/retrieve/pii/S2352340923002779,article,,,,,,200,refusal
https://openalex.org/W3163178160,https://doi.org/10.1016/j.dib.2021.107117,https://linkinghub.elsevier.com/retrieve/pii/S2352340921004017,article,data-paper,True,high,"Data in Brief dataset descriptor (the withdrawn item keeps its own data-paper type, not a retraction notice).",False,200,
https://openalex.org/W2895484859,https://doi.org/10.1016/j.dib.2018.10.001,https://linkinghub.elsevier.com/retrieve/pii/S2352340918312034,article,data-paper,True,high,"Published in Data in Brief with title 'Data on...', a data descriptor describing a dataset.",False,200,
https://openalex.org/W3003947784,https://doi.org/10.1016/j.dib.2020.105211,https://linkinghub.elsevier.com/retrieve/pii/S2352340920301050,article,data-paper,True,high,"Published in Data in Brief, a dedicated data-descriptor journal, describing NIRS dataset.",False,200,
https://openalex.org/W4408651144,https://doi.org/10.1038/s41597-025-04795-2,https://www.nature.com/articles/s41597-025-04795-2,erratum,erratum,False,high,"Title ""Publisher Correction:"" and dc.type=Erratum indicate a correction notice.",False,200,
https://openalex.org/W4310017350,https://doi.org/10.1016/j.dib.2022.108774,https://linkinghub.elsevier.com/retrieve/pii/S2352340922009775,article,data-paper,True,high,"Published in Data in Brief describing an air-quality dataset, a data descriptor.",False,200,
https://openalex.org/W4317936943,https://doi.org/10.1016/j.dib.2023.108934,https://linkinghub.elsevier.com/retrieve/pii/S2352340923000525,article,data-paper,True,high,"Published in Data in Brief describing experimental datasets, the canonical data-paper venue.",False,200,
https://openalex.org/W4281259835,https://doi.org/10.1016/j.dib.2022.108283,https://linkinghub.elsevier.com/retrieve/pii/S2352340922004851,article,data-paper,True,high,"Published in Data in Brief with a title describing a dataset, the canonical data-paper venue.",False,200,
https://openalex.org/W3177716118,https://doi.org/10.1016/j.dib.2021.107257,https://linkinghub.elsevier.com/retrieve/pii/S2352340921005412,article,data-paper,True,high,"Published in Data in Brief with a dataset-descriptor title, the defining signal of a data-paper.",False,200,
https://openalex.org/W4220921009,https://doi.org/10.1038/s41597-022-01200-0,https://www.nature.com/articles/s41597-022-01200-0,article,data-paper,True,high,Scientific Data descriptor titled 'A dataset of...' whose purpose is to describe the dataset rather than analyze it.,False,200,
https://openalex.org/W2791718714,https://doi.org/10.1016/j.dib.2018.01.088,https://linkinghub.elsevier.com/retrieve/pii/S235234091830091X,article,data-paper,True,high,"Published in Data in Brief with title 'Data on...', a classic data descriptor.",False,200,
https://openalex.org/W3025316048,https://doi.org/10.1016/j.dib.2020.105668,https://linkinghub.elsevier.com/retrieve/pii/S235234092030562X,article,data-paper,True,high,"Published in Data in Brief describing a dataset, the canonical data-paper venue.",False,200,
https://openalex.org/W4378527557,https://doi.org/10.1038/s41597-023-02205-z,https://www.nature.com/articles/s41597-023-02205-z,article,data-paper,True,high,"Published in Scientific Data, a data-descriptor journal, indicating a dataset-describing data paper.",False,200,
https://openalex.org/W3021395182,https://doi.org/10.1038/s41597-020-0482-y,https://www.nature.com/articles/s41597-020-0482-y,article,data-paper,True,high,"Published in Scientific Data, the canonical data-descriptor journal, describing a dataset rather than analyzing it.",False,200,
https://openalex.org/W4411376486,https://doi.org/10.1038/s41597-025-05266-4,https://www.nature.com/articles/s41597-025-05266-4,article,data-paper,True,high,Scientific Data descriptor titled 'Vectorized building rooftop prints...' describing a dataset is a data-paper.,False,200,
https://openalex.org/W2950058342,https://doi.org/10.1016/j.dib.2019.104135,https://linkinghub.elsevier.com/retrieve/pii/S2352340919304895,article,data-paper,True,high,"Published in Data in Brief as a dataset descriptor titled ""...dataset of bacterial communities...""",False,200,
https://openalex.org/W2954041146,https://doi.org/10.1016/j.dib.2019.104187,https://linkinghub.elsevier.com/retrieve/pii/S2352340919305414,article,data-paper,True,high,"Published in Data in Brief describing a dataset, a canonical data-paper venue.",False,200,
https://openalex.org/W2169354228,https://doi.org/10.1016/j.dib.2015.10.030,https://linkinghub.elsevier.com/retrieve/pii/S2352340915002784,article,data-paper,True,high,"Published in Data in Brief describing a dataset/toolbox, the canonical data-paper venue.",False,200,
https://openalex.org/W2947061405,https://doi.org/10.1016/j.dib.2019.104020,https://linkinghub.elsevier.com/retrieve/pii/S2352340919303737,article,data-paper,True,high,"Published in Data in Brief with a title describing a dataset, the canonical data-paper venue.",False,200,
https://openalex.org/W4386797610,https://doi.org/10.1016/j.dib.2023.109589,https://linkinghub.elsevier.com/retrieve/pii/S2352340923006820,article,data-paper,True,high,"Published in Data in Brief describing a dataset, the canonical data-paper venue.",False,200,
https://openalex.org/W4387266539,https://doi.org/10.1016/j.dib.2023.109636,https://linkinghub.elsevier.com/retrieve/pii/S2352340923007217,article,data-paper,True,high,"Published in Data in Brief describing a dataset, the canonical data-paper venue.",False,200,
https://openalex.org/W2727767937,https://doi.org/10.1016/j.dib.2017.06.054,https://linkinghub.elsevier.com/retrieve/pii/S2352340917302986,article,data-paper,True,high,"Published in Data in Brief with title describing a dataset, the canonical data-paper venue.",False,200,
https://openalex.org/W4316035069,https://doi.org/10.1016/j.dib.2023.108905,https://linkinghub.elsevier.com/retrieve/pii/S2352340923000239,article,data-paper,True,high,"Published in Data in Brief describing a dataset of satellite broadcast messages, the canonical data-paper venue.",False,200,
https://openalex.org/W2746290260,https://doi.org/10.1038/sdata.2017.109,https://www.nature.com/articles/sdata2017109,article,data-paper,True,high,"Scientific Data descriptor titled as a curated database, describing the dataset rather than analyzing it.",False,200,
https://openalex.org/W7138303811,https://doi.org/10.1016/j.dib.2026.112673,https://linkinghub.elsevier.com/retrieve/pii/S235234092600226X,article,data-paper,True,high,"Published in Data in Brief, the canonical data-descriptor journal.",False,200,
https://openalex.org/W3030804050,https://doi.org/10.1016/j.dib.2020.105779,https://linkinghub.elsevier.com/retrieve/pii/S2352340920306739,article,data-paper,True,high,"Published in Data in Brief, a dedicated data-descriptor journal, so it is a data-paper.",False,200,
https://openalex.org/W2622729645,https://doi.org/10.1016/j.dib.2017.06.013,https://linkinghub.elsevier.com/retrieve/pii/S2352340917302573,article,data-paper,True,high,"Published in Data in Brief with title 'Data set for...' describing a dataset, the canonical data-paper venue.",False,200,
https://openalex.org/W2964246093,https://doi.org/10.1016/j.dib.2019.104195,https://linkinghub.elsevier.com/retrieve/pii/S2352340919305499,article,data-paper,True,high,"Published in Data in Brief describing dataset characteristics, the canonical data-paper venue.",False,200,
https://openalex.org/W4221053680,https://doi.org/10.1016/j.dib.2022.108095,https://linkinghub.elsevier.com/retrieve/pii/S2352340922003055,article,data-paper,True,high,"Published in Data in Brief describing a dataset, the canonical data-paper venue.",False,200,
https://openalex.org/W4282827222,https://doi.org/10.1038/s41597-022-01430-2,https://www.nature.com/articles/s41597-022-01430-2,article,data-paper,True,high,"Scientific Data descriptor titled ""...rainfall data from rain gauge networks..."" describing a dataset rather than analyzing it.",False,200,
https://openalex.org/W4417192740,https://doi.org/10.1038/s41597-025-06251-7,https://www.nature.com/articles/s41597-025-06251-7,article,data-paper,True,high,Scientific Data descriptor titled 'A Gridded Dataset' describing data collection/access marks it as a data-paper.,False,200,
https://openalex.org/W2791011223,https://doi.org/10.1016/j.dib.2018.01.038,https://linkinghub.elsevier.com/retrieve/pii/S2352340918300416,article,data-paper,True,high,"Published in Data in Brief describing NMR/CD datasets, the canonical data-paper venue.",False,200,
https://openalex.org/W2754464300,https://doi.org/10.1038/sdata.2017.128,https://www.nature.com/articles/sdata2017128,article,data-paper,True,high,"Title describes a database and venue is Scientific Data, the canonical data-descriptor journal.",False,200,
https://openalex.org/W3169943121,https://doi.org/10.1016/j.dib.2021.107229,https://linkinghub.elsevier.com/retrieve/pii/S2352340921005138,article,data-paper,True,high,"Published in Data in Brief with a dataset-descriptor title, the canonical data-paper venue.",False,200,
https://openalex.org/W3097336213,https://doi.org/10.1016/j.dib.2020.106498,https://linkinghub.elsevier.com/retrieve/pii/S2352340920313809,article,data-paper,True,high,"Published in Data in Brief with title beginning 'Dataset of...', a data descriptor venue/genre.",False,200,
https://openalex.org/W3092481993,https://doi.org/10.1016/j.dib.2020.106366,https://linkinghub.elsevier.com/retrieve/pii/S2352340920312592,article,data-paper,True,high,"Published in Data in Brief with a dataset-descriptor title, the canonical data-paper venue.",False,200,
https://openalex.org/W4411401699,https://doi.org/10.1016/j.dib.2025.111800,https://linkinghub.elsevier.com/retrieve/pii/S235234092500527X,article,data-paper,True,high,"Published in Data in Brief describing a micro-RNA expression dataset, the hallmark of a data-paper.",False,200,
https://openalex.org/W2888891829,https://doi.org/10.1016/j.dib.2018.08.176,https://linkinghub.elsevier.com/retrieve/pii/S235234091831031X,article,data-paper,True,high,"Published in Data in Brief and titled ""...: A dataset,"" a data descriptor.",False,200,
https://openalex.org/W2763023755,https://doi.org/10.1016/j.dib.2017.10.016,https://linkinghub.elsevier.com/retrieve/pii/S2352340917305334,article,data-paper,True,high,"Published in Data in Brief, a dedicated data-descriptor journal describing a dataset.",False,200,
https://openalex.org/W3071105144,https://doi.org/10.1016/j.dib.2020.106191,https://linkinghub.elsevier.com/retrieve/pii/S2352340920310854,article,data-paper,True,high,"Published in Data in Brief describing a dataset, the canonical data-paper venue.",False,200,
https://openalex.org/W4294043847,https://doi.org/10.1038/s41597-022-01648-0,https://www.nature.com/articles/s41597-022-01648-0,article,data-paper,True,high,"Genome assembly descriptor in Scientific Data, a dedicated data-descriptor journal.",False,200,
https://openalex.org/W4366754114,https://doi.org/10.1016/j.dib.2023.109174,https://linkinghub.elsevier.com/retrieve/pii/S2352340923002937,article,data-paper,True,high,"Published in Data in Brief describing life cycle inventory dataset, a data descriptor.",False,200,
https://openalex.org/W7164040670,https://doi.org/10.1016/j.dib.2026.112950,https://linkinghub.elsevier.com/retrieve/pii/S2352340926005007,article,data-paper,True,high,"Published in Data in Brief describing a dataset (DriveNet) — a data descriptor, routing to data-paper.",False,200,
https://openalex.org/W4306977115,https://doi.org/10.1016/j.dib.2022.108686,https://linkinghub.elsevier.com/retrieve/pii/S2352340922008915,article,data-paper,True,high,"Published in Data in Brief with a title describing a dataset, the canonical data-paper venue.",False,200,
https://openalex.org/W2792260323,https://doi.org/10.1016/j.dib.2018.01.101,https://linkinghub.elsevier.com/retrieve/pii/S2352340918301045,article,data-paper,True,high,"Published in Data in Brief, a dedicated data-descriptor journal.",False,200,
https://openalex.org/W4386798604,https://doi.org/10.1038/s41597-023-02502-7,https://www.nature.com/articles/s41597-023-02502-7,article,data-paper,True,high,"Published in Scientific Data describing whole-genome datasets, the canonical data-descriptor venue.",False,200,
https://openalex.org/W4414747253,https://doi.org/10.1038/s41597-025-05896-8,https://www.nature.com/articles/s41597-025-05896-8,article,data-paper,True,high,Scientific Data descriptor whose title and purpose describe a dataset rather than analyze it.,False,200,
https://openalex.org/W4403034612,https://doi.org/10.1038/s41597-024-03791-2,https://www.nature.com/articles/s41597-024-03791-2,erratum,erratum,False,high,"Title ""Author Correction:"" and dc.type=Erratum indicate a published correction notice.",False,200,
https://openalex.org/W2797939647,https://doi.org/10.1016/j.dib.2018.04.015,https://linkinghub.elsevier.com/retrieve/pii/S2352340918303664,article,data-paper,True,high,"Published in Data in Brief with title 'Data for...', the canonical data descriptor venue/genre.",False,200,
https://openalex.org/W2959550540,https://doi.org/10.1016/j.dib.2019.104276,https://linkinghub.elsevier.com/retrieve/pii/S2352340919306304,article,data-paper,True,high,"Published in Data in Brief with title describing a dataset, the canonical data-paper venue.",False,200,
https://openalex.org/W4280521658,https://doi.org/10.1038/s41597-022-01302-9,https://www.nature.com/articles/s41597-022-01302-9,article,data-paper,True,high,Scientific Data descriptor titled 'A compilation of...metagenomics' describes a dataset rather than analyzing it.,False,200,
https://openalex.org/W2887308848,https://doi.org/10.1016/j.dib.2018.08.008,https://linkinghub.elsevier.com/retrieve/pii/S2352340918308588,article,data-paper,True,high,"Published in Data in Brief describing a dataset, the canonical data-paper venue.",False,200,
https://openalex.org/W3011609924,https://doi.org/10.1016/j.dib.2020.105428,https://linkinghub.elsevier.com/retrieve/pii/S235234092030322X,article,data-paper,True,high,"Title ""Data supporting..."" published in Data in Brief, a dedicated data-descriptor journal.",False,200,
https://openalex.org/W2088336352,https://doi.org/10.1016/j.dib.2014.12.009,https://linkinghub.elsevier.com/retrieve/pii/S2352340914000390,article,data-paper,True,high,"Published in Data in Brief describing a dataset, the canonical data-paper venue.",False,200,
https://openalex.org/W2765181675,https://doi.org/10.1016/j.dib.2017.10.024,https://linkinghub.elsevier.com/retrieve/pii/S2352340917305413,article,data-paper,True,high,"Published in Data in Brief, the canonical data-descriptor journal, describing a dataset/code rather than reporting analysis.",False,200,
https://openalex.org/W4319460251,https://doi.org/10.1016/j.dib.2023.108956,https://linkinghub.elsevier.com/retrieve/pii/S2352340923000744,article,data-paper,True,high,"Published in Data in Brief describing a dataset, the canonical data-paper venue.",False,200,
https://openalex.org/W2439137807,https://doi.org/10.1016/j.dib.2016.06.003,https://linkinghub.elsevier.com/retrieve/pii/S2352340916303717,article,data-paper,True,high,"Published in Data in Brief with title describing a dataset, the canonical data-paper venue/genre.",False,200,
https://openalex.org/W4392388200,https://doi.org/10.1016/j.dib.2024.110283,https://linkinghub.elsevier.com/retrieve/pii/S235234092400252X,article,data-paper,True,high,"Published in Data in Brief, a dedicated data-descriptor journal.",False,200,
https://openalex.org/W7138945192,https://doi.org/10.1016/j.dib.2026.112700,https://linkinghub.elsevier.com/retrieve/pii/S2352340926002532,article,data-paper,True,high,"Published in Data in Brief describing a dataset, the canonical data-paper venue.",False,200,
https://openalex.org/W3116839971,https://doi.org/10.1016/j.dib.2020.106701,https://linkinghub.elsevier.com/retrieve/pii/S2352340920315808,article,data-paper,True,high,"Published in Data in Brief describing a dataset, the canonical data-paper venue.",False,200,
https://openalex.org/W2616838301,https://doi.org/10.1016/j.dib.2017.05.028,https://linkinghub.elsevier.com/retrieve/pii/S2352340917302196,article,data-paper,True,high,"Published in Data in Brief with a data-descriptor title, the canonical data-paper venue.",False,200,
https://openalex.org/W4393237530,https://doi.org/10.1016/j.dib.2024.110349,https://linkinghub.elsevier.com/retrieve/pii/S2352340924003184,article,data-paper,True,high,"Published in Data in Brief describing a transcriptome dataset, the canonical data-paper venue.",False,200,
https://openalex.org/W4324353157,https://doi.org/10.1038/s41597-023-02045-x,https://www.nature.com/articles/s41597-023-02045-x,article,data-paper,True,high,"Published in Scientific Data describing a new dataset ('A new data set of Antarctic ice shelf front positions'), the canonical data-paper venue/genre.",False,200,
https://openalex.org/W7164658411,https://doi.org/10.1038/s41597-026-07490-y,https://www.nature.com/articles/s41597-026-07490-y,article,data-paper,True,high,Scientific Data journal with a title describing a dataset places this in data-paper.,False,200,
https://openalex.org/W4381094462,https://doi.org/10.1038/s41597-023-02299-5,https://www.nature.com/articles/s41597-023-02299-5,article,data-paper,True,high,Genome assembly descriptor in Scientific Data describing a dataset rather than analyzing it.,False,200,
https://openalex.org/W4413111972,https://doi.org/10.1038/s41597-025-05662-w,https://www.nature.com/articles/s41597-025-05662-w,article,data-paper,True,high,Scientific Data descriptor describing a dataset rather than analyzing it routes to data-paper.,False,200,
https://openalex.org/W2937883277,https://doi.org/10.1038/s41597-019-0086-6,https://www.nature.com/articles/s41597-019-0086-6,article,data-paper,True,high,Published in Scientific Data describing a dataset of posterior samples rather than analyzing it.,False,200,
https://openalex.org/W4413213855,https://doi.org/10.1016/j.dib.2025.111982,https://linkinghub.elsevier.com/retrieve/pii/S2352340925007061,article,data-paper,True,high,"Published in Data in Brief describing an RGB image dataset, the canonical data-descriptor venue.",False,200,
https://openalex.org/W3017334749,https://doi.org/10.1016/j.dib.2020.105557,https://linkinghub.elsevier.com/retrieve/pii/S2352340920304510,article,data-paper,True,high,"Published in Data in Brief with a data-descriptor title, the canonical data-paper venue.",False,200,
https://openalex.org/W2266099831,https://doi.org/10.1016/j.dib.2016.01.033,https://linkinghub.elsevier.com/retrieve/pii/S2352340916000391,article,data-paper,True,high,Published in Data in Brief with title 'Data on...' describing a dataset.,False,200,
https://openalex.org/W2951293227,https://doi.org/10.1038/s41597-019-0089-3,https://www.nature.com/articles/s41597-019-0089-3,article,data-paper,True,high,"Published in Scientific Data describing dataset of migration flow estimates, the canonical data descriptor.",False,200,
https://openalex.org/W4401406727,https://doi.org/10.1016/j.dib.2024.110803,https://linkinghub.elsevier.com/retrieve/pii/S2352340924007674,article,data-paper,True,high,"Published in Data in Brief with title describing a dataset, the canonical data-descriptor venue.",False,200,
https://openalex.org/W4397001065,https://doi.org/10.1016/j.dib.2024.110540,https://linkinghub.elsevier.com/retrieve/pii/S2352340924005079,article,data-paper,True,high,"Published in Data in Brief describing dataset metadata, the canonical data-paper venue.",False,200,
https://openalex.org/W4307038251,https://doi.org/10.1016/j.dib.2022.108689,https://linkinghub.elsevier.com/retrieve/pii/S2352340922008940,article,data-paper,True,high,"Published in Data in Brief describing draft genome sequence data, a classic data descriptor.",False,200,
https://openalex.org/W3213885076,https://doi.org/10.1016/j.dib.2021.107565,https://linkinghub.elsevier.com/retrieve/pii/S2352340921008416,article,data-paper,True,high,Published in Data in Brief describing a dataset (saccadic/manual response time data).,False,200,
https://openalex.org/W2464323227,https://doi.org/10.1016/j.dib.2016.06.054,https://linkinghub.elsevier.com/retrieve/pii/S235234091630422X,article,data-paper,True,high,"Published in Data in Brief with title describing a dataset, the canonical data-descriptor venue.",False,200,
https://openalex.org/W3205674479,https://doi.org/10.1038/s41597-021-01045-z,https://www.nature.com/articles/s41597-021-01045-z,article,data-paper,True,high,Published in Scientific Data as a data descriptor of a genome assembly/genetic map dataset.,False,200,
https://openalex.org/W997872713,https://doi.org/10.1016/j.dib.2015.07.005,https://linkinghub.elsevier.com/retrieve/pii/S2352340915001249,article,data-paper,True,high,"Published in Data in Brief, a dedicated data-descriptor journal.",False,200,
https://openalex.org/W7124427401,https://doi.org/10.1038/s41597-025-06519-y,https://www.nature.com/articles/s41597-025-06519-y,article,data-paper,True,high,"Scientific Data descriptor titled ""...Dataset..."" whose purpose is to describe the dataset, routing to data-paper.",False,200,
https://openalex.org/W2803418977,https://doi.org/10.1016/j.dib.2018.05.028,https://linkinghub.elsevier.com/retrieve/pii/S2352340918305316,article,data-paper,True,high,Published in Data in Brief describing a dataset's monitoring/collection rather than analyzing results.,False,200,
https://openalex.org/W4386777334,https://doi.org/10.1016/j.dib.2023.109571,https://linkinghub.elsevier.com/retrieve/pii/S2352340923006716,article,data-paper,True,high,"Published in Data in Brief describing a dataset, the canonical data-paper venue.",False,200,
https://openalex.org/W4390727658,https://doi.org/10.1038/s41597-023-02835-3,https://www.nature.com/articles/s41597-023-02835-3,article,data-paper,True,high,"Published in Scientific Data describing a Mediterranean seawater dataset, the journal's signature data-descriptor genre.",False,200,
https://openalex.org/W4414932501,https://doi.org/10.1038/s41597-025-05911-y,https://www.nature.com/articles/s41597-025-05911-y,article,data-paper,True,high,"Published in Scientific Data describing the 3D-LAKES dataset, the hallmark of a data descriptor.",False,200,
https://openalex.org/W4384298210,https://doi.org/10.1038/s41597-023-02341-6,https://www.nature.com/articles/s41597-023-02341-6,article,data-paper,True,high,"Title describes a database deposit and venue is Scientific Data, the canonical data-descriptor journal.",False,200,
https://openalex.org/W4416918837,https://doi.org/10.1016/j.dib.2025.112329,https://linkinghub.elsevier.com/retrieve/pii/S2352340925010443,article,data-paper,True,high,"Published in Data in Brief with title starting 'Data on...', a classic data descriptor.",False,200,
https://openalex.org/W4416417440,https://doi.org/10.1016/j.dib.2025.112265,https://linkinghub.elsevier.com/retrieve/pii/S2352340925009862,article,data-paper,True,high,"Published in Data in Brief describing a dataset, the canonical data-paper venue.",False,200,
https://openalex.org/W4409260733,https://doi.org/10.1016/j.dib.2025.111550,https://linkinghub.elsevier.com/retrieve/pii/S2352340925002823,article,data-paper,True,high,"Published in Data in Brief with a title describing a dataset, the canonical data-paper venue.",False,200,
https://openalex.org/W2902118140,https://doi.org/10.1016/j.dib.2018.11.122,https://linkinghub.elsevier.com/retrieve/pii/S2352340918315154,article,data-paper,True,high,"Published in Data in Brief describing a dataset, the canonical data-paper venue.",False,200,
https://openalex.org/W4387095313,https://doi.org/10.1016/j.dib.2023.109632,https://linkinghub.elsevier.com/retrieve/pii/S2352340923007175,article,data-paper,True,high,"Published in Data in Brief describing the REHA-KNOWS study dataset, the canonical data-paper venue.",False,200,
https://openalex.org/W4405523294,https://doi.org/10.1038/s41597-024-04261-5,https://www.nature.com/articles/s41597-024-04261-5,article,data-paper,True,high,Scientific Data descriptor of a 3D morphological data collection in MorphoSource is a data-paper.,False,200,
https://openalex.org/W2810067322,https://doi.org/10.1016/j.dib.2018.06.092,https://linkinghub.elsevier.com/retrieve/pii/S2352340918307431,article,data-paper,True,high,"Published in Data in Brief with title ""Data set on..."", a data descriptor journal.",False,200,
https://openalex.org/W7164955740,https://doi.org/10.1038/s41597-026-07622-4,https://www.nature.com/articles/s41597-026-07622-4,article,data-paper,True,high,"Published in Scientific Data describing brain template datasets, the canonical data-paper venue.",False,200,
https://openalex.org/W2898088132,https://doi.org/10.1016/j.dib.2018.10.103,https://linkinghub.elsevier.com/retrieve/pii/S2352340918313209,article,data-paper,True,high,"Published in Data in Brief with a title describing dataset characterisation, the canonical data-descriptor venue.",False,200,
https://openalex.org/W4294883965,https://doi.org/10.1038/s41597-022-01637-3,https://www.nature.com/articles/s41597-022-01637-3,article,data-paper,True,high,Scientific Data journal article describing a dataset ('dataset of...' title) is a data descriptor.,False,200,
https://openalex.org/W2998402048,https://doi.org/10.1016/j.dib.2019.105083,https://linkinghub.elsevier.com/retrieve/pii/S2352340919314398,article,data-paper,True,high,"Published in Data in Brief with a title describing a dataset's features, the canonical data-paper venue.",False,200,
https://openalex.org/W3216288118,https://doi.org/10.1016/j.dib.2021.107634,https://linkinghub.elsevier.com/retrieve/pii/S2352340921009094,article,data-paper,True,high,"Published in Data in Brief with a title describing dataset (imaging, IOP, histology data), the canonical data-descriptor venue.",False,200,
https://openalex.org/W7125384262,https://doi.org/10.1038/s41597-026-06614-8,https://www.nature.com/articles/s41597-026-06614-8,article,article,False,medium,dc.type=OriginalPaper with 43 references in Scientific Data signals an original research/commentary article.,False,200,
https://openalex.org/W7128595261,https://doi.org/10.1038/s41597-026-06655-z,https://www.nature.com/articles/s41597-026-06655-z,article,data-paper,True,high,"Published in Scientific Data describing a curated genome/marker-gene resource, the hallmark of a data descriptor.",False,200,
https://openalex.org/W2936731054,https://doi.org/10.1016/j.dib.2019.103911,https://linkinghub.elsevier.com/retrieve/pii/S2352340919302628,article,data-paper,True,high,"Published in Data in Brief describing proteome dataset, a classic data descriptor.",False,200,
https://openalex.org/W7160556559,https://doi.org/10.1016/j.dib.2026.112822,https://linkinghub.elsevier.com/retrieve/pii/S2352340926003744,article,data-paper,True,high,"Published in Data in Brief with a dataset-descriptor title, the canonical data-paper venue.",False,200,
https://openalex.org/W7135381947,https://doi.org/10.1038/s41597-026-07028-2,https://www.nature.com/articles/s41597-026-07028-2,article,data-paper,True,high,"Published in Scientific Data as an OriginalPaper describing a dataset (global mapping of pH/alkalinity), the defining data-descriptor venue and content.",False,200,
https://openalex.org/W4284967317,https://doi.org/10.1016/j.dib.2022.108455,https://linkinghub.elsevier.com/retrieve/pii/S2352340922006515,article,data-paper,True,high,"Published in Data in Brief with title beginning 'Data for...', a classic data descriptor.",False,200,
https://openalex.org/W35963883,https://doi.org/10.1038/s41597-022-01613-x,https://www.nature.com/articles/s41597-022-01613-x,article,data-paper,True,high,Scientific Data descriptor titled 'The gill transcriptome of threatened European freshwater mussels' describing a sequencing dataset.,False,200,
https://openalex.org/W4253431531,https://doi.org/10.1016/j.dib.2015.06.024,https://linkinghub.elsevier.com/retrieve/pii/S2352340915001195,article,data-paper,True,high,"Title ""Data for..."" published in Data in Brief, a dedicated data-descriptor journal.",False,200,
https://openalex.org/W2992152633,https://doi.org/10.1016/j.dib.2019.104950,https://linkinghub.elsevier.com/retrieve/pii/S2352340919313058,article,data-paper,True,high,"Published in Data in Brief describing a dataset, the canonical data-paper venue.",False,200,
https://openalex.org/W2991529408,https://doi.org/10.1016/j.dib.2019.104860,https://linkinghub.elsevier.com/retrieve/pii/S2352340919312156,article,data-paper,True,high,"Published in Data in Brief describing an RNA-seq dataset, the canonical data-paper venue.",False,200,
https://openalex.org/W4416542922,https://doi.org/10.1016/j.dib.2025.112309,https://linkinghub.elsevier.com/retrieve/pii/S2352340925010285,article,data-paper,True,high,"Published in Data in Brief describing a dataset, matching the data-paper definition.",False,200,
https://openalex.org/W2991403130,https://doi.org/10.1016/j.dib.2019.104898,https://linkinghub.elsevier.com/retrieve/pii/S2352340919312533,article,data-paper,True,high,"Published in Data in Brief describing panel dataset, the hallmark of a data descriptor.",False,200,
https://openalex.org/W2910997818,https://doi.org/10.1038/sdata.2018.306,https://www.nature.com/articles/sdata2018306,article,data-paper,True,high,"Published in Scientific Data describing transcriptomic datasets, the canonical data-paper venue.",False,200,
https://openalex.org/W4389894452,https://doi.org/10.1038/s41597-023-02822-8,https://www.nature.com/articles/s41597-023-02822-8,article,data-paper,True,high,"Published in Scientific Data describing a reconstructed gridded dataset, the defining marker of a data descriptor.",False,200,
https://openalex.org/W2949782512,https://doi.org/10.1016/j.dib.2019.104117,https://linkinghub.elsevier.com/retrieve/pii/S2352340919304718,article,data-paper,True,high,Published in Data in Brief with title starting 'Data on...' describing a dataset.,False,200,
https://openalex.org/W2790899132,https://doi.org/10.1016/j.dib.2018.03.012,https://linkinghub.elsevier.com/retrieve/pii/S2352340918302166,article,data-paper,True,high,"Published in Data in Brief with a title describing dataset ('Data on...'), a hallmark data descriptor.",False,200,
https://openalex.org/W2751078796,https://doi.org/10.1016/j.dib.2017.08.037,https://linkinghub.elsevier.com/retrieve/pii/S2352340917304146,article,data-paper,True,high,Published in Data in Brief with title 'Data on identification of...' describing a dataset.,False,200,
https://openalex.org/W4391778784,https://doi.org/10.1038/s41597-024-03050-4,https://www.nature.com/articles/s41597-024-03050-4,article,data-paper,True,high,Scientific Data data descriptor describing a deposited genome dataset rather than analyzing it.,False,200,
https://openalex.org/W2899336428,https://doi.org/10.1016/j.dib.2018.10.132,https://linkinghub.elsevier.com/retrieve/pii/S2352340918313490,article,data-paper,True,high,"Published in Data in Brief with title 'Data on...' describing a dataset, the canonical data-paper venue.",False,200,
https://openalex.org/W3038079135,https://doi.org/10.1016/j.dib.2020.105933,https://linkinghub.elsevier.com/retrieve/pii/S2352340920308271,article,data-paper,True,high,"Published in Data in Brief describing a dataset, the canonical data-paper venue.",False,200,
https://openalex.org/W7125512823,https://doi.org/10.1038/s41597-026-06567-y,https://www.nature.com/articles/s41597-026-06567-y,article,data-paper,True,high,Scientific Data data descriptor describing an image dataset for phenotyping.,False,200,
https://openalex.org/W3021255722,https://doi.org/10.1016/j.dib.2020.105645,https://linkinghub.elsevier.com/retrieve/pii/S2352340920305394,article,data-paper,True,high,"Published in Data in Brief describing a dataset, the canonical data-paper venue.",False,200,
https://openalex.org/W3012448424,https://doi.org/10.1016/j.dib.2020.105376,https://linkinghub.elsevier.com/retrieve/pii/S2352340920302705,article,data-paper,True,high,"Published in Data in Brief, a dedicated data descriptor journal, making this a data-paper.",False,200,
https://openalex.org/W7140190108,https://doi.org/10.1038/s41597-026-07073-x,https://www.nature.com/articles/s41597-026-07073-x,article,data-paper,True,high,Scientific Data descriptor titled 'a whole rock geochemical dataset' describing the data rather than analyzing it.,False,200,
https://openalex.org/W4387950141,https://doi.org/10.1038/s41597-023-02625-x,https://www.nature.com/articles/s41597-023-02625-x,article,article,False,high,"dc.type=OriginalPaper with 38 references analyzing database indexing—original research, not a data descriptor despite the Scientific Data venue.",False,200,
https://openalex.org/W4402221240,https://doi.org/10.1038/s41597-024-03826-8,https://www.nature.com/articles/s41597-024-03826-8,article,data-paper,True,high,"Published in Scientific Data describing a dataset (coassembly/binning of a metagenomic time-series), the canonical data descriptor venue.",False,200,
https://openalex.org/W2901919033,https://doi.org/10.1016/j.dib.2018.11.052,https://linkinghub.elsevier.com/retrieve/pii/S2352340918314458,article,data-paper,True,high,"Published in Data in Brief with title ""Data set for..."" describing a dataset, the canonical data-paper venue.",False,200,
https://openalex.org/W4406748493,https://doi.org/10.1016/j.dib.2025.111325,https://linkinghub.elsevier.com/retrieve/pii/S2352340925000575,article,data-paper,True,high,"Published in Data in Brief describing a morphometric dataset, the canonical data-paper venue.",False,200,
https://openalex.org/W4389096966,https://doi.org/10.1016/j.dib.2023.109819,https://linkinghub.elsevier.com/retrieve/pii/S2352340923008818,article,data-paper,True,high,"Published in Data in Brief describing a dataset (questing tick quantities and environmental data), a classic data descriptor.",False,200,
https://openalex.org/W4411281963,https://doi.org/10.1038/s41597-025-05191-6,https://www.nature.com/articles/s41597-025-05191-6,article,data-paper,True,high,"Genome assembly descriptor published in Scientific Data, the canonical data-descriptor journal.",False,200,
https://openalex.org/W4214839776,https://doi.org/10.1038/s41597-022-01167-y,https://www.nature.com/articles/s41597-022-01167-y,article,data-paper,True,high,"Scientific Data data descriptor titled ""Dataset of..."" describing a dataset rather than analyzing it.",False,200,
https://openalex.org/W7129278663,https://doi.org/10.1038/s41597-026-06866-4,https://www.nature.com/articles/s41597-026-06866-4,article,data-paper,True,high,Scientific Data descriptor describing a deposited dataset is a data-paper.,False,200,
https://openalex.org/W4387167013,https://doi.org/10.1038/s41597-023-02512-5,https://www.nature.com/articles/s41597-023-02512-5,article,article,False,medium,"dc.type=OriginalPaper and title indicates original integrated analysis rather than a dataset descriptor, despite Scientific Data venue.",False,200,
https://openalex.org/W2945771368,https://doi.org/10.1016/j.dib.2019.104064,https://linkinghub.elsevier.com/retrieve/pii/S2352340919304184,article,data-paper,True,high,"Published in Data in Brief describing a dataset, the canonical data-paper venue.",False,200,
https://openalex.org/W4408504986,https://doi.org/10.1038/s41597-025-04749-8,https://www.nature.com/articles/s41597-025-04749-8,article,data-paper,True,high,"Published in Scientific Data describing a dataset (hand kinematics/sEMG), which routes to data-paper.",False,200,
https://openalex.org/W4405516732,https://doi.org/10.1038/s41597-024-04224-w,https://www.nature.com/articles/s41597-024-04224-w,article,data-paper,True,high,Scientific Data descriptor titled 'A comprehensive...dataset' describes a dataset rather than analyzing it.,False,200,
https://openalex.org/W4406250326,https://doi.org/10.1016/j.dib.2025.111298,https://linkinghub.elsevier.com/retrieve/pii/S2352340925000307,article,data-paper,True,high,"Published in Data in Brief describing a dataset, the canonical data-paper venue.",False,200,
https://openalex.org/W4220879027,https://doi.org/10.1038/s41597-022-01240-6,https://www.nature.com/articles/s41597-022-01240-6,article,data-paper,True,high,"Published in Scientific Data describing energy consumption datasets, the hallmark of a data descriptor.",False,200,
https://openalex.org/W7128292433,https://doi.org/10.1038/s41597-026-06792-5,https://www.nature.com/articles/s41597-026-06792-5,article,data-paper,True,high,"Published in Scientific Data, a data-descriptor journal, describing proteome datasets rather than analyzing them.",False,200,
https://openalex.org/W2831565380,https://doi.org/10.1016/j.dib.2018.06.121,https://linkinghub.elsevier.com/retrieve/pii/S2352340918307728,article,data-paper,True,high,"Published in Data in Brief describing a dataset (XPS data), the canonical data-paper venue.",False,200,
https://openalex.org/W2995819603,https://doi.org/10.1016/j.dib.2019.105012,https://linkinghub.elsevier.com/retrieve/pii/S235234091931368X,article,data-paper,True,high,"Title says 'Experimental datasets' and venue is Data in Brief, a data-descriptor journal.",False,200,
https://openalex.org/W2753142050,https://doi.org/10.1016/j.dib.2017.08.043,https://linkinghub.elsevier.com/retrieve/pii/S2352340917304201,article,data-paper,True,high,Published in Data in Brief describing a dataset ('Data on European non-residential buildings').,False,200,
https://openalex.org/W2973329567,https://doi.org/10.1016/j.dib.2019.104521,https://linkinghub.elsevier.com/retrieve/pii/S2352340919308765,article,data-paper,True,high,"Published in Data in Brief with a title describing a dataset, the canonical data-paper venue/genre.",False,200,
https://openalex.org/W4292756370,https://doi.org/10.1038/s41597-022-01644-4,https://www.nature.com/articles/s41597-022-01644-4,article,data-paper,True,high,"Title describes a dataset and venue is Scientific Data, a dedicated data-descriptor journal.",False,200,
https://openalex.org/W4221108422,https://doi.org/10.1038/s41597-022-01191-y,https://www.nature.com/articles/s41597-022-01191-y,article,data-paper,True,high,"Scientific Data descriptor of the COVID-19 deaths database, fitting data-paper.",False,200,
https://openalex.org/W4410921475,https://doi.org/10.1016/j.dib.2025.111739,https://linkinghub.elsevier.com/retrieve/pii/S2352340925004664,article,data-paper,True,high,"Published in Data in Brief describing a dataset, the canonical data-paper venue.",False,200,
https://openalex.org/W4396799059,https://doi.org/10.1038/s41597-024-03332-x,https://www.nature.com/articles/s41597-024-03332-x,article,data-paper,True,high,Scientific Data descriptor whose title/purpose is to describe deposited metagenomic sequences and reconstructed genomes.,False,200,
https://openalex.org/W4406120299,https://doi.org/10.1038/s41597-025-04374-5,https://www.nature.com/articles/s41597-025-04374-5,article,data-paper,True,high,Scientific Data descriptor describing a dataset for AI cervical screening routes to data-paper.,False,200,
https://openalex.org/W4405524644,https://doi.org/10.1038/s41597-024-04217-9,https://www.nature.com/articles/s41597-024-04217-9,article,data-paper,True,medium,"Published in Scientific Data, the canonical data-descriptor journal, describing a reference ontology resource rather than analyzing results.",False,200,
https://openalex.org/W2285390274,https://doi.org/10.1016/j.dib.2016.02.041,https://linkinghub.elsevier.com/retrieve/pii/S2352340916300634,article,data-paper,True,high,"Published in Data in Brief with title describing a dataset, the canonical data-paper venue.",False,200,
https://openalex.org/W4416313442,https://doi.org/10.1038/s41597-025-06070-w,https://www.nature.com/articles/s41597-025-06070-w,article,data-paper,True,high,"Genome assembly descriptor in Scientific Data, a dedicated data-descriptor journal.",False,200,
https://openalex.org/W4396813102,https://doi.org/10.1038/s41597-024-03311-2,https://www.nature.com/articles/s41597-024-03311-2,article,data-paper,True,high,"Published in Scientific Data describing an intrusion-detection dataset, the hallmark of a data descriptor/data-paper.",False,200,
https://openalex.org/W3009381650,https://doi.org/10.1038/s41597-020-0421-y,https://www.nature.com/articles/s41597-020-0421-y,article,data-paper,True,high,Scientific Data descriptor describing a population projection dataset rather than analyzing it.,False,200,
https://openalex.org/W2921499059,https://doi.org/10.1016/j.dib.2019.103741,https://linkinghub.elsevier.com/retrieve/pii/S2352340919300903,article,data-paper,True,high,"Published in Data in Brief with a title describing a dataset, the canonical data-descriptor venue.",False,200,
https://openalex.org/W4382814046,https://doi.org/10.1016/j.dib.2023.109366,https://linkinghub.elsevier.com/retrieve/pii/S2352340923004857,article,data-paper,True,high,"Published in Data in Brief describing a dataset, the canonical data-paper venue.",False,200,
https://openalex.org/W2533745074,https://doi.org/10.1016/j.dib.2016.10.009,https://linkinghub.elsevier.com/retrieve/pii/S2352340916306369,article,data-paper,True,high,"Published in Data in Brief describing a dataset (SWATH-MS data), the canonical data-paper venue.",False,200,
https://openalex.org/W4404344777,https://doi.org/10.1038/s41597-024-04078-2,https://www.nature.com/articles/s41597-024-04078-2,article,data-paper,True,high,"Published in Scientific Data and titled ""A transcriptome data set..."", a dataset descriptor rather than an analytic article.",False,200,
https://openalex.org/W2996958125,https://doi.org/10.1016/j.dib.2019.105052,https://linkinghub.elsevier.com/retrieve/pii/S2352340919314088,article,data-paper,True,high,"Published in Data in Brief with title 'Dataset on...' describing data collection, the canonical data-paper venue.",False,200,
https://openalex.org/W4398238439,https://doi.org/10.1038/s41597-024-03319-8,https://www.nature.com/articles/s41597-024-03319-8,article,data-paper,True,high,"Scientific Data descriptor describing weather datasets, matching the data-paper definition.",False,200,
https://openalex.org/W3094498574,https://doi.org/10.1016/j.dib.2020.106435,https://linkinghub.elsevier.com/retrieve/pii/S2352340920313172,article,data-paper,True,high,"Published in Data in Brief with title ""Dataset on..."", a data descriptor venue and genre.",False,200,
https://openalex.org/W3035082152,https://doi.org/10.1016/j.dib.2020.105832,https://linkinghub.elsevier.com/retrieve/pii/S2352340920307265,article,data-paper,True,high,"Published in Data in Brief describing a soils database, the canonical data-paper venue and content.",False,200,
https://openalex.org/W4323859455,https://doi.org/10.1038/s41597-023-02016-2,https://www.nature.com/articles/s41597-023-02016-2,article,data-paper,True,high,"Title describes a dataset of annotated images in Scientific Data, the canonical data-descriptor venue.",False,200,
https://openalex.org/W4385382202,https://doi.org/10.1038/s41597-023-02411-9,https://www.nature.com/articles/s41597-023-02411-9,article,data-paper,True,high,"Published in Scientific Data and titled as a dataset descriptor, the canonical data-paper venue/genre.",False,200,
https://openalex.org/W4399596102,https://doi.org/10.1016/j.dib.2024.110604,https://linkinghub.elsevier.com/retrieve/pii/S2352340924005717,article,data-paper,True,high,"Published in Data in Brief describing a dataset, the canonical data-paper venue.",False,200,
https://openalex.org/W3002789666,https://doi.org/10.1016/j.dib.2020.105167,https://linkinghub.elsevier.com/retrieve/pii/S2352340920300615,article,data-paper,True,high,"Published in Data in Brief describing a draft genome assembly dataset, matching the data-paper definition.",False,200,
https://openalex.org/W2806000187,https://doi.org/10.1016/j.dib.2018.05.139,https://linkinghub.elsevier.com/retrieve/pii/S2352340918306450,article,data-paper,True,high,"Published in Data in Brief, a dedicated data-descriptor journal, describing dataset features.",False,200,
https://openalex.org/W7124276347,https://doi.org/10.1038/s41597-026-06582-z,https://www.nature.com/articles/s41597-026-06582-z,article,data-paper,True,high,Scientific Data genome-assembly descriptor whose purpose is to describe a dataset.,False,200,
https://openalex.org/W3215716559,https://doi.org/10.1016/j.dib.2021.107637,https://linkinghub.elsevier.com/retrieve/pii/S2352340921009124,article,data-paper,True,high,"Published in Data in Brief describing survey data, the hallmark of a data-paper.",False,200,
https://openalex.org/W2977195112,https://doi.org/10.1038/s41597-019-0183-6,https://www.nature.com/articles/s41597-019-0183-6,article,data-paper,True,high,Scientific Data descriptor describing CommonMind Consortium dataset rather than analyzing results.,False,200,
https://openalex.org/W2904367364,https://doi.org/10.1016/j.dib.2018.12.049,https://linkinghub.elsevier.com/retrieve/pii/S2352340918315889,article,data-paper,True,high,"Published in Data in Brief with title describing a dataset, the canonical data-paper journal.",False,200,
https://openalex.org/W4392103691,https://doi.org/10.1038/s41597-024-03075-9,https://www.nature.com/articles/s41597-024-03075-9,article,data-paper,True,high,"Published in Scientific Data describing a dataset of fish gut contents, the canonical data-paper venue and content.",False,200,
https://openalex.org/W2799575475,https://doi.org/10.1016/j.dib.2018.04.093,https://linkinghub.elsevier.com/retrieve/pii/S2352340918304463,article,data-paper,True,high,"Published in Data in Brief with a title describing a dataset, the canonical data-paper venue.",False,200,
https://openalex.org/W2900529729,https://doi.org/10.1016/j.dib.2018.11.081,https://linkinghub.elsevier.com/retrieve/pii/S2352340918314744,article,data-paper,True,high,"Published in Data in Brief with title describing datasets, matching the data-paper definition.",False,200,
https://openalex.org/W2909279732,https://doi.org/10.1016/j.dib.2019.01.009,https://linkinghub.elsevier.com/retrieve/pii/S2352340919300101,article,data-paper,True,high,"Published in Data in Brief with a 'Data on...' descriptor title, the canonical data-paper venue.",False,200,
https://openalex.org/W4410251122,https://doi.org/10.1038/s41597-025-05083-9,https://www.nature.com/articles/s41597-025-05083-9,article,data-paper,True,high,"Title describes a dataset and the venue is Scientific Data, a data-descriptor journal.",False,200,
https://openalex.org/W4388803205,https://doi.org/10.1016/j.dib.2023.109825,https://linkinghub.elsevier.com/retrieve/pii/S2352340923008879,article,data-paper,True,high,"Published in Data in Brief describing a dataset, the canonical data-paper venue.",False,200,
https://openalex.org/W4405175671,https://doi.org/10.1016/j.dib.2024.111217,https://linkinghub.elsevier.com/retrieve/pii/S235234092401179X,article,data-paper,True,high,"Published in Data in Brief with title 'Dataset of...', a journal dedicated to data descriptors.",False,200,
https://openalex.org/W2997988897,https://doi.org/10.1016/j.dib.2019.105072,https://linkinghub.elsevier.com/retrieve/pii/S2352340919314283,article,data-paper,True,high,"Published in Data in Brief with a title describing a dataset, matching the data-paper definition.",False,200,
https://openalex.org/W4392355341,https://doi.org/10.1016/j.dib.2024.110288,https://linkinghub.elsevier.com/retrieve/pii/S2352340924002579,article,data-paper,True,high,"Published in Data in Brief describing a comprehensive dataset, the canonical data-paper venue.",False,200,
https://openalex.org/W2887787070,https://doi.org/10.1016/j.dib.2018.08.025,https://linkinghub.elsevier.com/retrieve/pii/S2352340918308758,article,data-paper,True,high,"Published in Data in Brief with title 'Data on...' describing a dataset, matching data-paper definition.",False,200,
https://openalex.org/W2886050920,https://doi.org/10.1016/j.dib.2018.08.023,https://linkinghub.elsevier.com/retrieve/pii/S2352340918308734,article,data-paper,True,high,"Published in Data in Brief with title 'Data on...', a data descriptor journal.",False,200,
https://openalex.org/W4390141722,https://doi.org/10.1016/j.dib.2023.110008,https://linkinghub.elsevier.com/retrieve/pii/S2352340923010351,article,data-paper,True,high,"Published in Data in Brief describing a dataset, the canonical data-paper venue and title.",False,200,
https://openalex.org/W3176194313,https://doi.org/10.1016/j.dib.2021.107245,https://linkinghub.elsevier.com/retrieve/pii/S2352340921005291,article,data-paper,True,high,"Published in Data in Brief describing a dataset (behavioral/self-report/hormonal data), the canonical data-paper venue.",False,200,
https://openalex.org/W4366591152,https://doi.org/10.1038/s41597-023-02145-8,https://www.nature.com/articles/s41597-023-02145-8,article,data-paper,True,high,Genome assembly descriptor published in Scientific Data describing a dataset rather than analyzing it.,False,200,
https://openalex.org/W2802856222,https://doi.org/10.1016/j.dib.2018.04.141,https://linkinghub.elsevier.com/retrieve/pii/S2352340918304943,article,data-paper,True,high,"Published in Data in Brief describing a dataset, the canonical data-paper venue.",False,200,
https://openalex.org/W4297200341,https://doi.org/10.1016/j.dib.2022.108634,https://linkinghub.elsevier.com/retrieve/pii/S235234092200840X,article,data-paper,True,high,"Published in Data in Brief describing a dataset, the canonical data-paper venue.",False,200,
https://openalex.org/W2993392114,https://doi.org/10.1016/j.dib.2020.105113,https://linkinghub.elsevier.com/retrieve/pii/S235234092030007X,article,data-paper,True,high,"Published in Data in Brief with a title describing a dataset, the canonical data-paper venue.",False,200,
https://openalex.org/W2898119147,https://doi.org/10.1016/j.dib.2018.10.066,https://linkinghub.elsevier.com/retrieve/pii/S2352340918312836,article,data-paper,True,high,Published in Data in Brief with title 'Data on...' describing a dataset rather than analyzing it.,False,200,
https://openalex.org/W4407588917,https://doi.org/10.1016/j.dib.2025.111394,https://linkinghub.elsevier.com/retrieve/pii/S235234092500126X,article,data-paper,True,high,Published in Data in Brief describing a dataset for corn leaf pest detection.,False,200,
https://openalex.org/W2946354830,https://doi.org/10.1016/j.dib.2019.104005,https://linkinghub.elsevier.com/retrieve/pii/S2352340919303580,article,data-paper,True,high,"Published in Data in Brief describing the SEOSS 33 dataset, the canonical data-descriptor venue.",False,200,
https://openalex.org/W3012672807,https://doi.org/10.1016/j.dib.2020.105461,https://linkinghub.elsevier.com/retrieve/pii/S2352340920303553,article,data-paper,True,high,"Published in Data in Brief with a title describing dataset for water footprint assessment, a classic data descriptor.",False,200,
https://openalex.org/W4319769021,https://doi.org/10.1016/j.dib.2023.108966,https://linkinghub.elsevier.com/retrieve/pii/S2352340923000847,article,data-paper,True,high,"Published in Data in Brief with a title describing a characterisation dataset, the canonical data-paper venue.",False,200,
https://openalex.org/W4415620174,https://doi.org/10.1038/s41597-025-05989-4,https://www.nature.com/articles/s41597-025-05989-4,article,data-paper,True,high,"Published in Scientific Data describing a dataset's collection and features, the canonical data-paper venue.",False,200,
https://openalex.org/W2793844156,https://doi.org/10.1016/j.dib.2018.01.098,https://linkinghub.elsevier.com/retrieve/pii/S235234091830101X,article,data-paper,True,high,"Published in Data in Brief with title 'Data on...' describing a dataset, the canonical data-paper venue.",False,200,
https://openalex.org/W2942016514,https://doi.org/10.1016/j.dib.2019.103946,https://linkinghub.elsevier.com/retrieve/pii/S2352340919302975,article,data-paper,True,high,"Published in Data in Brief with title 'Data for...', a data descriptor venue.",False,200,
https://openalex.org/W2768057248,https://doi.org/10.1016/j.dib.2017.11.017,https://linkinghub.elsevier.com/retrieve/pii/S2352340917306133,article,data-paper,True,high,"Published in Data in Brief describing a power-analysis dataset, the canonical data-paper venue.",False,200,
https://openalex.org/W2801636896,https://doi.org/10.1016/j.dib.2018.04.113,https://linkinghub.elsevier.com/retrieve/pii/S2352340918304669,article,data-paper,True,high,"Published in Data in Brief with title 'Data on...', a data descriptor journal.",False,200,
https://openalex.org/W3201077412,https://doi.org/10.1016/j.dib.2021.107393,https://linkinghub.elsevier.com/retrieve/pii/S2352340921006752,article,data-paper,True,high,"Published in Data in Brief describing a dataset ('CowNflow: A dataset...'), the canonical data-paper venue.",False,200,
https://openalex.org/W4379058485,https://doi.org/10.1038/s41597-022-01757-w,https://www.nature.com/articles/s41597-022-01757-w,article,data-paper,True,high,"Published in Scientific Data describing open science data resources from an expedition, the hallmark of a data descriptor.",False,200,
https://openalex.org/W3034988416,https://doi.org/10.1016/j.dib.2020.105843,https://linkinghub.elsevier.com/retrieve/pii/S235234092030737X,article,data-paper,True,high,"Published in Data in Brief describing a dataset, the canonical data-paper venue.",False,200,
https://openalex.org/W3206713232,https://doi.org/10.1016/j.dib.2021.107454,https://linkinghub.elsevier.com/retrieve/pii/S2352340921007368,article,data-paper,True,high,"Published in Data in Brief describing a dataset, the canonical data-paper venue.",False,200,
https://openalex.org/W4407750479,https://doi.org/10.1038/s41597-025-04619-3,https://www.nature.com/articles/s41597-025-04619-3,article,data-paper,True,high,Scientific Data descriptor whose title and purpose describe genome/transcriptome datasets rather than analyze them.,False,200,
https://openalex.org/W3162832781,https://doi.org/10.1016/j.dib.2021.107098,https://linkinghub.elsevier.com/retrieve/pii/S2352340921003826,article,data-paper,True,high,"Published in Data in Brief with title 'Survey data of...', a journal dedicated to dataset descriptors.",False,200,
https://openalex.org/W3044894169,https://doi.org/10.1016/j.dib.2020.106070,https://linkinghub.elsevier.com/retrieve/pii/S2352340920309641,article,data-paper,True,high,"Published in Data in Brief describing a genome assembly dataset, matching the data-paper definition.",False,200,
https://openalex.org/W4413422359,https://doi.org/10.1016/j.dib.2025.112003,https://linkinghub.elsevier.com/retrieve/pii/S2352340925007279,article,data-paper,True,high,"Published in Data in Brief with title describing a dataset, the canonical data descriptor venue.",False,200,
https://openalex.org/W3010690075,https://doi.org/10.1038/s41597-020-0406-x,https://www.nature.com/articles/s41597-020-0406-x,article,data-paper,True,high,Published in Scientific Data as a data descriptor describing a dataset/project rather than analyzing it.,False,200,
https://openalex.org/W3119607892,https://doi.org/10.1016/j.dib.2021.106728,https://linkinghub.elsevier.com/retrieve/pii/S2352340921000147,article,data-paper,True,high,Data in Brief catalogue descriptor describing a dataset is a data-paper.,False,200,
https://openalex.org/W7161994276,https://doi.org/10.1038/s41597-026-07421-x,https://www.nature.com/articles/s41597-026-07421-x,article,data-paper,True,high,Scientific Data journal article describing a dataset is a data descriptor (data-paper).,False,200,
https://openalex.org/W3082388585,https://doi.org/10.1016/j.dib.2020.106235,https://linkinghub.elsevier.com/retrieve/pii/S235234092031129X,article,data-paper,True,high,"Published in Data in Brief with title beginning 'Data for...', a data descriptor journal.",False,200,
https://openalex.org/W2997177419,https://doi.org/10.1016/j.dib.2019.105040,https://linkinghub.elsevier.com/retrieve/pii/S2352340919313964,article,,,,,,200,refusal
https://openalex.org/W4404278121,https://doi.org/10.1038/s41597-024-04098-y,https://www.nature.com/articles/s41597-024-04098-y,article,data-paper,True,high,"Published in Scientific Data describing a high-resolution topography dataset, the canonical data-descriptor genre.",False,200,
https://openalex.org/W2384537750,https://doi.org/10.1016/j.dib.2016.05.011,https://linkinghub.elsevier.com/retrieve/pii/S2352340916302992,article,data-paper,True,high,"Published in Data in Brief with title describing the data employed, hallmark of a data descriptor.",False,200,
https://openalex.org/W4405524074,https://doi.org/10.1038/s41597-024-04180-5,https://www.nature.com/articles/s41597-024-04180-5,article,data-paper,True,high,Published in Scientific Data as a data descriptor describing a CO2 emissions dataset.,False,200,
https://openalex.org/W4411878676,https://doi.org/10.1038/s41597-025-05426-6,https://www.nature.com/articles/s41597-025-05426-6,article,data-paper,True,high,"Published in Scientific Data describing a multi-modal dataset, the canonical data descriptor venue.",False,200,
https://openalex.org/W4385276403,https://doi.org/10.1038/s41597-023-02298-6,https://www.nature.com/articles/s41597-023-02298-6,article,article,False,high,"dc.type ""BriefCommunication"" with 63 references in Scientific Data routes to article per taxonomy (brief communications included).",False,200,
https://openalex.org/W2981692880,https://doi.org/10.1016/j.dib.2019.104694,https://linkinghub.elsevier.com/retrieve/pii/S2352340919310492,article,data-paper,True,high,"Published in Data in Brief with title describing datasets, the canonical data-paper venue.",False,200,
https://openalex.org/W4404654287,https://doi.org/10.1016/j.dib.2024.111169,https://linkinghub.elsevier.com/retrieve/pii/S2352340924011314,article,data-paper,True,high,"Published in Data in Brief describing a dataset, the canonical data-paper venue.",False,200,
https://openalex.org/W3036579500,https://doi.org/10.21105/joss.01720,https://joss.theoj.org/papers/10.21105/joss.01720,article,software-paper,True,high,"JOSS paper describing a Python module (software), routing to software-paper.",False,200,
https://openalex.org/W4386812279,https://doi.org/10.21105/joss.05621,https://joss.theoj.org/papers/10.21105/joss.05621,article,software-paper,True,high,JOSS paper describing research software (Sim-DRIFT) maps to software-paper.,False,200,
https://openalex.org/W2804877633,https://doi.org/10.21105/joss.00699,https://joss.theoj.org/papers/10.21105/joss.00699,article,software-paper,True,high,JOSS paper describing R software qicharts2 is a software descriptor.,False,200,
https://openalex.org/W4291535902,https://doi.org/10.21105/joss.04508,https://joss.theoj.org/papers/10.21105/joss.04508,article,software-paper,True,high,JOSS paper describing research software HostPhot routes to software-paper.,False,200,
https://openalex.org/W4408110138,https://doi.org/10.21105/joss.06708,https://joss.theoj.org/papers/10.21105/joss.06708,article,software-paper,True,high,JOSS paper describing an R package (validateHOT) is a software descriptor.,False,200,
https://openalex.org/W4376956867,https://doi.org/10.21105/joss.05008,https://joss.theoj.org/papers/10.21105/joss.05008,article,software-paper,True,high,JOSS paper describing a Python software package routes to software-paper.,False,200,
https://openalex.org/W3008196964,https://doi.org/10.21105/joss.01371,https://joss.theoj.org/papers/10.21105/joss.01371,article,software-paper,True,high,JOSS paper describing a research software library ('Manif') is a canonical software-paper.,False,200,
https://openalex.org/W4416265144,https://doi.org/10.21105/joss.08577,https://joss.theoj.org/papers/10.21105/joss.08577,article,software-paper,True,high,JOSS paper describing an R package qualifies as a software-paper.,False,200,
https://openalex.org/W7161625992,https://doi.org/10.21105/joss.09872,https://joss.theoj.org/papers/10.21105/joss.09872,article,software-paper,True,high,JOSS paper describing a Snakemake workflow/software is a software-paper by definition.,False,200,
https://openalex.org/W3086618852,https://doi.org/10.21105/joss.02807,https://joss.theoj.org/papers/10.21105/joss.02807,article,software-paper,True,high,JOSS paper describing the Pencil Code research software is the canonical software-paper case.,False,200,
https://openalex.org/W2950018741,https://doi.org/10.21105/joss.00167,https://joss.theoj.org/papers/10.21105/joss.00167,article,software-paper,True,high,JOSS paper describing the bíogo software toolkit fits software-paper.,False,200,
https://openalex.org/W3131501510,https://doi.org/10.1016/j.softx.2021.100674,https://linkinghub.elsevier.com/retrieve/pii/S2352711021000194,article,software-paper,True,high,"SoftwareX journal article describing the MStaT toolbox software, matching the software-paper definition.",False,200,
https://openalex.org/W4413121466,https://doi.org/10.1016/j.softx.2025.102293,https://linkinghub.elsevier.com/retrieve/pii/S2352711025002596,article,software-paper,True,high,SoftwareX article describing an R package (ggsoiltexture) is a software descriptor paper.,False,200,
https://openalex.org/W4416012105,https://doi.org/10.21105/joss.08415,https://joss.theoj.org/papers/10.21105/joss.08415,article,software-paper,True,high,JOSS paper describing an R package (HELPS) is a software-paper by definition.,False,200,
https://openalex.org/W4309075523,https://doi.org/10.1016/j.softx.2022.101239,https://linkinghub.elsevier.com/retrieve/pii/S2352711022001571,article,software-paper,True,high,SoftwareX journal article describing the ISA.jl software package fits software-paper.,False,200,
https://openalex.org/W7165556601,https://doi.org/10.1016/j.softx.2026.102834,https://linkinghub.elsevier.com/retrieve/pii/S2352711026003262,article,software-paper,True,high,"Published in SoftwareX describing a research software tool (Rhizomer-LLM), the canonical software-paper venue.",False,200,
https://openalex.org/W3092648840,https://doi.org/10.1016/j.softx.2020.100600,https://linkinghub.elsevier.com/retrieve/pii/S2352711020303137,article,software-paper,True,high,SoftwareX paper describing a software package (MJOLNIR) for neutron spectrometers.,False,200,
https://openalex.org/W4392282906,https://doi.org/10.21105/joss.05150,https://joss.theoj.org/papers/10.21105/joss.05150,article,software-paper,True,high,JOSS paper describing the DAPPER software package places this in software-paper.,False,200,
https://openalex.org/W3046976329,https://doi.org/10.21105/joss.02292,https://joss.theoj.org/papers/10.21105/joss.02292,article,software-paper,True,high,"JOSS paper describing the PySWMM software interface, the canonical software-paper venue and content.",False,200,
https://openalex.org/W2892017277,https://doi.org/10.21105/joss.00815,https://joss.theoj.org/papers/10.21105/joss.00815,article,software-paper,True,high,JOSS paper describing a software library (NeuNorm) is a software-paper by definition.,False,200,
https://openalex.org/W2514951366,https://doi.org/10.21105/joss.00051,https://joss.theoj.org/papers/10.21105/joss.00051,article,software-paper,True,high,"JOSS paper describing the rdefra software package, the canonical software-paper venue.",False,200,
https://openalex.org/W2794432899,https://doi.org/10.21105/joss.00523,https://joss.theoj.org/papers/10.21105/joss.00523,article,software-paper,True,high,JOSS paper describing an R software package routes to software-paper.,False,200,
https://openalex.org/W4206756770,https://doi.org/10.21105/joss.03979,https://joss.theoj.org/papers/10.21105/joss.03979,article,software-paper,True,high,JOSS paper describing the R package medoutcon is a software-paper.,False,200,
https://openalex.org/W4400132918,https://doi.org/10.21105/joss.06830,https://joss.theoj.org/papers/10.21105/joss.06830,article,software-paper,True,high,JOSS paper describing the sourmash software toolkit.,False,200,
https://openalex.org/W4221050925,https://doi.org/10.21105/joss.04079,https://joss.theoj.org/papers/10.21105/joss.04079,article,software-paper,True,high,JOSS paper describing a Python software application/library is a software-paper.,False,200,
https://openalex.org/W4407359692,https://doi.org/10.1016/j.softx.2025.102072,https://linkinghub.elsevier.com/retrieve/pii/S2352711025000391,article,software-paper,True,high,"Published in SoftwareX describing a research software platform, the canonical software-paper venue.",False,200,
https://openalex.org/W7124528044,https://doi.org/10.21105/joss.08871,https://joss.theoj.org/papers/10.21105/joss.08871,article,software-paper,True,high,JOSS paper describing a C++ software library routes to software-paper.,False,200,
https://openalex.org/W4387835221,https://doi.org/10.1016/j.softx.2023.101562,https://linkinghub.elsevier.com/retrieve/pii/S2352711023002583,article,software-paper,True,high,"Published in SoftwareX describing research software (ViBA Rad), the canonical software-paper venue/type.",False,200,
https://openalex.org/W4319879376,https://doi.org/10.1016/s2352-7110(23)00031-6,https://linkinghub.elsevier.com/retrieve/pii/S2352711023000316,paratext,paratext,False,high,"Title 'Editorial Board' is structural front-matter, a classic paratext record.",False,200,
https://openalex.org/W4400938943,https://doi.org/10.1016/j.softx.2024.101827,https://linkinghub.elsevier.com/retrieve/pii/S2352711024001985,article,software-paper,True,high,SoftwareX article describing the FT Xtraction software tool fits software-paper.,False,200,
https://openalex.org/W4389209330,https://doi.org/10.1016/j.softx.2023.101589,https://linkinghub.elsevier.com/retrieve/pii/S2352711023002856,article,software-paper,True,high,"Published in SoftwareX describing a MATLAB software GUI tool, the canonical software-paper venue.",False,200,
https://openalex.org/W4281485198,https://doi.org/10.21105/joss.04077,https://joss.theoj.org/papers/10.21105/joss.04077,article,software-paper,True,high,JOSS paper describing a Julia software package (QuasinormalModes.jl) fits software-paper.,False,200,
https://openalex.org/W4402564098,https://doi.org/10.1016/j.softx.2024.101876,https://linkinghub.elsevier.com/retrieve/pii/S2352711024002462,article,software-paper,True,high,SoftwareX paper describing the pyrepo-mcda software package places it in software-paper.,False,200,
https://openalex.org/W4392620905,https://doi.org/10.21105/joss.06143,https://joss.theoj.org/papers/10.21105/joss.06143,article,software-paper,True,high,JOSS paper describing the PerMetrics software framework places it in software-paper.,False,200,
https://openalex.org/W4405044863,https://doi.org/10.1016/j.softx.2024.101997,https://linkinghub.elsevier.com/retrieve/pii/S2352711024003674,article,software-paper,True,high,"SoftwareX article describing research software (URSUS_UHI), the canonical software-paper venue.",False,200,
https://openalex.org/W3190049575,https://doi.org/10.21105/joss.03457,https://joss.theoj.org/papers/10.21105/joss.03457,article,software-paper,True,high,JOSS paper describing the CutePeaks software viewer fits software-paper.,False,200,
https://openalex.org/W4294612797,https://doi.org/10.21105/joss.04644,https://joss.theoj.org/papers/10.21105/joss.04644,article,software-paper,True,high,JOSS paper describing research software for organizing/analyzing scanning probe microscopy data.,False,200,
https://openalex.org/W4405476454,https://doi.org/10.21105/joss.07244,https://joss.theoj.org/papers/10.21105/joss.07244,article,software-paper,True,high,"JOSS paper describing research software RNMC, matching software-paper definition.",False,200,
https://openalex.org/W4410643492,https://doi.org/10.21105/joss.07742,https://joss.theoj.org/papers/10.21105/joss.07742,article,software-paper,True,high,JOSS paper describing the MFrontGallery research software.,False,200,
https://openalex.org/W4399615287,https://doi.org/10.1016/j.softx.2024.101786,https://linkinghub.elsevier.com/retrieve/pii/S2352711024001572,article,software-paper,True,high,"Published in SoftwareX describing a software platform, matching the software-paper definition.",False,200,
https://openalex.org/W4306408611,https://doi.org/10.1016/j.softx.2022.101220,https://linkinghub.elsevier.com/retrieve/pii/S2352711022001388,article,software-paper,True,high,"SoftwareX article describing a Python framework (AUGMECON-Py) — a software descriptor, not a results paper.",False,200,
https://openalex.org/W4393211057,https://doi.org/10.1016/j.softx.2024.101686,https://linkinghub.elsevier.com/retrieve/pii/S2352711024000578,article,software-paper,True,high,SoftwareX article describing the PyCinemetrics software tool fits software-paper.,False,200,
https://openalex.org/W2924677567,https://doi.org/10.21105/joss.01264,https://joss.theoj.org/papers/10.21105/joss.01264,article,software-paper,True,high,JOSS paper describing a Python software package CluSim.,False,200,
https://openalex.org/W4387232490,https://doi.org/10.21105/joss.05713,https://joss.theoj.org/papers/10.21105/joss.05713,article,software-paper,True,high,JOSS paper describing a Python software library (PyDGN) is a software-paper.,False,200,
https://openalex.org/W7125190224,https://doi.org/10.1016/j.softx.2026.102522,https://linkinghub.elsevier.com/retrieve/pii/S2352711026000166,article,software-paper,True,high,"Published in SoftwareX, a dedicated software-descriptor journal, describing a software tool.",False,200,
https://openalex.org/W4409222681,https://doi.org/10.1016/j.softx.2025.102142,https://linkinghub.elsevier.com/retrieve/pii/S2352711025001098,article,software-paper,True,high,"SoftwareX article describing an open-source tool, the canonical software-paper venue and content.",False,200,
https://openalex.org/W4305013919,https://doi.org/10.21105/joss.04052,https://joss.theoj.org/papers/10.21105/joss.04052,article,software-paper,True,high,JOSS paper describing research software 'DASF' is a software-paper by definition.,False,200,
https://openalex.org/W2964267550,https://doi.org/10.21105/joss.01530,https://joss.theoj.org/papers/10.21105/joss.01530,article,software-paper,True,high,JOSS paper describing a Python software package (bioLEC) fits software-paper.,False,200,
https://openalex.org/W4415512746,https://doi.org/10.21105/joss.08334,https://joss.theoj.org/papers/10.21105/joss.08334,article,software-paper,True,high,"JOSS paper describing an interactive software tool, the canonical software-paper venue.",False,200,
https://openalex.org/W2614871542,https://doi.org/10.1016/j.softx.2017.04.005,https://linkinghub.elsevier.com/retrieve/pii/S2352711017300122,article,software-paper,True,high,"Published in SoftwareX describing a research software package (MY SIRR), the canonical software-paper venue.",False,200,
https://openalex.org/W7163758700,https://doi.org/10.1016/j.softx.2026.102769,https://linkinghub.elsevier.com/retrieve/pii/S235271102600261X,article,software-paper,True,high,SoftwareX article describing research software (AutoML pipelines) routes to software-paper.,False,200,
https://openalex.org/W4405573174,https://doi.org/10.1016/j.softx.2024.102019,https://linkinghub.elsevier.com/retrieve/pii/S2352711024003893,article,software-paper,True,high,"Published in SoftwareX describing the SARrawSim research software simulator, the canonical software-paper venue and purpose.",False,200,
https://openalex.org/W4283815790,https://doi.org/10.1016/j.softx.2022.101134,https://linkinghub.elsevier.com/retrieve/pii/S2352711022000863,article,software-paper,True,high,"Published in SoftwareX describing the CACP research software pipeline, matching software-paper definition.",False,200,
https://openalex.org/W4393942359,https://doi.org/10.21105/joss.05756,https://joss.theoj.org/papers/10.21105/joss.05756,article,software-paper,True,high,JOSS paper describing the ZOSPy research software package.,False,200,
https://openalex.org/W2746891248,https://doi.org/10.1016/j.softx.2017.10.006,https://linkinghub.elsevier.com/retrieve/pii/S2352711017300559,article,software-paper,True,high,"Published in SoftwareX describing the JDFTx software package, the canonical software-paper venue.",False,200,
https://openalex.org/W4409915255,https://doi.org/10.1016/j.softx.2025.102169,https://linkinghub.elsevier.com/retrieve/pii/S2352711025001360,article,software-paper,True,high,"SoftwareX article describing a Python package (TMEImmune), the canonical software-paper venue and content.",False,200,
https://openalex.org/W4401651855,https://doi.org/10.21105/joss.06912,https://joss.theoj.org/papers/10.21105/joss.06912,article,software-paper,True,high,JOSS paper describing research software (framework) is the canonical software-paper type.,False,200,
https://openalex.org/W2612998317,https://doi.org/10.21105/joss.00244,https://joss.theoj.org/papers/10.21105/joss.00244,article,software-paper,True,high,"JOSS software descriptor paper for the Pandarus toolkit, matching software-paper definition.",False,200,
https://openalex.org/W2900424119,https://doi.org/10.21105/joss.00667,https://joss.theoj.org/papers/10.21105/joss.00667,article,software-paper,True,high,"JOSS paper describing the ACTIN software tool, fitting the software-paper definition.",False,200,
https://openalex.org/W2921480401,https://doi.org/10.21105/joss.01244,https://joss.theoj.org/papers/10.21105/joss.01244,article,software-paper,True,high,JOSS paper describing research software (SuiteSparse website interface).,False,200,
https://openalex.org/W2897239638,https://doi.org/10.21105/joss.01035,https://joss.theoj.org/papers/10.21105/joss.01035,article,software-paper,True,high,JOSS paper describing the nasapower R software client is a software-paper.,False,200,
https://openalex.org/W7131289224,https://doi.org/10.21105/joss.09410,https://joss.theoj.org/papers/10.21105/joss.09410,article,software-paper,True,high,JOSS paper describing a C++ software library is a software-paper by definition.,False,200,
https://openalex.org/W4415754030,https://doi.org/10.1016/j.softx.2025.102432,https://linkinghub.elsevier.com/retrieve/pii/S235271102500398X,article,software-paper,True,high,SoftwareX article describing a software tool (Tool4S) matches software-paper definition.,False,200,
https://openalex.org/W3117550730,https://doi.org/10.21105/joss.02815,https://joss.theoj.org/papers/10.21105/joss.02815,article,software-paper,True,high,JOSS paper describing the 'effectsize' research software package.,False,200,
https://openalex.org/W2554216068,https://doi.org/10.1016/j.softx.2016.09.003,https://linkinghub.elsevier.com/retrieve/pii/S2352711016300310,article,software-paper,True,high,SoftwareX article describing an R package's design and use is a software-paper.,False,200,
https://openalex.org/W2992055654,https://doi.org/10.1016/j.softx.2019.100385,https://linkinghub.elsevier.com/retrieve/pii/S2352711019302523,article,software-paper,True,high,SoftwareX paper describing C++ libraries (software descriptor venue) matches software-paper.,False,200,
https://openalex.org/W4414112321,https://doi.org/10.1016/j.softx.2025.102344,https://linkinghub.elsevier.com/retrieve/pii/S2352711025003103,article,software-paper,True,high,SoftwareX article describing a Python package's design and use is a software-paper.,False,200,
https://openalex.org/W4409261114,https://doi.org/10.21105/joss.05336,https://joss.theoj.org/papers/10.21105/joss.05336,article,software-paper,True,high,JOSS paper describing a software tool (PEAT) is canonical software-paper.,False,200,
https://openalex.org/W4403717101,https://doi.org/10.21105/joss.06838,https://joss.theoj.org/papers/10.21105/joss.06838,article,software-paper,True,high,JOSS paper describing a Python software package's design and use.,False,200,
https://openalex.org/W4383895050,https://doi.org/10.21105/joss.05389,https://joss.theoj.org/papers/10.21105/joss.05389,article,software-paper,True,high,JOSS paper describing the BurnMan software toolkit is a software-paper by definition.,False,200,
https://openalex.org/W4294612836,https://doi.org/10.21105/joss.04433,https://joss.theoj.org/papers/10.21105/joss.04433,article,software-paper,True,high,"JOSS paper describing a Python software module, fitting software-paper.",False,200,
https://openalex.org/W4402234653,https://doi.org/10.21105/joss.07151,https://joss.theoj.org/papers/10.21105/joss.07151,article,software-paper,True,high,"JOSS paper describing research software (R package osmapiR), the canonical software-paper venue.",False,200,
https://openalex.org/W7125935432,https://doi.org/10.1016/j.softx.2026.102520,https://linkinghub.elsevier.com/retrieve/pii/S2352711026000142,article,software-paper,True,high,"Published in SoftwareX, a journal dedicated to research-software descriptors, describing the HuReTEx software tool.",False,200,
https://openalex.org/W4408964362,https://doi.org/10.1016/j.softx.2025.102113,https://linkinghub.elsevier.com/retrieve/pii/S2352711025000809,article,software-paper,True,high,SoftwareX article describing an open-source Python package matches software-paper definition.,False,200,
https://openalex.org/W3157879055,https://doi.org/10.1016/j.softx.2021.100700,https://linkinghub.elsevier.com/retrieve/pii/S2352711021000455,article,software-paper,True,high,SoftwareX article describing the MATVines software package fits software-paper.,False,200,
https://openalex.org/W4395038870,https://doi.org/10.21105/joss.06097,https://joss.theoj.org/papers/10.21105/joss.06097,article,software-paper,True,high,"JOSS software descriptor paper, the canonical software-paper venue.",False,200,
https://openalex.org/W4417266422,https://doi.org/10.21105/joss.09221,https://joss.theoj.org/papers/10.21105/joss.09221,article,software-paper,True,high,JOSS paper describing research software (WorMe) for C. elegans length determination.,False,200,
https://openalex.org/W7162855928,https://doi.org/10.21105/joss.09570,https://joss.theoj.org/papers/10.21105/joss.09570,article,software-paper,True,high,JOSS paper describing the COSMOS numerical relativity code is a software-paper.,False,200,
https://openalex.org/W2901256030,https://doi.org/10.21105/joss.00984,https://joss.theoj.org/papers/10.21105/joss.00984,article,software-paper,True,high,"JOSS paper describing a Python package's functionality, the canonical software-paper case.",False,200,
https://openalex.org/W7141297559,https://doi.org/10.1016/j.softx.2026.102623,https://linkinghub.elsevier.com/retrieve/pii/S2352711026001160,article,software-paper,True,high,SoftwareX article describing a research software tool (APScavenge) routes to software-paper.,False,200,
https://openalex.org/W3000754613,https://doi.org/10.1016/j.softx.2020.100409,https://linkinghub.elsevier.com/retrieve/pii/S2352711018302036,article,software-paper,True,high,"Published in SoftwareX describing the GeoRocket software package, the canonical software-paper venue.",False,200,
https://openalex.org/W4406120631,https://doi.org/10.21105/joss.06003,https://joss.theoj.org/papers/10.21105/joss.06003,article,software-paper,True,high,JOSS paper describing a Python software package (NEoST) for research use.,False,200,
https://openalex.org/W4408532348,https://doi.org/10.1016/j.softx.2025.102121,https://linkinghub.elsevier.com/retrieve/pii/S2352711025000883,article,software-paper,True,high,SoftwareX article describing a Python library is a canonical software-paper.,False,200,
https://openalex.org/W4407768923,https://doi.org/10.1016/j.softx.2025.102086,https://linkinghub.elsevier.com/retrieve/pii/S2352711025000536,article,software-paper,True,high,"Published in SoftwareX describing the Agenet software package, the canonical software-paper venue.",False,200,
https://openalex.org/W2744010716,https://doi.org/10.1016/j.softx.2017.07.003,https://linkinghub.elsevier.com/retrieve/pii/S2352711017300262,article,software-paper,True,high,SoftwareX article describing a software implementation (NetCDF version of a model) is a software descriptor.,False,200,
https://openalex.org/W2901197498,https://doi.org/10.21105/joss.01071,https://joss.theoj.org/papers/10.21105/joss.01071,article,software-paper,True,high,JOSS paper describing research software (shenfun) is the canonical software-paper case.,False,200,
https://openalex.org/W2886923060,https://doi.org/10.21105/joss.00860,https://joss.theoj.org/papers/10.21105/joss.00860,article,software-paper,True,high,JOSS paper describing the TDAstats R software package.,False,200,
https://openalex.org/W7116709548,https://doi.org/10.21105/joss.08962,https://joss.theoj.org/papers/10.21105/joss.08962,article,software-paper,True,high,JOSS paper describing the research software 'lammpsio' for handling LAMMPS particle data.,False,200,
https://openalex.org/W2995559437,https://doi.org/10.1016/j.softx.2019.100377,https://linkinghub.elsevier.com/retrieve/pii/S2352711019300354,article,software-paper,True,high,"Published in SoftwareX describing a 'Toolbox' software package, the canonical software-paper venue.",False,200,
https://openalex.org/W2982450118,https://doi.org/10.21105/joss.01776,https://joss.theoj.org/papers/10.21105/joss.01776,article,software-paper,True,high,JOSS paper describing a Python software package is the canonical software-paper type.,False,200,
https://openalex.org/W4404586710,https://doi.org/10.1016/j.softx.2024.101981,https://linkinghub.elsevier.com/retrieve/pii/S2352711024003510,article,software-paper,True,high,"Published in SoftwareX describing the R ""streetscape"" package, the canonical software-paper venue and purpose.",False,200,
https://openalex.org/W3212244530,https://doi.org/10.21105/joss.03723,https://joss.theoj.org/papers/10.21105/joss.03723,article,software-paper,True,high,JOSS paper describing a Python software package matches the software-paper definition.,False,200,
https://openalex.org/W4413267947,https://doi.org/10.21105/joss.07957,https://joss.theoj.org/papers/10.21105/joss.07957,article,software-paper,True,high,JOSS paper describing research software PolytopeWalk routes to software-paper.,False,200,
https://openalex.org/W4403716361,https://doi.org/10.21105/joss.07102,https://joss.theoj.org/papers/10.21105/joss.07102,article,software-paper,True,high,"JOSS paper describing the TSE research software code, matching the software-paper definition.",False,200,
https://openalex.org/W4414345653,https://doi.org/10.21105/joss.07971,https://joss.theoj.org/papers/10.21105/joss.07971,article,software-paper,True,high,JOSS paper describing research software (textAnnotatoR tool) is a software-paper.,False,200,
https://openalex.org/W2626567941,https://doi.org/10.1016/j.softx.2017.05.002,https://linkinghub.elsevier.com/retrieve/pii/S2352711017300146,article,software-paper,True,high,"Published in SoftwareX, a venue whose papers describe research software (here a Ruby CAS tool).",False,200,
https://openalex.org/W2885278558,https://doi.org/10.21105/joss.00829,https://joss.theoj.org/papers/10.21105/joss.00829,article,software-paper,True,high,"JOSS paper describing the pysrim research software, the canonical software-paper venue.",False,200,
https://openalex.org/W4392743020,https://doi.org/10.1016/j.softx.2024.101689,https://linkinghub.elsevier.com/retrieve/pii/S2352711024000608,article,software-paper,True,high,SoftwareX journal article describing a software tool (PyVisVue3D3) is a software-paper by definition.,False,200,
https://openalex.org/W4380629387,https://doi.org/10.21105/joss.05074,https://joss.theoj.org/papers/10.21105/joss.05074,article,software-paper,True,high,JOSS paper describing a Python software package puts it in software-paper.,False,200,
https://openalex.org/W4403115751,https://doi.org/10.1016/j.softx.2024.101918,https://linkinghub.elsevier.com/retrieve/pii/S2352711024002887,article,software-paper,True,high,SoftwareX article describing a software tool (PC-TRT) fits the software-paper definition.,False,200,
https://openalex.org/W4410538597,https://doi.org/10.1016/j.softx.2025.102202,https://linkinghub.elsevier.com/retrieve/pii/S2352711025001694,article,software-paper,True,high,SoftwareX article describing a research software tool (MultiCoCoA data collector).,False,200,
https://openalex.org/W2912161281,https://doi.org/10.21105/joss.01191,https://joss.theoj.org/papers/10.21105/joss.01191,article,software-paper,True,high,"JOSS paper describing the AxoPy Python library, the canonical software-paper venue.",False,200,
https://openalex.org/W4380204094,https://doi.org/10.21105/joss.05418,https://joss.theoj.org/papers/10.21105/joss.05418,article,software-paper,True,high,"JOSS paper describing a Shiny app software tool, the canonical software-paper venue.",False,200,
https://openalex.org/W4294591523,https://doi.org/10.21105/joss.04312,https://joss.theoj.org/papers/10.21105/joss.04312,article,software-paper,True,high,"JOSS paper describing the software Swalbe.jl, the canonical software-paper venue.",False,200,
https://openalex.org/W3028777360,https://doi.org/10.1016/j.softx.2020.100525,https://linkinghub.elsevier.com/retrieve/pii/S2352711019303401,article,software-paper,True,high,"SoftwareX article describing the sDNA research software package, the canonical software-paper venue/genre.",False,200,
https://openalex.org/W4415195515,https://doi.org/10.21105/joss.09037,https://joss.theoj.org/papers/10.21105/joss.09037,article,software-paper,True,high,JOSS paper describing research software Vizagrams.jl maps to software-paper.,False,200,
https://openalex.org/W4411639023,https://doi.org/10.21105/joss.07854,https://joss.theoj.org/papers/10.21105/joss.07854,article,software-paper,True,high,JOSS paper describing a software pipeline (Syclops) is by definition a software-paper.,False,200,
https://openalex.org/W4399497682,https://doi.org/10.1016/j.softx.2024.101783,https://linkinghub.elsevier.com/retrieve/pii/S2352711024001547,article,software-paper,True,high,SoftwareX article describing an application/software for solving minimization problems.,False,200,
https://openalex.org/W7161987687,https://doi.org/10.1016/j.softx.2026.102695,https://linkinghub.elsevier.com/retrieve/pii/S2352711026001871,article,software-paper,True,high,"SoftwareX article describing a deep-learning software tool (PSCount), the canonical software-paper venue.",False,200,
https://openalex.org/W4413274881,https://doi.org/10.21105/joss.07831,https://joss.theoj.org/papers/10.21105/joss.07831,article,software-paper,True,high,JOSS paper describing the Underworld3 research software package.,False,200,
https://openalex.org/W7131347512,https://doi.org/10.21105/joss.09531,https://joss.theoj.org/papers/10.21105/joss.09531,article,software-paper,True,high,JOSS paper describing research software 'stan-playground' for running Stan models.,False,200,
https://openalex.org/W4396764956,https://doi.org/10.21105/joss.05525,https://joss.theoj.org/papers/10.21105/joss.05525,article,software-paper,True,high,"JOSS paper describing a Python software package, the canonical software-paper venue.",False,200,
https://openalex.org/W7118549691,https://doi.org/10.1016/j.softx.2025.102495,https://linkinghub.elsevier.com/retrieve/pii/S2352711025004613,article,software-paper,True,high,"Published in SoftwareX describing the PyCompact software workflow, matching the software-paper definition.",False,200,
https://openalex.org/W3169757160,https://doi.org/10.1016/j.softx.2021.100729,https://linkinghub.elsevier.com/retrieve/pii/S2352711021000662,article,software-paper,True,high,SoftwareX article describing research software (OpenImpala solver) is a canonical software-paper.,False,200,
https://openalex.org/W4284893064,https://doi.org/10.21105/joss.04451,https://joss.theoj.org/papers/10.21105/joss.04451,article,software-paper,True,high,"JOSS paper describing a Python software library, the canonical software-paper venue.",False,200,
https://openalex.org/W7160346220,https://doi.org/10.1016/j.softx.2026.102697,https://linkinghub.elsevier.com/retrieve/pii/S2352711026001895,article,software-paper,True,high,"SoftwareX article describing the LitOrganizer software package itself, the canonical software-paper venue.",False,200,
https://openalex.org/W3004693720,https://doi.org/10.21105/joss.02026,https://joss.theoj.org/papers/10.21105/joss.02026,article,software-paper,True,high,JOSS paper describing a computational/image-processing software suite.,False,200,
https://openalex.org/W4378070248,https://doi.org/10.21105/joss.05226,https://joss.theoj.org/papers/10.21105/joss.05226,article,software-paper,True,high,JOSS paper describing an R package's design and use is a software-paper.,False,200,
https://openalex.org/W2972652503,https://doi.org/10.21105/joss.01655,https://joss.theoj.org/papers/10.21105/joss.01655,article,software-paper,True,high,JOSS paper describing a Python software package (cspy) belongs to software-paper.,False,200,
https://openalex.org/W2925118234,https://doi.org/10.21105/joss.01231,https://joss.theoj.org/papers/10.21105/joss.01231,article,software-paper,True,high,JOSS paper describing a Python software package (QMix) is a canonical software-paper.,False,200,
https://openalex.org/W4387925035,https://doi.org/10.1016/j.softx.2023.101566,https://linkinghub.elsevier.com/retrieve/pii/S2352711023002625,article,software-paper,True,high,SoftwareX article describing the MSAT research software tool fits software-paper.,False,200,
https://openalex.org/W4310063740,https://doi.org/10.1016/j.softx.2022.101243,https://linkinghub.elsevier.com/retrieve/pii/S2352711022001613,article,software-paper,True,high,SoftwareX article describing the ViroCon research software (a software descriptor venue).,False,200,
https://openalex.org/W2971618585,https://doi.org/10.1016/j.softx.2019.100316,https://linkinghub.elsevier.com/retrieve/pii/S2352711019301335,article,software-paper,True,high,SoftwareX article describing a software package (NetOnZeroDXC) rather than reporting research results.,False,200,
https://openalex.org/W3187064200,https://doi.org/10.21105/joss.03055,https://joss.theoj.org/papers/10.21105/joss.03055,article,software-paper,True,high,JOSS paper describing research software (uDALES) belongs to software-paper.,False,200,
https://openalex.org/W4399007905,https://doi.org/10.21105/joss.06589,https://joss.theoj.org/papers/10.21105/joss.06589,article,software-paper,True,high,"Published in Journal of Open Source Software (JOSS), describing research software FIGARO.",False,200,
https://openalex.org/W3083147942,https://doi.org/10.21105/joss.02431,https://joss.theoj.org/papers/10.21105/joss.02431,article,software-paper,True,high,"JOSS paper describing the pyomeca software framework, the canonical software-paper venue.",False,200,
https://openalex.org/W2897940425,https://doi.org/10.1016/j.softx.2018.09.003,https://linkinghub.elsevier.com/retrieve/pii/S2352711018301213,article,software-paper,True,high,"SoftwareX article describing the SimPrily Python framework—a software descriptor, not a results paper.",False,200,
https://openalex.org/W4321434882,https://doi.org/10.21105/joss.05054,https://joss.theoj.org/papers/10.21105/joss.05054,article,software-paper,True,high,"JOSS paper describing an R software package, matching the software-paper definition.",False,200,
https://openalex.org/W3169264697,https://doi.org/10.21105/joss.03054,https://joss.theoj.org/papers/10.21105/joss.03054,article,software-paper,True,high,"JOSS paper describing research software gmr, the canonical software-paper venue.",False,200,
https://openalex.org/W4382753147,https://doi.org/10.1016/j.softx.2023.101452,https://linkinghub.elsevier.com/retrieve/pii/S2352711023001486,article,software-paper,True,high,"Published in SoftwareX describing a software tool (JMetaBFOP), the canonical software-paper venue/genre.",False,200,
https://openalex.org/W3103068349,https://doi.org/10.21105/joss.02308,https://joss.theoj.org/papers/10.21105/joss.02308,article,software-paper,True,high,"JOSS paper describing the PypeIt pipeline software, the canonical software-paper venue.",False,200,
https://openalex.org/W4417377813,https://doi.org/10.21105/joss.09264,https://joss.theoj.org/papers/10.21105/joss.09264,article,software-paper,True,high,JOSS paper describing a research software pipeline (PyLongslit).,False,200,
https://openalex.org/W2910857869,https://doi.org/10.1016/j.softx.2019.01.007,https://linkinghub.elsevier.com/retrieve/pii/S2352711018302164,article,software-paper,True,high,"Published in SoftwareX describing the EOF-Library coupler software, the canonical software-paper venue.",False,200,
https://openalex.org/W4389802965,https://doi.org/10.1016/j.softx.2023.101617,https://linkinghub.elsevier.com/retrieve/pii/S2352711023003138,article,software-paper,True,high,"Published in SoftwareX describing a research software tool (Blink debugger), the canonical software-paper venue.",False,200,
https://openalex.org/W7162342730,https://doi.org/10.1016/j.softx.2026.102736,https://linkinghub.elsevier.com/retrieve/pii/S2352711026002281,article,software-paper,True,high,"SoftwareX article describing an open-source Python package (UPXO), the canonical software-paper venue and content.",False,200,
https://openalex.org/W4377288856,https://doi.org/10.21105/joss.05335,https://joss.theoj.org/papers/10.21105/joss.05335,article,software-paper,True,high,JOSS paper describing research software (chombo-discharge code) routes to software-paper.,False,200,
https://openalex.org/W3016520850,https://doi.org/10.1016/j.softx.2020.100613,https://linkinghub.elsevier.com/retrieve/pii/S2352711020303265,preprint,software-paper,True,high,"Published in SoftwareX describing the Pykat software package, the canonical software-paper venue.",False,200,
https://openalex.org/W3035738112,https://doi.org/10.21105/joss.02048,https://joss.theoj.org/papers/10.21105/joss.02048,article,software-paper,True,high,JOSS paper describing a Python software package's design and use.,False,200,
https://openalex.org/W3022417968,https://doi.org/10.21105/joss.02088,https://joss.theoj.org/papers/10.21105/joss.02088,article,software-paper,True,high,"JOSS paper describing the psychTestR R software package, the canonical software-paper venue.",False,200,
https://openalex.org/W3027818655,https://doi.org/10.1016/j.softx.2020.100491,https://linkinghub.elsevier.com/retrieve/pii/S2352711018302863,article,software-paper,True,high,SoftwareX journal article describing the MatlabHTM software package fits software-paper.,False,200,
https://openalex.org/W4394589571,https://doi.org/10.1016/j.softx.2024.101706,https://linkinghub.elsevier.com/retrieve/pii/S2352711024000773,article,software-paper,True,high,SoftwareX article describing the Reinforced-lib software package fits software-paper.,False,200,
https://openalex.org/W4310121749,https://doi.org/10.1016/j.softx.2022.101262,https://linkinghub.elsevier.com/retrieve/pii/S2352711022001807,article,software-paper,True,high,SoftwareX article describing the HS-Solver software package routes to software-paper.,False,200,
https://openalex.org/W2902754360,https://doi.org/10.1016/j.softx.2018.11.003,https://linkinghub.elsevier.com/retrieve/pii/S2352711018301638,article,software-paper,True,high,"SoftwareX article describing the pyBIMstab application software, the canonical software-paper venue/purpose.",False,200,
https://openalex.org/W4387925097,https://doi.org/10.1016/j.softx.2023.101563,https://linkinghub.elsevier.com/retrieve/pii/S2352711023002595,article,software-paper,True,high,SoftwareX article describing an R package (mgpr) is a software descriptor paper.,False,200,
https://openalex.org/W4392293943,https://doi.org/10.21105/joss.06096,https://joss.theoj.org/papers/10.21105/joss.06096,article,software-paper,True,high,JOSS paper describing a Python module routes to software-paper.,False,200,
https://openalex.org/W4304083992,https://doi.org/10.21105/joss.04456,https://joss.theoj.org/papers/10.21105/joss.04456,article,software-paper,True,high,JOSS paper describing a Python package's design and use is the definition of software-paper.,False,200,
https://openalex.org/W4311799508,https://doi.org/10.21105/joss.04759,https://joss.theoj.org/papers/10.21105/joss.04759,article,software-paper,True,high,JOSS paper describing the QuantNBody Python software package fits software-paper.,False,200,
https://openalex.org/W7139032251,https://doi.org/10.1016/j.softx.2026.102612,https://linkinghub.elsevier.com/retrieve/pii/S2352711026001056,article,software-paper,True,high,SoftwareX paper describing an R tool ('modular R tool for ecological risk assessment') is a software descriptor.,False,200,
https://openalex.org/W4408713538,https://doi.org/10.21105/joss.07288,https://joss.theoj.org/papers/10.21105/joss.07288,article,software-paper,True,high,JOSS paper describing a Python software package (GASTLI) is the canonical software-paper case.,False,200,
https://openalex.org/W4311798714,https://doi.org/10.21105/joss.04515,https://joss.theoj.org/papers/10.21105/joss.04515,article,software-paper,True,high,JOSS paper describing the pyndl research software package.,False,200,
https://openalex.org/W2800215529,https://doi.org/10.1016/j.softx.2018.02.002,https://linkinghub.elsevier.com/retrieve/pii/S2352711018300165,article,software-paper,True,high,"Published in SoftwareX describing research software FacetModeller, the canonical software-paper venue/purpose.",False,200,
https://openalex.org/W7140327882,https://doi.org/10.1016/j.softx.2026.102624,https://linkinghub.elsevier.com/retrieve/pii/S2352711026001172,article,software-paper,True,high,SoftwareX journal article describing an NS-3 software module is a canonical software-paper.,False,200,
https://openalex.org/W4414230349,https://doi.org/10.21105/joss.08697,https://joss.theoj.org/papers/10.21105/joss.08697,article,software-paper,True,high,"JOSS paper describing the UFig research software, which the taxonomy routes to software-paper.",False,200,
https://openalex.org/W7155387196,https://doi.org/10.21105/joss.09738,https://joss.theoj.org/papers/10.21105/joss.09738,article,software-paper,True,high,JOSS paper describing research software (aimz) is a canonical software-paper.,False,200,
https://openalex.org/W4415972038,https://doi.org/10.1016/j.softx.2025.102416,https://linkinghub.elsevier.com/retrieve/pii/S2352711025003826,article,software-paper,True,high,"SoftwareX paper describing an open-source Python framework (EmbedSLR), the canonical software-paper venue and content.",False,200,
https://openalex.org/W4388376949,https://doi.org/10.21105/joss.05996,https://joss.theoj.org/papers/10.21105/joss.05996,article,software-paper,True,high,JOSS paper describing the research software 'astartes' for dataset sampling.,False,200,
https://openalex.org/W4414517469,https://doi.org/10.1016/j.softx.2025.102364,https://linkinghub.elsevier.com/retrieve/pii/S2352711025003309,article,software-paper,True,high,SoftwareX article describing UQpy software version release is a software descriptor paper.,False,200,
https://openalex.org/W4404817496,https://doi.org/10.21105/joss.07052,https://joss.theoj.org/papers/10.21105/joss.07052,article,software-paper,True,high,JOSS paper describing research software openBURST.,False,200,
https://openalex.org/W4388334919,https://doi.org/10.1016/j.softx.2023.101575,https://linkinghub.elsevier.com/retrieve/pii/S2352711023002716,article,software-paper,True,high,SoftwareX article describing the pyrepo-mcda software package is a software-paper.,False,200,
https://openalex.org/W7135072867,https://doi.org/10.1016/j.softx.2026.102592,https://linkinghub.elsevier.com/retrieve/pii/S2352711026000865,article,software-paper,True,high,"SoftwareX article describing a software library (sheXer), the canonical software-paper venue.",False,200,
https://openalex.org/W2953440065,https://doi.org/10.1016/j.softx.2019.100259,https://linkinghub.elsevier.com/retrieve/pii/S2352711019300159,article,software-paper,True,high,"Published in SoftwareX describing the PlenoptiSign software tool, the canonical software-paper venue.",False,200,
https://openalex.org/W4304763759,https://doi.org/10.1016/j.softx.2022.101213,https://linkinghub.elsevier.com/retrieve/pii/S2352711022001315,article,software-paper,True,high,SoftwareX article describing a MATLAB-based tool (software descriptor).,False,200,
https://openalex.org/W3112019319,https://doi.org/10.21105/joss.02695,https://joss.theoj.org/papers/10.21105/joss.02695,article,software-paper,True,high,JOSS journal-article describing research software is canonical software-paper.,False,200,
https://openalex.org/W4306178278,https://doi.org/10.21105/joss.04261,https://joss.theoj.org/papers/10.21105/joss.04261,article,software-paper,True,high,JOSS paper describing the CESAR-P simulation software tool.,False,200,
https://openalex.org/W4402401795,https://doi.org/10.21105/joss.06953,https://joss.theoj.org/papers/10.21105/joss.06953,article,software-paper,True,high,JOSS paper describing a software SDK (FiLiP) routes to software-paper.,False,200,
https://openalex.org/W4366768926,https://doi.org/10.21105/joss.04149,https://joss.theoj.org/papers/10.21105/joss.04149,article,software-paper,True,high,JOSS paper describing research software HylleraasMD routes to software-paper.,False,200,
https://openalex.org/W4390650217,https://doi.org/10.21105/joss.05661,https://joss.theoj.org/papers/10.21105/joss.05661,article,software-paper,True,high,JOSS paper describing the DataScribe software module fits software-paper.,False,200,
https://openalex.org/W7160381826,https://doi.org/10.1016/j.softx.2026.102694,https://linkinghub.elsevier.com/retrieve/pii/S235271102600186X,article,software-paper,True,high,SoftwareX journal article describing research software (DrugTrace) fits software-paper definition.,False,200,
https://openalex.org/W4404627082,https://doi.org/10.21105/joss.07358,https://joss.theoj.org/papers/10.21105/joss.07358,article,software-paper,True,high,"JOSS paper describing a Python software package, the canonical software-paper venue.",False,200,
https://openalex.org/W4404258910,https://doi.org/10.1016/j.softx.2024.101959,https://linkinghub.elsevier.com/retrieve/pii/S2352711024003297,article,software-paper,True,high,SoftwareX article describing the Pynblint quality-assurance software tool fits software-paper.,False,200,
https://openalex.org/W2793055807,https://doi.org/10.21105/joss.00633,https://joss.theoj.org/papers/10.21105/joss.00633,article,software-paper,True,high,JOSS paper describing an R software package (ijtiff) is the canonical software-paper type.,False,200,
https://openalex.org/W2888355800,https://doi.org/10.21105/joss.00818,https://joss.theoj.org/papers/10.21105/joss.00818,article,software-paper,True,high,"JOSS paper describing research software (a ski jump design tool), the canonical software-paper venue.",False,200,
https://openalex.org/W3193657471,https://doi.org/10.1016/j.softx.2021.100785,https://linkinghub.elsevier.com/retrieve/pii/S2352711021000959,article,software-paper,True,high,"Published in SoftwareX describing the UGUCA research software, the canonical software-paper venue.",False,200,
https://openalex.org/W4281567460,https://doi.org/10.21105/joss.04300,https://joss.theoj.org/papers/10.21105/joss.04300,article,software-paper,True,high,JOSS paper describing the VTUFileHandler research software library.,False,200,
https://openalex.org/W4381681309,https://doi.org/10.21105/joss.04724,https://joss.theoj.org/papers/10.21105/joss.04724,article,software-paper,True,high,"JOSS paper describing the sspm R package, a canonical software-paper venue/genre.",False,200,
https://openalex.org/W3009574283,https://doi.org/10.1016/j.softx.2020.100432,https://linkinghub.elsevier.com/retrieve/pii/S235271101930322X,article,software-paper,True,high,SoftwareX article describing the BLNN R software package is a software descriptor paper.,False,200,
https://openalex.org/W2953447938,https://doi.org/10.21105/joss.01444,https://joss.theoj.org/papers/10.21105/joss.01444,article,software-paper,True,high,JOSS paper describing research software (modelDown) routes to software-paper.,False,200,
https://openalex.org/W4286213840,https://doi.org/10.21105/joss.04492,https://joss.theoj.org/papers/10.21105/joss.04492,article,software-paper,True,high,JOSS paper describing a Python software package fits software-paper definition.,False,200,
https://openalex.org/W2795316162,https://doi.org/10.21105/joss.00430,https://joss.theoj.org/papers/10.21105/joss.00430,article,software-paper,True,high,JOSS paper describing a MATLAB/Octave toolbox is a software-paper by definition.,False,200,
https://openalex.org/W2981810215,https://doi.org/10.21105/joss.01699,https://joss.theoj.org/papers/10.21105/joss.01699,article,software-paper,True,high,"JOSS paper describing the Rescal-snow software, the canonical software-paper venue.",False,200,
https://openalex.org/W2898082006,https://doi.org/10.21105/joss.00892,https://joss.theoj.org/papers/10.21105/joss.00892,article,software-paper,True,high,JOSS paper describing a software tool (YAD) routes to software-paper.,False,200,
https://openalex.org/W4283513838,https://doi.org/10.21105/joss.04354,https://joss.theoj.org/papers/10.21105/joss.04354,article,software-paper,True,high,JOSS paper describing an R package (software) rather than reporting research results.,False,200,
https://openalex.org/W4385431082,https://doi.org/10.1016/j.softx.2023.101488,https://linkinghub.elsevier.com/retrieve/pii/S235271102300184X,article,software-paper,True,high,SoftwareX article describing a software application (DLDiagnosis) routes to software-paper.,False,200,
https://openalex.org/W2754130313,https://doi.org/10.1016/j.softx.2017.08.006,https://linkinghub.elsevier.com/retrieve/pii/S2352711017300365,article,software-paper,True,high,SoftwareX journal article describing a software companion package fits software-paper definition.,False,200,
https://openalex.org/W7119804182,https://doi.org/10.1016/j.softx.2026.102511,https://linkinghub.elsevier.com/retrieve/pii/S2352711026000051,article,software-paper,True,high,"SoftwareX article describing the CIDS-Sim simulator software, the canonical software-paper venue.",False,200,
https://openalex.org/W4327911848,https://doi.org/10.1016/j.softx.2023.101370,https://linkinghub.elsevier.com/retrieve/pii/S2352711023000663,article,software-paper,True,high,SoftwareX article describing a software framework (Kunai) is a software-paper by venue and content.,False,200,
https://openalex.org/W4311053377,https://doi.org/10.21105/joss.04881,https://joss.theoj.org/papers/10.21105/joss.04881,article,software-paper,True,high,JOSS paper describing a Python software package (kep_solver) routes to software-paper.,False,200,
https://openalex.org/W4389454304,https://doi.org/10.1016/j.softx.2023.101599,https://linkinghub.elsevier.com/retrieve/pii/S2352711023002959,article,software-paper,True,high,SoftwareX article describing a Python package (pymodconn) is a software descriptor paper.,False,200,
https://openalex.org/W7128607253,https://doi.org/10.21105/joss.09011,https://joss.theoj.org/papers/10.21105/joss.09011,article,software-paper,True,high,JOSS paper describing a Python research software library is a software-paper.,False,200,
https://openalex.org/W3209754817,https://doi.org/10.21105/joss.03786,https://joss.theoj.org/papers/10.21105/joss.03786,article,software-paper,True,high,JOSS paper describing the robustHD R software package fits software-paper exactly.,False,200,
https://openalex.org/W7163184596,https://doi.org/10.21105/joss.09736,https://joss.theoj.org/papers/10.21105/joss.09736,article,software-paper,True,high,"JOSS paper describing a Python research software tool, the canonical software-paper venue.",False,200,
https://openalex.org/W7161856153,https://doi.org/10.1016/j.softx.2026.102717,https://linkinghub.elsevier.com/retrieve/pii/S2352711026002098,article,software-paper,True,high,"Published in SoftwareX describing a software toolchain, the canonical software-paper venue.",False,200,
https://openalex.org/W7128686130,https://doi.org/10.1016/j.softx.2026.102541,https://linkinghub.elsevier.com/retrieve/pii/S235271102600035X,article,software-paper,True,high,SoftwareX article describing an R package's design and use is a canonical software-paper.,False,200,
https://openalex.org/W4394710101,https://doi.org/10.1016/j.softx.2024.101724,https://linkinghub.elsevier.com/retrieve/pii/S2352711024000955,article,software-paper,True,high,SoftwareX article describing the pyfao56 Python software package matches the software-paper definition.,False,200,
https://openalex.org/W4408023613,https://doi.org/10.1016/j.softx.2025.102107,https://linkinghub.elsevier.com/retrieve/pii/S2352711025000743,article,software-paper,True,high,"SoftwareX article describing research software (""classification software for 3D models"") fits software-paper.",False,200,
https://openalex.org/W2744249012,https://doi.org/10.21105/joss.00332,https://joss.theoj.org/papers/10.21105/joss.00332,article,software-paper,True,high,"JOSS paper describing a Python software package (coco), the canonical software-paper venue.",False,200,
https://openalex.org/W4360609974,https://doi.org/10.1016/j.softx.2023.101368,https://linkinghub.elsevier.com/retrieve/pii/S235271102300064X,article,software-paper,True,high,SoftwareX article describing the pymcdm software library is a canonical software-paper.,False,200,
https://openalex.org/W4403746314,https://doi.org/10.1016/j.softx.2024.101941,https://linkinghub.elsevier.com/retrieve/pii/S235271102400311X,article,software-paper,True,high,SoftwareX article describing a software tool (AISLE) is by definition a software-paper.,False,200,
https://openalex.org/W4283018452,https://doi.org/10.1016/j.softx.2022.101120,https://linkinghub.elsevier.com/retrieve/pii/S2352711022000796,article,software-paper,True,high,"SoftwareX journal article describing research software (irs-partition), the canonical software-paper venue.",False,200,
https://openalex.org/W2766350100,https://doi.org/10.21105/joss.00426,https://joss.theoj.org/papers/10.21105/joss.00426,article,software-paper,True,high,JOSS journal paper describing research software (Singularity Registry) maps to software-paper.,False,200,
https://openalex.org/W2990258200,https://doi.org/10.1136/archdischild-2019-gosh.3,https://doi.org/10.1136/archdischild-2019-gosh.3,article,conference-abstract,True,high,"Container ""Abstracts"" with 0 refs and supplement page A1.3-A2 in a meeting supplement indicates an abstract-only record.",False,403,
https://openalex.org/W4285497221,https://doi.org/10.1149/ma2022-012408mtgabs,"https://validate.perfdrive.com/fb803c746e9148689b3984a31fccd902/?ssa=dec9293a-0088-4590-aafa-d917b08b625f&ssb=92394268913&ssc=https%3A%2F%2Fiopscience.iop.org%2Farticle%2F10.1149%2FMA2022-012408mtgabs&ssi=95203a7a-cnvj-4e17-9785-0c3d7e7be1a2&ssk=botmanager_support@radware.com&ssm=64930391021678304102616875798247&ssn=547cb6c003b048b1d28ab0fcb601a29c58d2946c21a9-88a6-43bb-9a6645&sso=fe780ef9-9d4da2b082217718064a62445683b1f2a41a78c90ab3e96b&ssp=40130860921782852839178283380191209&ssq=34348523291157544189432911068901443592138&ssr=NzUuNDkuMTI1LjIwOQ==&sst=Mozilla/5.0%20(Macintosh;%20Intel%20Mac%20OS%20X%2010_15_7)%20AppleWebKit/537.36%20(KHTML,%20like%20Gecko)%20Chrome/124.0%20Safari/537.36&ssu=&ssv=&ssw=&ssx=eyJfX3V6bWYiOiI3ZjkwMDA5NDZjMjFhOS04OGE2LTQzYmItOWVmOS05ZDRkYTJiMDgyMjExLTE3ODI4MzI5MTE5MjAwLTAwNDU0NWU2YzVmYjU3YTFiM2YxMCIsInV6bXgiOiI3ZjkwMDBkNWEzNjBiYy1kNmFkLTQ4N2QtOTI2My0zMmQ1M2NlMGY4MzExLTE3ODI4MzI5MTE5MjAwLTI1ODZlYjdmM2VmOTQwMTExMCIsInJkIjoiaW9wLm9yZyJ9",article,conference-abstract,True,high,"Published in ECS Meeting Abstracts on a single page (408-408), a meeting-abstract venue.",False,200,
https://openalex.org/W4246021750,https://doi.org/10.1149/ma2019-01/31/1641,"https://validate.perfdrive.com/fb803c746e9148689b3984a31fccd902/?ssa=dbbe8b28-5ac9-42a3-a90e-c37792d4be12&ssb=92394268913&ssc=https%3A%2F%2Fiopscience.iop.org%2Farticle%2F10.1149%2FMA2019-01%2F31%2F1641&ssi=2c76c159-cnvj-41a0-b653-f381700dd565&ssk=botmanager_support@radware.com&ssm=64930391021678304102616875798247&ssn=547cb6c088c20beee5d92a1e8c7ca29c58d27ba133dc-6640-4fe7-ba6645&sso=fe78091e-ef972a2f85327718064a1928b1a37bbedb9a99ec0ab3e96b&ssp=40130860921782852839178283380191209&ssq=34348523291157544189432911068901443592138&ssr=NzUuNDkuMTI1LjIwOQ==&sst=Mozilla/5.0%20(Macintosh;%20Intel%20Mac%20OS%20X%2010_15_7)%20AppleWebKit/537.36%20(KHTML,%20like%20Gecko)%20Chrome/124.0%20Safari/537.36&ssu=&ssv=&ssw=&ssx=eyJfX3V6bWYiOiI3ZjkwMDA3YmExMzNkYy02NjQwLTRmZTctYjkxZS1lZjk3MmEyZjg1MzIxLTE3ODI4MzI5MTE4MjgwLTAwNGFmNzU4ZDY0MmM4N2NkNDkxMCIsInJkIjoiaW9wLm9yZyIsInV6bXgiOiI3ZjkwMDBhYmIzMjM4ZS1jOWU3LTQyZWEtYWMxYy1iMzkxY2EzOWQxMzcxLTE3ODI4MzI5MTE4MjgwLWZiODMyZmFiNDk3ZjJlNjUxMCJ9",article,conference-abstract,True,high,ECS Meeting Abstracts venue with single-page (1641-1641) and 0 references indicates an abstract-only meeting record.,False,200,
https://openalex.org/W4412541226,https://doi.org/10.1149/ma2025-01602846mtgabs,"https://validate.perfdrive.com/fb803c746e9148689b3984a31fccd902/?ssa=94a54011-c054-4d90-b411-e8fe6e92fc88&ssb=92394268913&ssc=https%3A%2F%2Fiopscience.iop.org%2Farticle%2F10.1149%2FMA2025-01602846mtgabs&ssi=38770749-cnvj-4d85-85f0-89bdb1778b82&ssk=botmanager_support@radware.com&ssm=64930391021678304102616875798247&ssn=547cb6c0c81acd141e0a886aafd9a29c58d299cd82d0-0798-4fc2-ba6645&sso=fe78020b-15a4434a819d7718064a9c70b2b3725381524be20ab3e96b&ssp=40130860921782852839178283380191209&ssq=34348523291157544189432911068901443592138&ssr=NzUuNDkuMTI1LjIwOQ==&sst=Mozilla/5.0%20(Macintosh;%20Intel%20Mac%20OS%20X%2010_15_7)%20AppleWebKit/537.36%20(KHTML,%20like%20Gecko)%20Chrome/124.0%20Safari/537.36&ssu=&ssv=&ssw=&ssx=eyJ1em14IjoiN2Y5MDAwNTA3OTZkZjgtODM2ZS00YjQ5LWE1YzctN2U5MGNjYWFhM2VlMS0xNzgyODMyOTExODI5MC1kNDU4OTQ3NTBhOTcxZjQ3MTAiLCJfX3V6bWYiOiI3ZjkwMDA5OWNkODJkMC0wNzk4LTRmYzItYjIwYi0xNWE0NDM0YTgxOWQxLTE3ODI4MzI5MTE4MjkwLTAwNDM3YTcyNTI5NTdiNWYzNjkxMCIsInJkIjoiaW9wLm9yZyJ9",article,conference-abstract,True,high,ECS Meeting Abstracts venue with single-page (2846-2846) and 0 references indicates a meeting abstract.,False,200,
https://openalex.org/W2649730832,https://doi.org/10.1149/ma2006-01/13/560,"https://validate.perfdrive.com/fb803c746e9148689b3984a31fccd902/?ssa=b08fb13b-082f-4fb4-86f3-5e63c5823d40&ssb=92394268913&ssc=https%3A%2F%2Fiopscience.iop.org%2Farticle%2F10.1149%2FMA2006-01%2F13%2F560&ssi=82dbb9eb-cnvj-4a33-87a7-6d8ea2a97113&ssk=botmanager_support@radware.com&ssm=64930391021678304102616875798247&ssn=547cb6c0f4b89dae9858436844c8a29c58d2ad81d2f1-1cad-46bd-9a6645&sso=fe780c61-469db43c01c67718064aff8991600dfbd7687e640ab3e96b&ssp=40130860921782852839178283380191209&ssq=34348523291157544189432911068901443592138&ssr=NzUuNDkuMTI1LjIwOQ==&sst=Mozilla/5.0%20(Macintosh;%20Intel%20Mac%20OS%20X%2010_15_7)%20AppleWebKit/537.36%20(KHTML,%20like%20Gecko)%20Chrome/124.0%20Safari/537.36&ssu=&ssv=&ssw=&ssx=eyJyZCI6ImlvcC5vcmciLCJ1em14IjoiN2Y5MDAwMjRmOTA0MTktYmY2Yy00YThkLTg5YWYtNDFlMzA5ZmIzOGVjMS0xNzgyODMyOTExOTU5MC1jNmZjMjEzMGZmOTZkNjlhMTAiLCJfX3V6bWYiOiI3ZjkwMDBhZDgxZDJmMS0xY2FkLTQ2YmQtOWM2MS00NjlkYjQzYzAxYzYxLTE3ODI4MzI5MTE5NTkwLTAwNGIzZWE5YTFkNTQ3NGQyZGQxMCJ9",article,conference-abstract,True,high,ECS Meeting Abstracts venue with single-page (560-560) and 0 references indicates an abstract-only meeting record.,False,200,
https://openalex.org/W4386853483,https://doi.org/10.1149/ma2023-01372125mtgabs,"https://validate.perfdrive.com/fb803c746e9148689b3984a31fccd902/?ssa=7aa394a0-e7a1-4c0c-91d9-8978290d5a61&ssb=32031220760&ssc=https%3A%2F%2Fiopscience.iop.org%2Farticle%2F10.1149%2FMA2023-01372125mtgabs&ssi=1fcdcd86-cnvj-4819-8782-31ef11085f04&ssk=botmanager_support@radware.com&ssm=01622785359171294107583342453378&ssn=c27593bd31c3c07e4571bb9f9f91cbf43e23f5b24de7-5f4f-4644-956b66&sso=0de49f67-1c1cb68643088df41a64b9bc4a4a70d3cb0d7b6607e412ab&ssp=61367074131782809550178280874570797&ssq=46760843291246342450732912228094806533099&ssr=NzUuNDkuMTI1LjIwOQ==&sst=Mozilla/5.0%20(Macintosh;%20Intel%20Mac%20OS%20X%2010_15_7)%20AppleWebKit/537.36%20(KHTML,%20like%20Gecko)%20Chrome/124.0%20Safari/537.36&ssu=&ssv=&ssw=&ssx=eyJ1em14IjoiN2Y5MDAwNTRiYTNiNmUtMzQwMy00NjM3LTgzMjctODAyNGE4ZGU3N2ZlMS0xNzgyODMyOTEyMDkyMC02NjQ5N2U1YTFiNjcyODZiMTAiLCJfX3V6bWYiOiI3ZjkwMDBmNWIyNGRlNy01ZjRmLTQ2NDQtOWY2Ny0xYzFjYjY4NjQzMDgxLTE3ODI4MzI5MTIwOTIwLTAwNDVlYzJhMjkwZDFlZGIwNDYxMCIsInJkIjoiaW9wLm9yZyJ9",article,conference-abstract,True,high,ECS Meeting Abstracts venue with single-page record and zero references indicates a meeting abstract.,False,200,
https://openalex.org/W3118014110,https://doi.org/10.1149/ma2020-02201582mtgabs,"https://validate.perfdrive.com/fb803c746e9148689b3984a31fccd902/?ssa=d24a1550-b760-47b1-8749-7a7b9104f828&ssb=32031220760&ssc=https%3A%2F%2Fiopscience.iop.org%2Farticle%2F10.1149%2FMA2020-02201582mtgabs&ssi=6d0a32f0-cnvj-45be-b65a-4e836e0251c2&ssk=botmanager_support@radware.com&ssm=01622785359171294107583342453378&ssn=c27593bdfcc8e719990e654941ddcbf43e2302973c9e-13a7-4fb6-956b66&sso=0de49341-144ffacaee888df41a64d8dbdf967379e188247807e412ab&ssp=61367074131782809550178280874570797&ssq=46760843291246342450732912228094806533099&ssr=NzUuNDkuMTI1LjIwOQ==&sst=Mozilla/5.0%20(Macintosh;%20Intel%20Mac%20OS%20X%2010_15_7)%20AppleWebKit/537.36%20(KHTML,%20like%20Gecko)%20Chrome/124.0%20Safari/537.36&ssu=&ssv=&ssw=&ssx=eyJ1em14IjoiN2Y5MDAwMTdmZDIyZGMtODQ3YS00YTQyLThhZWQtYTNkZjZmMjI1NzdlMS0xNzgyODMyOTEyMDEyMC1lZGFmYzhhMTYwZDk2ZmZkMTAiLCJfX3V6bWYiOiI3ZjkwMDAwMjk3M2M5ZS0xM2E3LTRmYjYtOTM0MS0xNDRmZmFjYWVlODgxLTE3ODI4MzI5MTIwMTIwLTAwNGNlNGZmOWIxZjVjYTljMGUxMCIsInJkIjoiaW9wLm9yZyJ9",article,conference-abstract,True,high,ECS Meeting Abstracts venue with single-page (1582-1582) and 0 references indicates a meeting abstract.,False,200,
https://openalex.org/W4401696272,https://doi.org/10.1149/ma2024-015725mtgabs,"https://validate.perfdrive.com/fb803c746e9148689b3984a31fccd902/?ssa=20206562-6003-4f1e-93d7-a3c424dc7ebe&ssb=92394268913&ssc=https%3A%2F%2Fiopscience.iop.org%2Farticle%2F10.1149%2FMA2024-015725mtgabs&ssi=3b4a576d-cnvj-4288-9637-7ea802e99440&ssk=botmanager_support@radware.com&ssm=64930391021678304102616875798247&ssn=547cb6c0068a062a2bafdc3b44a1a29c58d2466ea408-2893-4b42-aa6645&sso=fe780108-b73b0726b7437718064a7de662789cdebf3c9cde0ab3e96b&ssp=40130860921782852839178283380191209&ssq=34348523291157544189432911068901443592138&ssr=NzUuNDkuMTI1LjIwOQ==&sst=Mozilla/5.0%20(Macintosh;%20Intel%20Mac%20OS%20X%2010_15_7)%20AppleWebKit/537.36%20(KHTML,%20like%20Gecko)%20Chrome/124.0%20Safari/537.36&ssu=&ssv=&ssw=&ssx=eyJ1em14IjoiN2Y5MDAwMTk1YWJmNDItMDUzMC00OThjLWI4MTQtMGFkZGM4M2IyZDUxMS0xNzgyODMyOTExOTIwMC0zZWQ3ZWVmMjk0YTg2ODJiMTAiLCJfX3V6bWYiOiI3ZjkwMDA0NjZlYTQwOC0yODkzLTRiNDItYTEwOC1iNzNiMDcyNmI3NDMxLTE3ODI4MzI5MTE5MjAwLTAwNDZhY2M3MDM2YzkzMDlkNjYxMCIsInJkIjoiaW9wLm9yZyJ9",article,conference-abstract,True,high,ECS Meeting Abstracts venue with single-page (725-725) and 0 references signals an abstract-only meeting record.,False,200,
https://openalex.org/W4391639575,https://doi.org/10.1149/ma2023-0283337mtgabs,"https://validate.perfdrive.com/fb803c746e9148689b3984a31fccd902/?ssa=d3357619-a4c4-49d1-9c20-504526e93b41&ssb=92394268913&ssc=https%3A%2F%2Fiopscience.iop.org%2Farticle%2F10.1149%2FMA2023-0283337mtgabs&ssi=e28792db-cnvj-46f2-b702-de3075d05494&ssk=botmanager_support@radware.com&ssm=64930391021678304102616875798247&ssn=547cb6c04da21c12ea954e8a08f2a29c58d2f1b0104b-343b-4c7c-ba6645&sso=fe780da7-f1676890ee167718064aebcf13ccebfe9f00d9e00ab3e96b&ssp=40130860921782852839178283380191209&ssq=34348523291157544189432911068901443592138&ssr=NzUuNDkuMTI1LjIwOQ==&sst=Mozilla/5.0%20(Macintosh;%20Intel%20Mac%20OS%20X%2010_15_7)%20AppleWebKit/537.36%20(KHTML,%20like%20Gecko)%20Chrome/124.0%20Safari/537.36&ssu=&ssv=&ssw=&ssx=eyJfX3V6bWYiOiI3ZjkwMDBmMWIwMTA0Yi0zNDNiLTRjN2MtYmRhNy1mMTY3Njg5MGVlMTYxLTE3ODI4MzI5MTE4OTYwLTAwNDYzNDc3MDlkYzY5Y2MzNTAxMCIsInV6bXgiOiI3ZjkwMDAyYjFiMmFmYi0yNWIwLTQyZTYtOTRhNy1kODU4YjE2OTk3OTYxLTE3ODI4MzI5MTE4OTYwLWYzZmE2ZGFkZmQ4MGVlM2MxMCIsInJkIjoiaW9wLm9yZyJ9",article,conference-abstract,True,high,ECS Meeting Abstracts venue with single-page record and zero references indicates an abstract-only meeting record.,False,200,
https://openalex.org/W2594638805,https://doi.org/10.1149/ma2007-01/11/510,"https://validate.perfdrive.com/fb803c746e9148689b3984a31fccd902/?ssa=d1f0d2c3-ea5a-44d5-a4d4-f9d742d730b1&ssb=32031220760&ssc=https%3A%2F%2Fiopscience.iop.org%2Farticle%2F10.1149%2FMA2007-01%2F11%2F510&ssi=ef12e65b-cnvj-4646-8456-0cfae43d1fc3&ssk=botmanager_support@radware.com&ssm=01622785359171294107583342453378&ssn=c27593bd6ecf551bf4fe8d9cb3d8cbf43e23551b62ad-3acd-4bb1-956b66&sso=0de493af-eac78946bf748df41a64da66a655db9b30c3304e07e412ab&ssp=61367074131782809550178280874570797&ssq=46760843291246342450732912228094806533099&ssr=NzUuNDkuMTI1LjIwOQ==&sst=Mozilla/5.0%20(Macintosh;%20Intel%20Mac%20OS%20X%2010_15_7)%20AppleWebKit/537.36%20(KHTML,%20like%20Gecko)%20Chrome/124.0%20Safari/537.36&ssu=&ssv=&ssw=&ssx=eyJfX3V6bWYiOiI3ZjkwMDA1NTFiNjJhZC0zYWNkLTRiYjEtOTNhZi1lYWM3ODk0NmJmNzQxLTE3ODI4MzI5MTIwNTQwLTAwNDQ0NWI3MjBjMTBjZjY2NDMxMCIsInV6bXgiOiI3ZjkwMDA1N2E3ZDk0My1kMWE2LTQ3MWMtOTM1Ni00ODllM2FjNzdmODcxLTE3ODI4MzI5MTIwNTQwLTFjYjZjOGE0NjZiMzQwNjcxMCIsInJkIjoiaW9wLm9yZyJ9",article,conference-abstract,True,high,Venue 'ECS Meeting Abstracts' with single-page (510-510) and zero references indicates a meeting abstract.,False,200,
https://openalex.org/W4233334423,https://doi.org/10.1149/ma2012-02/17/1987,"https://validate.perfdrive.com/fb803c746e9148689b3984a31fccd902/?ssa=cdc8dac2-5c29-4c79-bf8f-11929930d1e0&ssb=32031220760&ssc=https%3A%2F%2Fiopscience.iop.org%2Farticle%2F10.1149%2FMA2012-02%2F17%2F1987&ssi=e675087c-cnvj-4002-a654-eaebdbc67c35&ssk=botmanager_support@radware.com&ssm=01622785359171294107583342453378&ssn=c27593bdd421fa34cfb2bc0072b3cbf43e2302412801-fc36-4794-b56b66&sso=0de4942d-fb023cffee668df41a64c3388636fb7dc4cd9ccc07e412ab&ssp=61367074131782809550178280874570797&ssq=46760843291246342450732912228094806533099&ssr=NzUuNDkuMTI1LjIwOQ==&sst=Mozilla/5.0%20(Macintosh;%20Intel%20Mac%20OS%20X%2010_15_7)%20AppleWebKit/537.36%20(KHTML,%20like%20Gecko)%20Chrome/124.0%20Safari/537.36&ssu=&ssv=&ssw=&ssx=eyJyZCI6ImlvcC5vcmciLCJ1em14IjoiN2Y5MDAwNGFjYzE4NmYtMGZjNS00MzhhLWI5OWYtMzM2OTBlM2QyOTdmMS0xNzgyODMyOTEyMTEwMC04ZTU3MDY5ZWFhZjMzY2U4MTAiLCJfX3V6bWYiOiI3ZjkwMDAwMjQxMjgwMS1mYzM2LTQ3OTQtYjQyZC1mYjAyM2NmZmVlNjYxLTE3ODI4MzI5MTIxMTAwLTAwNDc2MTVhYjE0YmI5NzMzMDMxMCJ9",article,conference-abstract,True,high,Venue 'ECS Meeting Abstracts' with single-page (1987-1987) and 0 references indicates a meeting abstract.,False,200,
https://openalex.org/W2605384253,https://doi.org/10.1149/ma2007-01/17/824,"https://validate.perfdrive.com/fb803c746e9148689b3984a31fccd902/?ssa=7183e20d-26b2-4e66-b2a1-684a0920525e&ssb=32031220760&ssc=https%3A%2F%2Fiopscience.iop.org%2Farticle%2F10.1149%2FMA2007-01%2F17%2F824&ssi=bd5b3f6e-cnvj-4d68-b269-9d7187561a09&ssk=botmanager_support@radware.com&ssm=01622785359171294107583342453378&ssn=c27593bde276dd6f37bd6674c9b2cbf43e23812a8e75-6f32-4c16-b56b66&sso=0de490dd-2048290588c38df41a64a9384d30fe72d93e324407e412ab&ssp=61367074131782809550178280874570797&ssq=46760843291246342450732912228094806533099&ssr=NzUuNDkuMTI1LjIwOQ==&sst=Mozilla/5.0%20(Macintosh;%20Intel%20Mac%20OS%20X%2010_15_7)%20AppleWebKit/537.36%20(KHTML,%20like%20Gecko)%20Chrome/124.0%20Safari/537.36&ssu=&ssv=&ssw=&ssx=eyJ1em14IjoiN2Y5MDAwYTY3MjNkYmYtYWMyMC00NDcxLTg3OWItYmFlZjk0MDNkYmUzMS0xNzgyODMyOTEyMDI1MC1mYmQ3OTc2MTk4MGI1MWRlMTAiLCJfX3V6bWYiOiI3ZjkwMDA4MTJhOGU3NS02ZjMyLTRjMTYtYjBkZC0yMDQ4MjkwNTg4YzMxLTE3ODI4MzI5MTIwMjUwLTAwNGQ1ZDYzMzllOTM2NThlZDQxMCIsInJkIjoiaW9wLm9yZyJ9",article,conference-abstract,True,high,Venue 'ECS Meeting Abstracts' with single-page (824-824) and 0 references indicates an abstract-only meeting record.,False,200,
https://openalex.org/W3117394988,https://doi.org/10.1149/ma2020-02663351mtgabs,"https://validate.perfdrive.com/fb803c746e9148689b3984a31fccd902/?ssa=c96bb1f5-e141-4ba5-9b23-85366dbaa81d&ssb=32031220760&ssc=https%3A%2F%2Fiopscience.iop.org%2Farticle%2F10.1149%2FMA2020-02663351mtgabs&ssi=9bb5a0c3-cnvj-4c00-9f7e-8aa3b0b6f7b4&ssk=botmanager_support@radware.com&ssm=01622785359171294107583342453378&ssn=c27593bd85efdf998d21e3278161cbf43e2322a4ce50-92b8-4144-856b66&sso=0de493b9-bd7bad21d31b8df41a64d3426a5857f197ef7cc507e412ab&ssp=61367074131782809550178280874570797&ssq=46760843291246342450732912228094806533099&ssr=NzUuNDkuMTI1LjIwOQ==&sst=Mozilla/5.0%20(Macintosh;%20Intel%20Mac%20OS%20X%2010_15_7)%20AppleWebKit/537.36%20(KHTML,%20like%20Gecko)%20Chrome/124.0%20Safari/537.36&ssu=&ssv=&ssw=&ssx=eyJyZCI6ImlvcC5vcmciLCJfX3V6bWYiOiI3ZjkwMDAyMmE0Y2U1MC05MmI4LTQxNDQtODNiOS1iZDdiYWQyMWQzMWIxLTE3ODI4MzI5MTIzMDQwLTAwNDIyMDMxZWQ2YjI2YjhlN2YxMCIsInV6bXgiOiI3ZjkwMDAzMjQyNDIwYi1hYzdmLTRmNjgtOGI4Ny05MGUyNjFiN2ViNWMxLTE3ODI4MzI5MTIzMDQwLTY3OTY5NTk2ZDEzYjQ2Y2YxMCJ9",article,conference-abstract,True,high,ECS Meeting Abstracts venue with single-page record (3351-3351) and 0 references signals an abstract-only conference record.,False,200,
https://openalex.org/W2207574027,https://doi.org/10.1149/ma2012-02/20/2131,"https://validate.perfdrive.com/fb803c746e9148689b3984a31fccd902/?ssa=d1304dc1-d34d-47d4-80a5-af857e0e90df&ssb=32031220760&ssc=https%3A%2F%2Fiopscience.iop.org%2Farticle%2F10.1149%2FMA2012-02%2F20%2F2131&ssi=94dcb152-cnvj-4778-8d60-ab2b46c4b8ea&ssk=botmanager_support@radware.com&ssm=01622785359171294107583342453378&ssn=c27593bdf8dfd42ac7753e04bf69cbf43e2318854d2b-82df-496d-b56b66&sso=0de49f6b-fec5fdaee5288df41a645e82965fcaecd51139f007e412ab&ssp=61367074131782809550178280874570797&ssq=46760843291246342450732912228094806533099&ssr=NzUuNDkuMTI1LjIwOQ==&sst=Mozilla/5.0%20(Macintosh;%20Intel%20Mac%20OS%20X%2010_15_7)%20AppleWebKit/537.36%20(KHTML,%20like%20Gecko)%20Chrome/124.0%20Safari/537.36&ssu=&ssv=&ssw=&ssx=eyJ1em14IjoiN2Y5MDAwNjViMThiZmUtNjY5NC00OGZmLThmYWMtMzJjMjRlN2UyOTliMS0xNzgyODMyOTEyMjE1MC0xNmY1ZTI1YzFlMzc4MWE2MTAiLCJfX3V6bWYiOiI3ZjkwMDAxODg1NGQyYi04MmRmLTQ5NmQtYmY2Yi1mZWM1ZmRhZWU1MjgxLTE3ODI4MzI5MTIyMTUwLTAwNDFlMjIyNjNlMjFlMzhhYzcxMCIsInJkIjoiaW9wLm9yZyJ9",article,conference-abstract,True,high,Venue 'ECS Meeting Abstracts' with single-page record and zero references indicates a meeting abstract.,False,200,
https://openalex.org/W2784344712,https://doi.org/10.1149/ma2018-01/30/1783,"https://validate.perfdrive.com/fb803c746e9148689b3984a31fccd902/?ssa=3661d762-5ddb-409a-968a-efa667356002&ssb=32031220760&ssc=https%3A%2F%2Fiopscience.iop.org%2Farticle%2F10.1149%2FMA2018-01%2F30%2F1783&ssi=52de5a1b-cnvj-415f-926c-5f6ab59ef50b&ssk=botmanager_support@radware.com&ssm=01622785359171294107583342453378&ssn=c27593bdaec4ada88b3e06728fcacbf43e234e610dd1-e8f6-4451-b56b66&sso=0de49830-4a997a314fac8df41a64dc1ab73afae0298d962907e412ab&ssp=61367074131782809550178280874570797&ssq=46760843291246342450732912228094806533099&ssr=NzUuNDkuMTI1LjIwOQ==&sst=Mozilla/5.0%20(Macintosh;%20Intel%20Mac%20OS%20X%2010_15_7)%20AppleWebKit/537.36%20(KHTML,%20like%20Gecko)%20Chrome/124.0%20Safari/537.36&ssu=&ssv=&ssw=&ssx=eyJyZCI6ImlvcC5vcmciLCJ1em14IjoiN2Y5MDAwZmNhM2Q0ODgtMmE5YS00YjlmLWJkNDYtYzFlZDZmNDMwNWE0MS0xNzgyODMyOTEyMzE4MC0wOTMzN2NmMDk5ZGJkMGY0MTAiLCJfX3V6bWYiOiI3ZjkwMDA0ZTYxMGRkMS1lOGY2LTQ0NTEtYjgzMC00YTk5N2EzMTRmYWMxLTE3ODI4MzI5MTIzMTgwLTAwNDc5NWU4ZDkwZTQ3YmZlNDYxMCJ9",article,conference-abstract,True,high,ECS Meeting Abstracts venue with single-page (1783-1783) and 0 references signals an abstract-only meeting record.,False,200,
https://openalex.org/W2610677044,https://doi.org/10.1149/ma2009-01/7/382,"https://validate.perfdrive.com/fb803c746e9148689b3984a31fccd902/?ssa=e34c70eb-a227-4f4b-b50d-8bfd88f6d1d3&ssb=92394268913&ssc=https%3A%2F%2Fiopscience.iop.org%2Farticle%2F10.1149%2FMA2009-01%2F7%2F382&ssi=7a8274fa-cnvj-44f9-b99b-ca28d483a02c&ssk=botmanager_support@radware.com&ssm=64930391021678304102616875798247&ssn=547cb6c0dd83bb6d527ec4200b5ea29c58d202270352-4dbf-4ce0-ba6645&sso=fe780e7d-54b488bb0f067718064ab5b35dc45f22f7b482dd0ab3e96b&ssp=40130860921782852839178283380191209&ssq=34348523291157544189432911068901443592138&ssr=NzUuNDkuMTI1LjIwOQ==&sst=Mozilla/5.0%20(Macintosh;%20Intel%20Mac%20OS%20X%2010_15_7)%20AppleWebKit/537.36%20(KHTML,%20like%20Gecko)%20Chrome/124.0%20Safari/537.36&ssu=&ssv=&ssw=&ssx=eyJ1em14IjoiN2Y5MDAwOTk2YjkyODMtNWYwZS00NTI1LThmYTQtNDI1MTc5NmFlYWJlMS0xNzgyODMyOTExOTUzMC03MWM5OWUzNTdkZDk5MWJmMTAiLCJfX3V6bWYiOiI3ZjkwMDAwMjI3MDM1Mi00ZGJmLTRjZTAtYmU3ZC01NGI0ODhiYjBmMDYxLTE3ODI4MzI5MTE5NTMwLTAwNGM0YmZkYjU2ZWQyNGI2ZDYxMCIsInJkIjoiaW9wLm9yZyJ9",article,conference-abstract,True,high,Venue 'ECS Meeting Abstracts' with single-page (382-382) and 0 references indicates an abstract-only meeting record.,False,200,
https://openalex.org/W2606263985,https://doi.org/10.1149/ma2017-01/4/275,"https://validate.perfdrive.com/fb803c746e9148689b3984a31fccd902/?ssa=064ee293-220a-40b5-a2c4-14a395d3ac3d&ssb=32031220760&ssc=https%3A%2F%2Fiopscience.iop.org%2Farticle%2F10.1149%2FMA2017-01%2F4%2F275&ssi=73a7faec-cnvj-4aa1-900e-a6955c966717&ssk=botmanager_support@radware.com&ssm=01622785359171294107583342453378&ssn=c27593bd33a09ff21d9eed6d3c90cbf43e23d357b3ff-4eec-41f0-856b66&sso=0de49b5d-a553822682388df41a64b7989a5d308bedaab64907e412ab&ssp=61367074131782809550178280874570797&ssq=46760843291246342450732912228094806533099&ssr=NzUuNDkuMTI1LjIwOQ==&sst=Mozilla/5.0%20(Macintosh;%20Intel%20Mac%20OS%20X%2010_15_7)%20AppleWebKit/537.36%20(KHTML,%20like%20Gecko)%20Chrome/124.0%20Safari/537.36&ssu=&ssv=&ssw=&ssx=eyJ1em14IjoiN2Y5MDAwZWVlNjFkMzgtZTUwYi00ZjQ5LTk0YzAtZTI2NTQyNTQzZWZiMS0xNzgyODMyOTEyNDU3MC0zNjAxNjk1ZjI3MjFmYTlkMTAiLCJfX3V6bWYiOiI3ZjkwMDBkMzU3YjNmZi00ZWVjLTQxZjAtOGI1ZC1hNTUzODIyNjgyMzgxLTE3ODI4MzI5MTI0NTcwLTAwNDYwYWJjZjVlYmU5MmM3YjkxMCIsInJkIjoiaW9wLm9yZyJ9",article,conference-abstract,True,high,ECS Meeting Abstracts venue with single-page (275-275) and zero references signals an abstract-only meeting record.,False,200,
https://openalex.org/W2274718987,https://doi.org/10.1149/ma2013-02/42/2493,"https://validate.perfdrive.com/fb803c746e9148689b3984a31fccd902/?ssa=b686d2d5-0f19-4529-a0dd-96a780387d3d&ssb=32031220760&ssc=https%3A%2F%2Fiopscience.iop.org%2Farticle%2F10.1149%2FMA2013-02%2F42%2F2493&ssi=46e81a84-cnvj-49b6-8d3d-071922d1579d&ssk=botmanager_support@radware.com&ssm=01622785359171294107583342453378&ssn=c27593bdd494b4a44c25a2fc8a12cbf43e23bec8573c-9117-4808-956b66&sso=0de49a0d-67a13003b8478df41a645fdc72c029558ff3bc5e07e412ab&ssp=61367074131782809550178280874570797&ssq=46760843291246342450732912228094806533099&ssr=NzUuNDkuMTI1LjIwOQ==&sst=Mozilla/5.0%20(Macintosh;%20Intel%20Mac%20OS%20X%2010_15_7)%20AppleWebKit/537.36%20(KHTML,%20like%20Gecko)%20Chrome/124.0%20Safari/537.36&ssu=&ssv=&ssw=&ssx=eyJfX3V6bWYiOiI3ZjkwMDBiZWM4NTczYy05MTE3LTQ4MDgtOWEwZC02N2ExMzAwM2I4NDcxLTE3ODI4MzI5MTIyMzkwLTAwNDljNGRkOTM2ZmU5MDBlNjQxMCIsInV6bXgiOiI3ZjkwMDBkZGZlMmUxZS1mN2NjLTRiOGYtOWJkYy1jMDI2MDkxOTk0MmQxLTE3ODI4MzI5MTIyMzkwLTRkYjVkNDM0Y2VlMDAyMjkxMCIsInJkIjoiaW9wLm9yZyJ9",article,conference-abstract,True,high,"Venue 'ECS Meeting Abstracts', single-page (2493-2493), and zero references indicate a meeting abstract.",False,200,
https://openalex.org/W2306715717,https://doi.org/10.1149/ma2014-02/24/1415,"https://validate.perfdrive.com/fb803c746e9148689b3984a31fccd902/?ssa=c5baae6f-1ba1-47a4-8b0f-7cf42499c961&ssb=32031220760&ssc=https%3A%2F%2Fiopscience.iop.org%2Farticle%2F10.1149%2FMA2014-02%2F24%2F1415&ssi=ee0334cc-cnvj-458c-9198-cd5e8a45d1a0&ssk=botmanager_support@radware.com&ssm=01622785359171294107583342453378&ssn=c27593bdd5ce1c44fffad57faa71cbf43e2334d9b101-37c8-4020-b56b66&sso=0de4989b-c7387ae48bd28df41a64551ff412d8776e9bd45607e412ab&ssp=61367074131782809550178280874570797&ssq=46760843291246342450732912228094806533099&ssr=NzUuNDkuMTI1LjIwOQ==&sst=Mozilla/5.0%20(Macintosh;%20Intel%20Mac%20OS%20X%2010_15_7)%20AppleWebKit/537.36%20(KHTML,%20like%20Gecko)%20Chrome/124.0%20Safari/537.36&ssu=&ssv=&ssw=&ssx=eyJ1em14IjoiN2Y5MDAwYzk0YmZjODMtZDZjMy00MTAwLWExMWYtOWUxYWNmMjc2Njg5MS0xNzgyODMyOTEyMDQ0MC0xMGVkNDRjYmI3YWI1NTllMTAiLCJfX3V6bWYiOiI3ZjkwMDAzNGQ5YjEwMS0zN2M4LTQwMjAtYjg5Yi1jNzM4N2FlNDhiZDIxLTE3ODI4MzI5MTIwNDQwLTAwNGEwZDA1MDA2NzcwNTA1N2IxMCIsInJkIjoiaW9wLm9yZyJ9",article,conference-abstract,True,high,ECS Meeting Abstracts venue with single-page record (1415-1415) and 0 references indicates an abstract-only conference record.,False,200,
https://openalex.org/W4391662401,https://doi.org/10.1149/ma2023-02111060mtgabs,"https://validate.perfdrive.com/fb803c746e9148689b3984a31fccd902/?ssa=763cae0d-9a2a-4b98-a010-95d4775b67bc&ssb=32031220760&ssc=https%3A%2F%2Fiopscience.iop.org%2Farticle%2F10.1149%2FMA2023-02111060mtgabs&ssi=e2d4cf8c-cnvj-495e-82fa-0e89d522ddc2&ssk=botmanager_support@radware.com&ssm=01622785359171294107583342453378&ssn=c27593bdaa790bbf4f8a59e4e1b2cbf43e239115162d-43aa-4f37-a56b66&sso=0de49585-de4eee04ff8e8df41a64f73a3fe251043af84ad107e412ab&ssp=61367074131782809550178280874570797&ssq=46760843291246342450732912228094806533099&ssr=NzUuNDkuMTI1LjIwOQ==&sst=Mozilla/5.0%20(Macintosh;%20Intel%20Mac%20OS%20X%2010_15_7)%20AppleWebKit/537.36%20(KHTML,%20like%20Gecko)%20Chrome/124.0%20Safari/537.36&ssu=&ssv=&ssw=&ssx=eyJyZCI6ImlvcC5vcmciLCJfX3V6bWYiOiI3ZjkwMDA5MTE1MTYyZC00M2FhLTRmMzctYTU4NS1kZTRlZWUwNGZmOGUxLTE3ODI4MzI5MTIwMTIwLTAwNDU2ZmM1NzQ0NmQ1N2JkNzExMCIsInV6bXgiOiI3ZjkwMDA4YWQ5NTkzYi1kYzE3LTQxZWEtYjBhNC1kNTdkYjcxYzI0YmQxLTE3ODI4MzI5MTIwMTIwLTJmOGE3ZmMyYmJhODU1YTcxMCJ9",article,conference-abstract,True,high,ECS Meeting Abstracts venue with single-page (1060-1060) and 0 references indicates an abstract-only meeting record.,False,200,
https://openalex.org/W3025647806,https://doi.org/10.1149/ma2020-01452575mtgabs,"https://validate.perfdrive.com/fb803c746e9148689b3984a31fccd902/?ssa=bbef20e6-0477-49f6-80b9-067941ce6d21&ssb=32031220760&ssc=https%3A%2F%2Fiopscience.iop.org%2Farticle%2F10.1149%2FMA2020-01452575mtgabs&ssi=ff77612f-cnvj-4e2d-98fa-a6111b453339&ssk=botmanager_support@radware.com&ssm=01622785359171294107583342453378&ssn=c27593bdb2b10ea7b58309a8c877cbf43e2321a201f7-553d-4732-a56b66&sso=0de49dbe-3f87d950a94e8df41a64ab26da6cf9760584eb7507e412ab&ssp=61367074131782809550178280874570797&ssq=46760843291146342450732911228094806533099&ssr=NzUuNDkuMTI1LjIwOQ==&sst=Mozilla/5.0%20(Macintosh;%20Intel%20Mac%20OS%20X%2010_15_7)%20AppleWebKit/537.36%20(KHTML,%20like%20Gecko)%20Chrome/124.0%20Safari/537.36&ssu=&ssv=&ssw=&ssx=eyJ1em14IjoiN2Y5MDAwYTRlZTQwYTItNGRjMC00ZThjLTgyYmYtZWNhNjQ3ODc4MDJlMS0xNzgyODMyOTEyMDA1MC1kYWRjMDM5MDczZDM4MGZiMTAiLCJfX3V6bWYiOiI3ZjkwMDAyMWEyMDFmNy01NTNkLTQ3MzItYWRiZS0zZjg3ZDk1MGE5NGUxLTE3ODI4MzI5MTIwMDUwLTAwNDRhNTdmNzRlNWMxOTczNDIxMCIsInJkIjoiaW9wLm9yZyJ9",article,conference-abstract,True,high,Venue 'ECS Meeting Abstracts' with single-page (2575-2575) and 0 references signals an abstract-only meeting record.,False,200,
https://openalex.org/W3185459191,https://doi.org/10.1149/ma2021-0114646mtgabs,"https://validate.perfdrive.com/fb803c746e9148689b3984a31fccd902/?ssa=7b338958-8a1e-42ee-b77b-8c4894bdccb6&ssb=92394268913&ssc=https%3A%2F%2Fiopscience.iop.org%2Farticle%2F10.1149%2FMA2021-0114646mtgabs&ssi=b46feee4-cnvj-445a-b18b-afb3e95c97b9&ssk=botmanager_support@radware.com&ssm=64930391021678304102616875798247&ssn=547cb6c0bfd40966dd8a3d49c25da29c58d2bb3f38b4-9e4b-4685-aa6645&sso=fe780e6a-96a885c95af17718064a6ed8d28510e84e4171000ab3e96b&ssp=40130860921782852839178283380191209&ssq=34348523291157544189432911068901443592138&ssr=NzUuNDkuMTI1LjIwOQ==&sst=Mozilla/5.0%20(Macintosh;%20Intel%20Mac%20OS%20X%2010_15_7)%20AppleWebKit/537.36%20(KHTML,%20like%20Gecko)%20Chrome/124.0%20Safari/537.36&ssu=&ssv=&ssw=&ssx=eyJfX3V6bWYiOiI3ZjkwMDBiYjNmMzhiNC05ZTRiLTQ2ODUtYWU2YS05NmE4ODVjOTVhZjExLTE3ODI4MzI5MTE5MTIwLTAwNGQ0MWM5NDZkNWRlODBiMzAxMCIsInV6bXgiOiI3ZjkwMDA4Y2U4NDNiYi0yNzQxLTRkMjMtODE5Yi03ZTlkMDI0YTgyYjMxLTE3ODI4MzI5MTE5MTIwLTcwNjViZmRmM2ExZDYxMWUxMCIsInJkIjoiaW9wLm9yZyJ9",article,conference-abstract,True,high,"Venue 'ECS Meeting Abstracts' with single-page (646-646), 0 references, and meeting-abstract DOI pattern signals an abstract-only record.",False,200,
https://openalex.org/W4301237554,https://doi.org/10.1149/ma2009-02/28/2258,"https://validate.perfdrive.com/fb803c746e9148689b3984a31fccd902/?ssa=90bf31b3-4fff-40b0-b910-7976f723028e&ssb=47905217564&ssc=https%3A%2F%2Fiopscience.iop.org%2Farticle%2F10.1149%2FMA2009-02%2F28%2F2258&ssi=846f2475-cnvj-4de1-807c-3a7643752ac8&ssk=botmanager_support@radware.com&ssm=28063092442707282103554937316921&ssn=97bcd39b1465874d671b99001067e2a8ca653b3e6780-af1c-4d84-aaae85&sso=6db048d9-e2ff9bb359aecc2b318b65161c90a5b2174d3f2f733cb83a&ssp=55288923321782830214178289326272221&ssq=28688903291370087406732913566150645180077&ssr=NzUuNDkuMTI1LjIwOQ==&sst=Mozilla/5.0%20(Macintosh;%20Intel%20Mac%20OS%20X%2010_15_7)%20AppleWebKit/537.36%20(KHTML,%20like%20Gecko)%20Chrome/124.0%20Safari/537.36&ssu=&ssv=&ssw=&ssx=eyJyZCI6ImlvcC5vcmciLCJ1em14IjoiN2Y5MDAwMjVmOTk2M2QtYmEyYi00Yjc5LThiMGYtN2E0ZDRmZmJiYzlkMS0xNzgyODMyOTEzMTI1MC01ZWRiOWVlZmMyOWNkNzJjMTAiLCJfX3V6bWYiOiI3ZjkwMDAzYjNlNjc4MC1hZjFjLTRkODQtYThkOS1lMmZmOWJiMzU5YWUxLTE3ODI4MzI5MTMxMjUwLTAwNDllY2MxYTY3YTY3OTNlNTIxMCJ9",article,conference-abstract,True,high,ECS Meeting Abstracts venue with single-page record and zero references indicates a meeting abstract.,False,200,
https://openalex.org/W3212142952,https://doi.org/10.1149/ma2021-0251874mtgabs,"https://validate.perfdrive.com/fb803c746e9148689b3984a31fccd902/?ssa=ece96dd3-4d31-4809-abe1-cbd98d6288ee&ssb=92394268913&ssc=https%3A%2F%2Fiopscience.iop.org%2Farticle%2F10.1149%2FMA2021-0251874mtgabs&ssi=d00c682b-cnvj-4880-8986-3cebb0f0783d&ssk=botmanager_support@radware.com&ssm=64930391021678304102616875798247&ssn=547cb6c0b7120a4f684e32e91ae5a29c58d2b44565b5-7a36-4571-9a6645&sso=fe780803-87191b07b0a47718064aa5388dfd965d6c2ad0590ab3e96b&ssp=40130860921782852839178283380191209&ssq=34348523291157544189432911068901443592138&ssr=NzUuNDkuMTI1LjIwOQ==&sst=Mozilla/5.0%20(Macintosh;%20Intel%20Mac%20OS%20X%2010_15_7)%20AppleWebKit/537.36%20(KHTML,%20like%20Gecko)%20Chrome/124.0%20Safari/537.36&ssu=&ssv=&ssw=&ssx=eyJyZCI6ImlvcC5vcmciLCJ1em14IjoiN2Y5MDAwYjZiZjNlMTEtNjEzMy00NjY0LTgzNzYtN2FkM2IwY2FkMmU3MS0xNzgyODMyOTExODIyMC1iZmRkNTI3MDQ2NzRjNGVkMTAiLCJfX3V6bWYiOiI3ZjkwMDBiNDQ1NjViNS03YTM2LTQ1NzEtOTgwMy04NzE5MWIwN2IwYTQxLTE3ODI4MzI5MTE4MjIwLTAwNDgwY2E1Y2Y5NGUyOWVlYzgxMCJ9",article,conference-abstract,True,high,ECS Meeting Abstracts venue with single-page record and zero references signals an abstract-only meeting record.,False,200,
https://openalex.org/W2595994286,https://doi.org/10.1149/ma2017-01/1/128,"https://validate.perfdrive.com/fb803c746e9148689b3984a31fccd902/?ssa=911cf72c-f438-43c6-9900-e72f8dccf080&ssb=32031220760&ssc=https%3A%2F%2Fiopscience.iop.org%2Farticle%2F10.1149%2FMA2017-01%2F1%2F128&ssi=6fec039e-cnvj-4614-ad1d-4554263cd40e&ssk=botmanager_support@radware.com&ssm=01622785359171294107583342453378&ssn=c27593bd6cf684cdde7816746449cbf43e236e22ef5d-f5d3-48f8-a56b66&sso=0de49936-e8beaae036648df41a648699df53b89b8d90283c07e412ab&ssp=61367074131782809550178280874570797&ssq=46760843291246342450732912228094806533099&ssr=NzUuNDkuMTI1LjIwOQ==&sst=Mozilla/5.0%20(Macintosh;%20Intel%20Mac%20OS%20X%2010_15_7)%20AppleWebKit/537.36%20(KHTML,%20like%20Gecko)%20Chrome/124.0%20Safari/537.36&ssu=&ssv=&ssw=&ssx=eyJ1em14IjoiN2Y5MDAwODZiMDhmYzctMTExNS00M2ZjLWFiNDAtZjU5OTcxMDQ4ODI3MS0xNzgyODMyOTEyMTE1MC03ZTNiODE0NGI1ODdiZjkzMTAiLCJfX3V6bWYiOiI3ZjkwMDA2ZTIyZWY1ZC1mNWQzLTQ4ZjgtYTkzNi1lOGJlYWFlMDM2NjQxLTE3ODI4MzI5MTIxMTUwLTAwNDcwYWVkOTZmYWM3ZDBmYjgxMCIsInJkIjoiaW9wLm9yZyJ9",article,conference-abstract,True,high,Venue 'ECS Meeting Abstracts' with single page 128-128 and 0 references is an abstract-only meeting record.,False,200,
https://openalex.org/W4401698320,https://doi.org/10.1149/ma2024-01341730mtgabs,"https://validate.perfdrive.com/fb803c746e9148689b3984a31fccd902/?ssa=969eeb81-854a-45d5-ab71-5ea76b80ec1f&ssb=47905217564&ssc=https%3A%2F%2Fiopscience.iop.org%2Farticle%2F10.1149%2FMA2024-01341730mtgabs&ssi=d29e56c1-cnvj-41d0-906a-7bfcb6bc1a10&ssk=botmanager_support@radware.com&ssm=28063092442707282103554937316921&ssn=97bcd39bf70ff260fd06f1e0cba4e2a8ca65563d82f9-d79e-4f89-9aae85&sso=6db04360-e9c8665d5269cc2b318bdd3a7736ac707ee3578d733cb83a&ssp=55288923321782830214178289326272221&ssq=28688903291370087406732913566150645180077&ssr=NzUuNDkuMTI1LjIwOQ==&sst=Mozilla/5.0%20(Macintosh;%20Intel%20Mac%20OS%20X%2010_15_7)%20AppleWebKit/537.36%20(KHTML,%20like%20Gecko)%20Chrome/124.0%20Safari/537.36&ssu=&ssv=&ssw=&ssx=eyJyZCI6ImlvcC5vcmciLCJfX3V6bWYiOiI3ZjkwMDA1NjNkODJmOS1kNzllLTRmODktOTM2MC1lOWM4NjY1ZDUyNjkxLTE3ODI4MzI5MTM3MzcwLTAwNDI0YzM0MDgzOGQxYTFhMTcxMCIsInV6bXgiOiI3ZjkwMDBlZTNjMDdiOC1mMzIzLTQyZGMtYTUzNy01OGQzMjUzODY2YWQxLTE3ODI4MzI5MTM3MzcwLTZmNmFiMDliMmFlZTFiYTYxMCJ9",article,conference-abstract,True,high,ECS Meeting Abstracts venue with single-page record and zero references indicates a meeting abstract.,False,200,
https://openalex.org/W4241822369,https://doi.org/10.1149/ma2008-02/11/778,"https://validate.perfdrive.com/fb803c746e9148689b3984a31fccd902/?ssa=f95c0db3-181b-49d7-8dbe-5f4b77fb82a7&ssb=92394268913&ssc=https%3A%2F%2Fiopscience.iop.org%2Farticle%2F10.1149%2FMA2008-02%2F11%2F778&ssi=6b06bf7c-cnvj-41a9-8a0c-529d179bcc89&ssk=botmanager_support@radware.com&ssm=64930391021678304102616875798247&ssn=547cb6c00863fafb793789ed7f36a29c58d250c75fa6-d893-44ed-aa6645&sso=fe7807ec-e9dcfff7a0007718064a7e98329aa9ade2402cb50ab3e96b&ssp=40130860921782852839178283380191209&ssq=34348523291157544189432911068901443592138&ssr=NzUuNDkuMTI1LjIwOQ==&sst=Mozilla/5.0%20(Macintosh;%20Intel%20Mac%20OS%20X%2010_15_7)%20AppleWebKit/537.36%20(KHTML,%20like%20Gecko)%20Chrome/124.0%20Safari/537.36&ssu=&ssv=&ssw=&ssx=eyJ1em14IjoiN2Y5MDAwYTFjZTRlOTctNzBjMS00NGViLTlmYzYtYTNhMmM4OWE0NTFiMS0xNzgyODMyOTExOTIzMC1mN2U0MDA4YWM4YjRkYmUxMTAiLCJfX3V6bWYiOiI3ZjkwMDA1MGM3NWZhNi1kODkzLTQ0ZWQtYTdlYy1lOWRjZmZmN2EwMDAxLTE3ODI4MzI5MTE5MjMwLTAwNDdkZDZkMDc3ZmIyM2U1NTExMCIsInJkIjoiaW9wLm9yZyJ9",article,conference-abstract,True,high,"Venue ""ECS Meeting Abstracts"" with single-page (778-778) and 0 references indicates a meeting abstract.",False,200,
https://openalex.org/W4237743192,https://doi.org/10.1149/ma2007-02/9/471,"https://validate.perfdrive.com/fb803c746e9148689b3984a31fccd902/?ssa=e4da2a5f-84d4-4d41-8a41-618a7bedcf2e&ssb=47905217564&ssc=https%3A%2F%2Fiopscience.iop.org%2Farticle%2F10.1149%2FMA2007-02%2F9%2F471&ssi=d5e943b1-cnvj-4371-86b0-1305554c58ba&ssk=botmanager_support@radware.com&ssm=28063092442707282103554937316921&ssn=97bcd39b599b7dc05ee950b9d969e2a8ca65617e23d5-f5dc-4fb4-baae85&sso=6db04505-d56423dcbc1fcc2b318b6bf89a3300c927243af4733cb83a&ssp=55288923321782830214178289326272221&ssq=28688903291370087406732913566150645180077&ssr=NzUuNDkuMTI1LjIwOQ==&sst=Mozilla/5.0%20(Macintosh;%20Intel%20Mac%20OS%20X%2010_15_7)%20AppleWebKit/537.36%20(KHTML,%20like%20Gecko)%20Chrome/124.0%20Safari/537.36&ssu=&ssv=&ssw=&ssx=eyJfX3V6bWYiOiI3ZjkwMDA2MTdlMjNkNS1mNWRjLTRmYjQtYjUwNS1kNTY0MjNkY2JjMWYxLTE3ODI4MzI5MTM4NjkwLTAwNDZhY2VhYjZkOTg0MjdkZDExMCIsInV6bXgiOiI3ZjkwMDBiY2ZlMDg4YS0xNTQ5LTRmZTQtOWNjNy0wYjc4YmU1ZTAzYmMxLTE3ODI4MzI5MTM4NjkwLWJkZjI5N2Y5YmMxMDMyMDYxMCIsInJkIjoiaW9wLm9yZyJ9",article,conference-abstract,True,high,"Venue ""ECS Meeting Abstracts"" with single-page record and zero references indicates a meeting abstract.",False,200,
https://openalex.org/W4245908118,https://doi.org/10.1149/ma2010-02/10/701,"https://validate.perfdrive.com/fb803c746e9148689b3984a31fccd902/?ssa=5301ec1d-1031-4770-b5ae-9a97bdf954a9&ssb=47905217564&ssc=https%3A%2F%2Fiopscience.iop.org%2Farticle%2F10.1149%2FMA2010-02%2F10%2F701&ssi=d45347c9-cnvj-426a-a5ac-e6c14b01483b&ssk=botmanager_support@radware.com&ssm=28063092442707282103554937316921&ssn=97bcd39bd7d23a8a5133b1b12fcfe2a8ca65af53ed5f-38fe-4313-9aae85&sso=6db04a75-89aff7f461e8cc2b318bd4866ff4a3ff3e08e34f733cb83a&ssp=55288923321782830214178289326272221&ssq=28688903291370087406732913566150645180077&ssr=NzUuNDkuMTI1LjIwOQ==&sst=Mozilla/5.0%20(Macintosh;%20Intel%20Mac%20OS%20X%2010_15_7)%20AppleWebKit/537.36%20(KHTML,%20like%20Gecko)%20Chrome/124.0%20Safari/537.36&ssu=&ssv=&ssw=&ssx=eyJfX3V6bWYiOiI3ZjkwMDBhZjUzZWQ1Zi0zOGZlLTQzMTMtOWE3NS04OWFmZjdmNDYxZTgxLTE3ODI4MzI5MTM3MzgwLTAwNGU0ZWEwYmQ1MzMzNmNjYzcxMCIsInV6bXgiOiI3ZjkwMDA1YjYyMjg0Mi02MWY1LTQ1ZmItOWZlYi1hNWZkYzY0MGVmY2ExLTE3ODI4MzI5MTM3MzgwLTk4M2Y3Yzk1M2E3ZmJiYWMxMCIsInJkIjoiaW9wLm9yZyJ9",article,conference-abstract,True,high,Single-page record in 'ECS Meeting Abstracts' with 0 references is a meeting abstract.,False,200,
https://openalex.org/W4251643375,https://doi.org/10.1149/ma2009-02/12/1479,"https://validate.perfdrive.com/fb803c746e9148689b3984a31fccd902/?ssa=372f328f-2d61-46b5-bf42-d6851b6bc8e7&ssb=32031220760&ssc=https%3A%2F%2Fiopscience.iop.org%2Farticle%2F10.1149%2FMA2009-02%2F12%2F1479&ssi=f6fbabb7-cnvj-420f-a61c-9d7f069c9b5c&ssk=botmanager_support@radware.com&ssm=01622785359171294107583342453378&ssn=c27593bdda4982aaefbe86fb0f33cbf43e239d06b3c4-1936-4958-b56b66&sso=0de49b15-e12f0d2849278df41a64f007d10521aff9d108d407e412ab&ssp=61367074131782809550178280874570797&ssq=46760843291146342450732911228094806533099&ssr=NzUuNDkuMTI1LjIwOQ==&sst=Mozilla/5.0%20(Macintosh;%20Intel%20Mac%20OS%20X%2010_15_7)%20AppleWebKit/537.36%20(KHTML,%20like%20Gecko)%20Chrome/124.0%20Safari/537.36&ssu=&ssv=&ssw=&ssx=eyJyZCI6ImlvcC5vcmciLCJ1em14IjoiN2Y5MDAwY2M5Mzk4NmMtZDI2ZS00MzUyLWE0OGYtOTAzNGIyYWFhM2Q1MS0xNzgyODMyOTEyMDAyMC04MjM0ZDljODVkYzJjNThkMTAiLCJfX3V6bWYiOiI3ZjkwMDA5ZDA2YjNjNC0xOTM2LTQ5NTgtYmIxNS1lMTJmMGQyODQ5MjcxLTE3ODI4MzI5MTIwMDIwLTAwNDczYzRlZDVmOTY4MzJkMDUxMCJ9",article,conference-abstract,True,high,"ECS Meeting Abstracts venue with single-page (1479-1479), zero references—an abstract-only meeting record.",False,200,
https://openalex.org/W1791774416,https://doi.org/10.1149/ma2010-03/1/145,"https://validate.perfdrive.com/fb803c746e9148689b3984a31fccd902/?ssa=f79319c5-a068-460e-aa13-c4661f5c2817&ssb=55209225586&ssc=https%3A%2F%2Fiopscience.iop.org%2Farticle%2F10.1149%2FMA2010-03%2F1%2F145&ssi=2a8526ba-cnvj-4528-83ba-f2036dfd6086&ssk=botmanager_support@radware.com&ssm=74347795916125553104104685260293&ssn=201da7ece8e7d957a43eb8107873b35dd99da978de39-597f-425a-83031a&sso=f449265b-0013249a3654d3044065dbed9a6fe7b994ef4da1f6a85426&ssp=46366729721782897411178282086552252&ssq=70653263291406462917332914982497105272188&ssr=NzUuNDkuMTI1LjIwOQ==&sst=Mozilla/5.0%20(Macintosh;%20Intel%20Mac%20OS%20X%2010_15_7)%20AppleWebKit/537.36%20(KHTML,%20like%20Gecko)%20Chrome/124.0%20Safari/537.36&ssu=&ssv=&ssw=&ssx=eyJfX3V6bWYiOiI3ZjkwMDBhOTc4ZGUzOS01OTdmLTQyNWEtODY1Yi0wMDEzMjQ5YTM2NTQxLTE3ODI4MzI5MTQyMjgwLTAwNGFkZTJmODk2MjQyZTI5ZjQxMCIsInV6bXgiOiI3ZjkwMDBjMzRhZGU3ZC1lMzg1LTQwZDQtYmYyYy1hOWZjNGI0NTU0NzYxLTE3ODI4MzI5MTQyMjgwLWVjZWZkMDg0MmRiMDI3MjcxMCIsInJkIjoiaW9wLm9yZyJ9",article,conference-abstract,True,high,Single-page record in ECS Meeting Abstracts with 0 references is a conference abstract.,False,200,
https://openalex.org/W2893171081,https://doi.org/10.1136/injuryprevention-2018-safety.153,https://doi.org/10.1136/injuryprevention-2018-safety.153,article,conference-abstract,True,high,"Container 'Abstracts' in a supplement with poster code 'PW 0687', 0 references—an abstract-only meeting record.",False,403,
https://openalex.org/W2127490874,https://doi.org/10.1149/ma2012-02/10/820,"https://validate.perfdrive.com/fb803c746e9148689b3984a31fccd902/?ssa=adf6870b-3b3a-40f9-9555-7e485f7d43f6&ssb=32031220760&ssc=https%3A%2F%2Fiopscience.iop.org%2Farticle%2F10.1149%2FMA2012-02%2F10%2F820&ssi=1ac29ea1-cnvj-4bb2-9092-473b70328692&ssk=botmanager_support@radware.com&ssm=01622785359171294107583342453378&ssn=c27593bdca241c3ebde8251577e7cbf43e2359c6ab33-29b5-4520-856b66&sso=0de49abf-d9cb0e28cda08df41a641f024c847a6c3069675f07e412ab&ssp=61367074131782809550178280874570797&ssq=46760843291246342450732912228094806533099&ssr=NzUuNDkuMTI1LjIwOQ==&sst=Mozilla/5.0%20(Macintosh;%20Intel%20Mac%20OS%20X%2010_15_7)%20AppleWebKit/537.36%20(KHTML,%20like%20Gecko)%20Chrome/124.0%20Safari/537.36&ssu=&ssv=&ssw=&ssx=eyJ1em14IjoiN2Y5MDAwNjhhOTRjMjUtNTdmZS00OGI0LWJhYjYtY2ZkMjgzMGYxYzliMS0xNzgyODMyOTEyMDk3MC05ZWM3YmNlYmIwNDRhMjY4MTAiLCJfX3V6bWYiOiI3ZjkwMDA1OWM2YWIzMy0yOWI1LTQ1MjAtOGFiZi1kOWNiMGUyOGNkYTAxLTE3ODI4MzI5MTIwOTcwLTAwNDY2NWJiYmUwYjhhNmIxNmQxMCIsInJkIjoiaW9wLm9yZyJ9",article,conference-abstract,True,high,ECS Meeting Abstracts venue with single-page (820-820) and zero references indicates a meeting abstract.,False,200,
https://openalex.org/W2729425728,https://doi.org/10.1149/ma2007-02/10/683,"https://validate.perfdrive.com/fb803c746e9148689b3984a31fccd902/?ssa=47c339ba-ef4d-47cf-931b-a66b7b6be48e&ssb=92394268913&ssc=https%3A%2F%2Fiopscience.iop.org%2Farticle%2F10.1149%2FMA2007-02%2F10%2F683&ssi=7c744217-cnvj-421f-8c2d-29dbea5360c6&ssk=botmanager_support@radware.com&ssm=64930391021678304102616875798247&ssn=547cb6c06d2a73a02303250a91d0a29c58d24680d2d5-1038-44c1-aa6645&sso=fe780711-7e6df810b5b67718064a4e2608d23225894eefe70ab3e96b&ssp=40130860921782852839178283380191209&ssq=34348523291157544189432911068901443592138&ssr=NzUuNDkuMTI1LjIwOQ==&sst=Mozilla/5.0%20(Macintosh;%20Intel%20Mac%20OS%20X%2010_15_7)%20AppleWebKit/537.36%20(KHTML,%20like%20Gecko)%20Chrome/124.0%20Safari/537.36&ssu=&ssv=&ssw=&ssx=eyJyZCI6ImlvcC5vcmciLCJfX3V6bWYiOiI3ZjkwMDA0NjgwZDJkNS0xMDM4LTQ0YzEtYTcxMS03ZTZkZjgxMGI1YjYxLTE3ODI4MzI5MTE5ODEwLTAwNDAwNjljNDZmOTAwNjFjZTIxMCIsInV6bXgiOiI3ZjkwMDBkZTA1OTI5YS03ZWFlLTQzMDAtOTc2OS1kMTZmMzgwZDNjNDAxLTE3ODI4MzI5MTE5ODEwLTMxNjkyZDI1MGY3NTc3MGExMCJ9",article,conference-abstract,True,high,Venue 'ECS Meeting Abstracts' with single-page (683-683) and zero references signals a meeting abstract.,False,200,
https://openalex.org/W2806317787,https://doi.org/10.1149/ma2018-01/25/1490,"https://validate.perfdrive.com/fb803c746e9148689b3984a31fccd902/?ssa=40b8108b-562f-46b5-974c-bce373277e43&ssb=47905217564&ssc=https%3A%2F%2Fiopscience.iop.org%2Farticle%2F10.1149%2FMA2018-01%2F25%2F1490&ssi=1a5f0611-cnvj-4bcd-b420-41ae4389abb5&ssk=botmanager_support@radware.com&ssm=28063092442707282103554937316921&ssn=97bcd39bc2b1ef53b79ba9ea352ce2a8ca658d2d12a4-9be7-428a-9aae85&sso=6db04fdb-1eeed32083eacc2b318b8672cad281e5c04ea5c0733cb83a&ssp=55288923321782830214178289326272221&ssq=28688903291370087406732913566150645180077&ssr=NzUuNDkuMTI1LjIwOQ==&sst=Mozilla/5.0%20(Macintosh;%20Intel%20Mac%20OS%20X%2010_15_7)%20AppleWebKit/537.36%20(KHTML,%20like%20Gecko)%20Chrome/124.0%20Safari/537.36&ssu=&ssv=&ssw=&ssx=eyJ1em14IjoiN2Y5MDAwNmU2ZDY5ZjItODFiNS00NDlmLWFlNDktN2Q1YmI0MTFhNzc2MS0xNzgyODMyOTEzNjkwMC1kYWRhNzU2NTg1MWU0ZDgzMTAiLCJyZCI6ImlvcC5vcmciLCJfX3V6bWYiOiI3ZjkwMDA4ZDJkMTJhNC05YmU3LTQyOGEtOWZkYi0xZWVlZDMyMDgzZWExLTE3ODI4MzI5MTM2OTAwLTAwNDdhMTU1MWNlMzdiYzBjYWIxMCJ9",article,conference-abstract,True,high,ECS Meeting Abstracts venue with single-page (1490-1490) and 0 references indicates a meeting abstract.,False,200,
https://openalex.org/W2025393486,https://doi.org/10.1136/bjsports-2014-094114.45,https://doi.org/10.1136/bjsports-2014-094114.45,article,conference-abstract,True,high,"Container ""Abstracts"" in a supplement (Suppl_2) with 0 references and numbered abstract title indicates abstract-only meeting record.",False,403,
https://openalex.org/W4309811609,https://doi.org/10.1149/ma2022-02271038mtgabs,"https://validate.perfdrive.com/fb803c746e9148689b3984a31fccd902/?ssa=8fc19222-7e92-487d-8a23-03582ead409a&ssb=55209225586&ssc=https%3A%2F%2Fiopscience.iop.org%2Farticle%2F10.1149%2FMA2022-02271038mtgabs&ssi=0b6777eb-cnvj-4920-9e09-80c014343750&ssk=botmanager_support@radware.com&ssm=74347795916125553104104685260293&ssn=201da7ec197a6eeac9850f79b0f6b35dd99d1cb857af-c6ba-499e-b3031a&sso=f4492817-a69a4291c256d30440658f50d38bcc66fd7dadd9f6a85426&ssp=46366729721782897411178282086552252&ssq=70653263291406462917332914982497105272188&ssr=NzUuNDkuMTI1LjIwOQ==&sst=Mozilla/5.0%20(Macintosh;%20Intel%20Mac%20OS%20X%2010_15_7)%20AppleWebKit/537.36%20(KHTML,%20like%20Gecko)%20Chrome/124.0%20Safari/537.36&ssu=&ssv=&ssw=&ssx=eyJfX3V6bWYiOiI3ZjkwMDAxY2I4NTdhZi1jNmJhLTQ5OWUtYjgxNy1hNjlhNDI5MWMyNTYxLTE3ODI4MzI5MTQyMjMwLTAwNGVmNDU3ZmZkYTg5NjhiMDYxMCIsInV6bXgiOiI3ZjkwMDBhYzU0OWJkYi04YmEwLTRmZGEtOWEwZi05M2Y0MzYxNTVhNGUxLTE3ODI4MzI5MTQyMjMwLWFmZDk5MWMxMGQzOGI5ZjUxMCIsInJkIjoiaW9wLm9yZyJ9",article,conference-abstract,True,high,ECS Meeting Abstracts venue with single-page record and 0 references indicates an abstract-only conference record.,False,200,
https://openalex.org/W4405640224,https://doi.org/10.1149/ma2024-02504901mtgabs,"https://validate.perfdrive.com/fb803c746e9148689b3984a31fccd902/?ssa=2d014c54-ad0e-4b04-a61d-bd8043d13347&ssb=07266246595&ssc=https%3A%2F%2Fiopscience.iop.org%2Farticle%2F10.1149%2FMA2024-02504901mtgabs&ssi=8da1fea1-cnvj-4c27-879d-aa4709f55b73&ssk=botmanager_support@radware.com&ssm=37430137734055494108162034508658&ssn=629b7723779f7280022dec24a6541c74bc3ba70d1948-67c3-48a9-95fd4c&sso=dc0562c9-46071fdbc4a93aa5a9c78b5f9b9a8ac4a0356e58201ba3e0&ssp=47138965521782872120178280976543392&ssq=57028723291576965088732915147171388389533&ssr=NzUuNDkuMTI1LjIwOQ==&sst=Mozilla/5.0%20(Macintosh;%20Intel%20Mac%20OS%20X%2010_15_7)%20AppleWebKit/537.36%20(KHTML,%20like%20Gecko)%20Chrome/124.0%20Safari/537.36&ssu=&ssv=&ssw=&ssx=eyJyZCI6ImlvcC5vcmciLCJ1em14IjoiN2Y5MDAwNTg2YTQ2ZmUtOTM1Yy00MjYxLTliMmQtZTk3ZDc4NWRmMzkzMS0xNzgyODMyOTE1OTYxMC0yYWYyMjE5YzE5NTAzYmJiMTAiLCJfX3V6bWYiOiI3ZjkwMDBhNzBkMTk0OC02N2MzLTQ4YTktOTJjOS00NjA3MWZkYmM0YTkxLTE3ODI4MzI5MTU5NjEwLTAwNDQ5OTUwMjNmYTU5NWQyOTUxMCJ9",article,conference-abstract,True,high,ECS Meeting Abstracts venue with single-page record and zero references indicates a meeting abstract.,False,200,
https://openalex.org/W4237511389,https://doi.org/10.1149/ma2019-02/5/325,"https://validate.perfdrive.com/fb803c746e9148689b3984a31fccd902/?ssa=5609e7b7-5d75-4fcb-bfb3-18aabe26a771&ssb=07266246595&ssc=https%3A%2F%2Fiopscience.iop.org%2Farticle%2F10.1149%2FMA2019-02%2F5%2F325&ssi=57592691-cnvj-4bb6-9cac-d8421b466b55&ssk=botmanager_support@radware.com&ssm=37430137734055494108162034508658&ssn=629b7723920d03ce9b1b45b002321c74bc3baee6dec7-d758-4ae3-b5fd4c&sso=dc0568c8-7e902081e1273aa5a9c756f9d61eee9321e84c1b201ba3e0&ssp=47138965521782872120178280976543392&ssq=57028723291576965088732915147171388389533&ssr=NzUuNDkuMTI1LjIwOQ==&sst=Mozilla/5.0%20(Macintosh;%20Intel%20Mac%20OS%20X%2010_15_7)%20AppleWebKit/537.36%20(KHTML,%20like%20Gecko)%20Chrome/124.0%20Safari/537.36&ssu=&ssv=&ssw=&ssx=eyJyZCI6ImlvcC5vcmciLCJ1em14IjoiN2Y5MDAwNjZmMmYyZjMtYTAxZS00M2YxLThkNTUtOTZkNDc3NmVjN2VmMS0xNzgyODMyOTE1ODc1MC02NDFiOTM2ZTlmNzEzMDBhMTAiLCJfX3V6bWYiOiI3ZjkwMDBhZWU2ZGVjNy1kNzU4LTRhZTMtYjhjOC03ZTkwMjA4MWUxMjcxLTE3ODI4MzI5MTU4NzUwLTAwNDNjYTI3M2U3MjA5MjUyZTIxMCJ9",article,conference-abstract,True,high,Venue 'ECS Meeting Abstracts' with single-page (325-325) and 0 references indicates a meeting abstract.,False,200,
https://openalex.org/W4386866741,https://doi.org/10.1149/ma2023-012498mtgabs,"https://validate.perfdrive.com/fb803c746e9148689b3984a31fccd902/?ssa=42219715-2469-4c70-b488-bba9adafd6bd&ssb=58041222635&ssc=https%3A%2F%2Fiopscience.iop.org%2Farticle%2F10.1149%2FMA2023-012498mtgabs&ssi=55ab3bfe-cnvj-4d98-a066-7f567d7320ce&ssk=botmanager_support@radware.com&ssm=22576475722274472107994312614520&ssn=d319952cd167a95d269045f42e788db0e01a7d127d54-6e90-4117-b524b4&sso=f7f7e522-f5e98e5008e587b37752ba35feb7a261560d451f8a266368&ssp=67174552541782893546178281589775771&ssq=98082903291697149487632916650427411182985&ssr=NzUuNDkuMTI1LjIwOQ==&sst=Mozilla/5.0%20(Macintosh;%20Intel%20Mac%20OS%20X%2010_15_7)%20AppleWebKit/537.36%20(KHTML,%20like%20Gecko)%20Chrome/124.0%20Safari/537.36&ssu=&ssv=&ssw=&ssx=eyJyZCI6ImlvcC5vcmciLCJfX3V6bWYiOiI3ZjkwMDA3ZDEyN2Q1NC02ZTkwLTQxMTctYjUyMi1mNWU5OGU1MDA4ZTUxLTE3ODI4MzI5MTYxOTQwLTAwNDU2ZTRmZjk5MmQ5OGFmYWIxMCIsInV6bXgiOiI3ZjkwMDA1YjAyNDdmMi00YmM3LTRkZTEtODdkMC05YWNlNTVkMDNiZDMxLTE3ODI4MzI5MTYxOTQwLWQ0NjQ0YjZmN2FhMzViNmExMCJ9",article,conference-abstract,True,high,ECS Meeting Abstracts venue with single-page record and zero references indicates an abstract-only conference record.,False,200,
https://openalex.org/W1957641081,https://doi.org/10.1149/ma2012-02/34/2716,"https://validate.perfdrive.com/fb803c746e9148689b3984a31fccd902/?ssa=5ff0c1fd-3e55-48a0-a615-dce002a288f6&ssb=58041222635&ssc=https%3A%2F%2Fiopscience.iop.org%2Farticle%2F10.1149%2FMA2012-02%2F34%2F2716&ssi=2a0befd0-cnvj-4c04-843a-6c55402d7e9c&ssk=botmanager_support@radware.com&ssm=22576475722274472107994312614520&ssn=d319952cbb8a8e9d03036c8c56b38db0e01a189652f4-d6e2-4442-8524b4&sso=f7f7e073-869b176ebebe87b37752104f8000b3266b7fb8e88a266368&ssp=67174552541782893546178281589775771&ssq=98082903291697149487632916650427411182985&ssr=NzUuNDkuMTI1LjIwOQ==&sst=Mozilla/5.0%20(Macintosh;%20Intel%20Mac%20OS%20X%2010_15_7)%20AppleWebKit/537.36%20(KHTML,%20like%20Gecko)%20Chrome/124.0%20Safari/537.36&ssu=&ssv=&ssw=&ssx=eyJyZCI6ImlvcC5vcmciLCJfX3V6bWYiOiI3ZjkwMDAxODk2NTJmNC1kNmUyLTQ0NDItODA3My04NjliMTc2ZWJlYmUxLTE3ODI4MzI5MTY0MzAwLTAwNDg5YmExNTM5MDZkMWU5YjYxMCIsInV6bXgiOiI3ZjkwMDA1MzVjMWUzNy1jOWNkLTQ3OTgtOTIyYS03ZjlkMmIwOGI3Y2IxLTE3ODI4MzI5MTY0MzAwLWFlMjgwMDUwZjBmN2ZlMTkxMCJ9",article,conference-abstract,True,high,ECS Meeting Abstracts venue with single-page record and 0 references indicates an abstract-only conference record.,False,200,
https://openalex.org/W4401696497,https://doi.org/10.1149/ma2024-012324mtgabs,"https://validate.perfdrive.com/fb803c746e9148689b3984a31fccd902/?ssa=a126ec3d-96d4-46e6-8cfd-0d5be7f55448&ssb=58041222635&ssc=https%3A%2F%2Fiopscience.iop.org%2Farticle%2F10.1149%2FMA2024-012324mtgabs&ssi=bc156bd9-cnvj-4706-a5a4-b5fc0d2209d8&ssk=botmanager_support@radware.com&ssm=22576475722274472107994312614520&ssn=d319952cbd73c1555a1cd52c72b38db0e01a31a86d97-e290-4eb3-9524b4&sso=f7f7e03a-946877427ac687b37752db8271198027172ee57e8a266368&ssp=67174552541782893546178281589775771&ssq=98082903291697149487632916650427411182985&ssr=NzUuNDkuMTI1LjIwOQ==&sst=Mozilla/5.0%20(Macintosh;%20Intel%20Mac%20OS%20X%2010_15_7)%20AppleWebKit/537.36%20(KHTML,%20like%20Gecko)%20Chrome/124.0%20Safari/537.36&ssu=&ssv=&ssw=&ssx=eyJyZCI6ImlvcC5vcmciLCJfX3V6bWYiOiI3ZjkwMDAzMWE4NmQ5Ny1lMjkwLTRlYjMtOTAzYS05NDY4Nzc0MjdhYzYxLTE3ODI4MzI5MTY0NDYwLTAwNDVhZDdmN2RiYmM2M2IzZWQxMCIsInV6bXgiOiI3ZjkwMDBhNDk2YWM4MS03NjVjLTRlNDctYjJiYS03ODg0Nzg4M2ViOTcxLTE3ODI4MzI5MTY0NDYwLTEwYTU0NWRlYjJjNGJiMGQxMCJ9",article,conference-abstract,True,high,ECS Meeting Abstracts venue with single-page (324-324) and 0 references signals an abstract-only meeting record.,False,200,
https://openalex.org/W2594449319,https://doi.org/10.1149/ma2011-01/10/510,"https://validate.perfdrive.com/fb803c746e9148689b3984a31fccd902/?ssa=52b2bab6-802f-4ef1-9181-2f898d06d14c&ssb=58041222635&ssc=https%3A%2F%2Fiopscience.iop.org%2Farticle%2F10.1149%2FMA2011-01%2F10%2F510&ssi=273f5674-cnvj-4311-a64a-6279bdc770b3&ssk=botmanager_support@radware.com&ssm=22576475722274472107994312614520&ssn=d319952c7c4b6df4d2b24dcbc7118db0e01a1df301c0-fdb3-43ec-8524b4&sso=f7f7eb72-69174a8e0c7887b37752172ea86aad99edbc1f0e8a266368&ssp=67174552541782893546178281589775771&ssq=98082903291697149487632916650427411182985&ssr=NzUuNDkuMTI1LjIwOQ==&sst=Mozilla/5.0%20(Macintosh;%20Intel%20Mac%20OS%20X%2010_15_7)%20AppleWebKit/537.36%20(KHTML,%20like%20Gecko)%20Chrome/124.0%20Safari/537.36&ssu=&ssv=&ssw=&ssx=eyJ1em14IjoiN2Y5MDAwYjhiYmVhYzYtNDRiYy00ZDkwLTk3N2MtYTgyZTczNTZjNjE1MS0xNzgyODMyOTE2OTExMC02NDcxY2ExZWIzOGExNTFhMTAiLCJyZCI6ImlvcC5vcmciLCJfX3V6bWYiOiI3ZjkwMDAxZGYzMDFjMC1mZGIzLTQzZWMtOGI3Mi02OTE3NGE4ZTBjNzgxLTE3ODI4MzI5MTY5MTEwLTAwNDkxZTk3ODZhMjQ2N2JmZmYxMCJ9",article,conference-abstract,True,high,ECS Meeting Abstracts venue with single-page record and 0 references indicates an abstract-only meeting record.,False,200,
https://openalex.org/W4405591226,https://doi.org/10.1149/ma2024-027828mtgabs,"https://validate.perfdrive.com/fb803c746e9148689b3984a31fccd902/?ssa=f1dc5515-54cd-40ab-8039-5b777be375f1&ssb=58041222635&ssc=https%3A%2F%2Fiopscience.iop.org%2Farticle%2F10.1149%2FMA2024-027828mtgabs&ssi=f56561a2-cnvj-48bc-a2de-8d9f272cd13d&ssk=botmanager_support@radware.com&ssm=22576475722274472107994312614520&ssn=d319952c5fe5d794579b5816ff778db0e01abdc1471d-09ac-4878-9524b4&sso=f7f7ecb2-3b7497e06a5187b37752ba4519f2f34b556128748a266368&ssp=67174552541782893546178281589775771&ssq=98082903291697149487632916650427411182985&ssr=NzUuNDkuMTI1LjIwOQ==&sst=Mozilla/5.0%20(Macintosh;%20Intel%20Mac%20OS%20X%2010_15_7)%20AppleWebKit/537.36%20(KHTML,%20like%20Gecko)%20Chrome/124.0%20Safari/537.36&ssu=&ssv=&ssw=&ssx=eyJfX3V6bWYiOiI3ZjkwMDBiZGMxNDcxZC0wOWFjLTQ4NzgtOWNiMi0zYjc0OTdlMDZhNTExLTE3ODI4MzI5MTY4NjUwLTAwNDQ0ZjRjM2Q3ZDc5NTJjYWExMCIsInV6bXgiOiI3ZjkwMDA5YTdhNzg3Mi1mNjQzLTRmOTAtYmQ4Yy1lODQxZTJjOWY1ZmQxLTE3ODI4MzI5MTY4NjUwLTA0ZjQzZGE4ZTlkZTU1NDAxMCIsInJkIjoiaW9wLm9yZyJ9",article,conference-abstract,True,high,ECS Meeting Abstracts venue with single page (828-828) and zero references indicates a meeting abstract.,False,200,
https://openalex.org/W4405588883,https://doi.org/10.1149/ma2024-02422792mtgabs,"https://validate.perfdrive.com/fb803c746e9148689b3984a31fccd902/?ssa=b4e35d25-ed55-4a12-9f91-672dd8bd7ff9&ssb=58041222635&ssc=https%3A%2F%2Fiopscience.iop.org%2Farticle%2F10.1149%2FMA2024-02422792mtgabs&ssi=a92dfbe3-cnvj-4813-b5d7-d528fc474179&ssk=botmanager_support@radware.com&ssm=22576475722274472107994312614520&ssn=d319952cefc99977354c091a6cfb8db0e01abdc6585b-f4b2-4aa1-a524b4&sso=f7f7e134-eb09b7d797f287b37752e513852e01ff72d0d54d8a266368&ssp=67174552541782893546178281589775771&ssq=98082903291697149487632916650427411182985&ssr=NzUuNDkuMTI1LjIwOQ==&sst=Mozilla/5.0%20(Macintosh;%20Intel%20Mac%20OS%20X%2010_15_7)%20AppleWebKit/537.36%20(KHTML,%20like%20Gecko)%20Chrome/124.0%20Safari/537.36&ssu=&ssv=&ssw=&ssx=eyJfX3V6bWYiOiI3ZjkwMDBiZGM2NTg1Yi1mNGIyLTRhYTEtYTEzNC1lYjA5YjdkNzk3ZjIxLTE3ODI4MzI5MTYyNjQwLTAwNDVkOTMyODEwZDc2OWNkNWMxMCIsInV6bXgiOiI3ZjkwMDA3NjU5NzI1MC03ZDdhLTRlMDctODVjMS1iZGZkNTFhOWY1YWUxLTE3ODI4MzI5MTYyNjQwLTQ1ZWM1YWRlZjJiMTQyOWMxMCIsInJkIjoiaW9wLm9yZyJ9",article,conference-abstract,True,high,ECS Meeting Abstracts venue with single-page (2792-2792) and zero references indicates a meeting abstract.,False,200,
https://openalex.org/W2508627311,https://doi.org/10.1149/ma2016-02/43/3194,"https://validate.perfdrive.com/fb803c746e9148689b3984a31fccd902/?ssa=08bc8a58-2404-46cc-ac5e-0f6a948ece7a&ssb=58041222635&ssc=https%3A%2F%2Fiopscience.iop.org%2Farticle%2F10.1149%2FMA2016-02%2F43%2F3194&ssi=304d7c74-cnvj-4b9e-a702-1c083a03ab49&ssk=botmanager_support@radware.com&ssm=22576475722274472107994312614520&ssn=d319952c7985e0ea597ffb692a4b8db0e01a404c287f-2b3f-4404-9524b4&sso=f7f7e479-49924016239687b377524c745db312a393db0ef78a266368&ssp=67174552541782893546178281589775771&ssq=98082903291697149487632916650427411182985&ssr=NzUuNDkuMTI1LjIwOQ==&sst=Mozilla/5.0%20(Macintosh;%20Intel%20Mac%20OS%20X%2010_15_7)%20AppleWebKit/537.36%20(KHTML,%20like%20Gecko)%20Chrome/124.0%20Safari/537.36&ssu=&ssv=&ssw=&ssx=eyJyZCI6ImlvcC5vcmciLCJfX3V6bWYiOiI3ZjkwMDA0MDRjMjg3Zi0yYjNmLTQ0MDQtOTQ3OS00OTkyNDAxNjIzOTYxLTE3ODI4MzI5MTYyODIwLTAwNDU4MmU2MjAyOGY5YmNjNWMxMCIsInV6bXgiOiI3ZjkwMDBhOTg1YzgwOS03MzcwLTQ3NDQtYWFmZi01ZTYxYTA3NmJmZTUxLTE3ODI4MzI5MTYyODIwLWY5ZDI4ZGI3ZjhhM2NlYTExMCJ9",article,conference-abstract,True,high,"ECS Meeting Abstracts venue with single-page (3194-3194), 0 references — an abstract-only meeting record.",False,200,
https://openalex.org/W4391640310,https://doi.org/10.1149/ma2023-02177mtgabs,"https://validate.perfdrive.com/fb803c746e9148689b3984a31fccd902/?ssa=54e038ea-12a8-4f72-992c-f27b3ec819f4&ssb=58041222635&ssc=https%3A%2F%2Fiopscience.iop.org%2Farticle%2F10.1149%2FMA2023-02177mtgabs&ssi=2de15fca-cnvj-4ed8-8c8e-67110f7b6106&ssk=botmanager_support@radware.com&ssm=22576475722274472107994312614520&ssn=d319952cb610318519d4557e2ab18db0e01a61ab6f85-a3fc-4ae4-b524b4&sso=f7f7e0aa-8e39efff9cdd87b37752d2d5cd19943a14c1fc2e8a266368&ssp=67174552541782893546178281589775771&ssq=98082903291697149487632916650427411182985&ssr=NzUuNDkuMTI1LjIwOQ==&sst=Mozilla/5.0%20(Macintosh;%20Intel%20Mac%20OS%20X%2010_15_7)%20AppleWebKit/537.36%20(KHTML,%20like%20Gecko)%20Chrome/124.0%20Safari/537.36&ssu=&ssv=&ssw=&ssx=eyJfX3V6bWYiOiI3ZjkwMDA2MWFiNmY4NS1hM2ZjLTRhZTQtYjBhYS04ZTM5ZWZmZjljZGQxLTE3ODI4MzI5MTY3MjMwLTAwNDFkMmE0MzUyNmY3MzhlNmYxMCIsInV6bXgiOiI3ZjkwMDBhMjY3ZDE5OC03NDc3LTQ2MmItYTJmMC1lZTYwZTI3MGY2ZGExLTE3ODI4MzI5MTY3MjMwLWZlNzk5NTQ3ZTIwMDIyMTcxMCIsInJkIjoiaW9wLm9yZyJ9",article,conference-abstract,True,high,"Venue 'ECS Meeting Abstracts' with single-page (77-77), zero references, and an award-address title is an abstract-only meeting record.",False,200,
https://openalex.org/W4285398514,https://doi.org/10.1149/ma2022-01191069mtgabs,"https://validate.perfdrive.com/fb803c746e9148689b3984a31fccd902/?ssa=ca2cf72f-2169-45ed-a2eb-9f3972d0aa80&ssb=19568293321&ssc=https%3A%2F%2Fiopscience.iop.org%2Farticle%2F10.1149%2FMA2022-01191069mtgabs&ssi=8a6429c6-cnvj-472a-933f-a9b22fc12e9c&ssk=botmanager_support@radware.com&ssm=71720538119970485106857249594016&ssn=5d4d20af343b927b2338a1ef8493ab64e0e7c6063953-92ff-4bc3-8484d0&sso=f6cb8a09-0d938614c66b1367d0224f01e4000d716fdcf466052501e5&ssp=76473832231782885155178283872419087&ssq=71439373291733665965132917587312512304925&ssr=NzUuNDkuMTI1LjIwOQ==&sst=Mozilla/5.0%20(Macintosh;%20Intel%20Mac%20OS%20X%2010_15_7)%20AppleWebKit/537.36%20(KHTML,%20like%20Gecko)%20Chrome/124.0%20Safari/537.36&ssu=&ssv=&ssw=&ssx=eyJyZCI6ImlvcC5vcmciLCJ1em14IjoiN2Y5MDAwZjRjZDE2NmItODNkNC00ZmVjLTg0YzEtNWM2OGQ3OWFhNjU5MS0xNzgyODMyOTE3MjIxMC05MGNmOTQ3YThjYjE2MTUyMTAiLCJfX3V6bWYiOiI3ZjkwMDBjNjA2Mzk1My05MmZmLTRiYzMtOGEwOS0wZDkzODYxNGM2NmIxLTE3ODI4MzI5MTcyMjEwLTAwNGEwMGRlZmQ2ZTEyZmU3NjUxMCJ9",article,conference-abstract,True,high,"ECS Meeting Abstracts venue with single-page, zero-reference abstract-only record.",False,200,
https://openalex.org/W4256406193,https://doi.org/10.1149/ma2018-03/3/149,"https://validate.perfdrive.com/fb803c746e9148689b3984a31fccd902/?ssa=d3ce7bd6-2b7c-4d2c-9acd-bf4ba87341c2&ssb=58041222635&ssc=https%3A%2F%2Fiopscience.iop.org%2Farticle%2F10.1149%2FMA2018-03%2F3%2F149&ssi=1833febb-cnvj-4768-9c9e-2dfedd26a287&ssk=botmanager_support@radware.com&ssm=22576475722274472107994312614520&ssn=d319952cee55b8edf316eab1fd4e8db0e01ac81dfb5e-ae7f-467d-b524b4&sso=f7f7e74e-85ace23d04cf87b3775259e78206ec87e68d450d8a266368&ssp=67174552541782893546178281589775771&ssq=98082903291697149487632916650427411182985&ssr=NzUuNDkuMTI1LjIwOQ==&sst=Mozilla/5.0%20(Macintosh;%20Intel%20Mac%20OS%20X%2010_15_7)%20AppleWebKit/537.36%20(KHTML,%20like%20Gecko)%20Chrome/124.0%20Safari/537.36&ssu=&ssv=&ssw=&ssx=eyJ1em14IjoiN2Y5MDAwZDgyNDc4ZWQtY2NiMy00Yjk3LWFhMjQtMzcwNzAyZDA4Y2JmMS0xNzgyODMyOTE2OTIyMC1kMzBmOWM0YTRiMWNmMWM1MTAiLCJfX3V6bWYiOiI3ZjkwMDBjODFkZmI1ZS1hZTdmLTQ2N2QtYjc0ZS04NWFjZTIzZDA0Y2YxLTE3ODI4MzI5MTY5MjIwLTAwNDNkZTJjZWE1ZTE1YTcwOWYxMCIsInJkIjoiaW9wLm9yZyJ9",article,conference-abstract,True,high,Published in ECS Meeting Abstracts with single page (149-149) and 0 references — an abstract-only meeting record.,False,200,
https://openalex.org/W2336198581,https://doi.org/10.1149/ma2015-01/2/643,"https://validate.perfdrive.com/fb803c746e9148689b3984a31fccd902/?ssa=fffbc95e-40fc-41c9-ba02-f0d090244c9c&ssb=58041222635&ssc=https%3A%2F%2Fiopscience.iop.org%2Farticle%2F10.1149%2FMA2015-01%2F2%2F643&ssi=5af73411-cnvj-464c-afd2-e111c80bd72d&ssk=botmanager_support@radware.com&ssm=22576475722274472107994312614520&ssn=d319952c589a8794428b87c5af998db0e01a2510696e-8016-44eb-b524b4&sso=f7f7ea6d-13d5aee3376287b377522ff1310fda5a7c7dd2a38a266368&ssp=67174552541782893546178281589775771&ssq=98082903291697149487632916650427411182985&ssr=NzUuNDkuMTI1LjIwOQ==&sst=Mozilla/5.0%20(Macintosh;%20Intel%20Mac%20OS%20X%2010_15_7)%20AppleWebKit/537.36%20(KHTML,%20like%20Gecko)%20Chrome/124.0%20Safari/537.36&ssu=&ssv=&ssw=&ssx=eyJfX3V6bWYiOiI3ZjkwMDAyNTEwNjk2ZS04MDE2LTQ0ZWItYmE2ZC0xM2Q1YWVlMzM3NjIxLTE3ODI4MzI5MTYyNzYwLTAwNGVlMTRkZTVhOTNmZWExZWUxMCIsInV6bXgiOiI3ZjkwMDBlZDBhYmVmZC00ODA0LTQ5MmQtYTc4My0wODkzYTQ2MGFiYjcxLTE3ODI4MzI5MTYyNzYwLWQxNmEyODc0NjAwZGMzNjExMCIsInJkIjoiaW9wLm9yZyJ9",article,conference-abstract,True,high,ECS Meeting Abstracts venue with single-page (643-643) and 0 references indicates an abstract-only meeting record.,False,200,
https://openalex.org/W2274958724,https://doi.org/10.1149/ma2013-02/14/1207,"https://validate.perfdrive.com/fb803c746e9148689b3984a31fccd902/?ssa=5443cfbe-9abb-4737-a82b-a75f5d148f5f&ssb=58041222635&ssc=https%3A%2F%2Fiopscience.iop.org%2Farticle%2F10.1149%2FMA2013-02%2F14%2F1207&ssi=166c9e48-cnvj-422c-a25d-1b7a528275e1&ssk=botmanager_support@radware.com&ssm=22576475722274472107994312614520&ssn=d319952c91b378f1fb4b180bdab08db0e01a99c63aac-5c68-469e-8524b4&sso=f7f7e438-febda384658987b37752404cb3de01e3e4d6677a8a266368&ssp=67174552541782893546178281589775771&ssq=98082903291697149487632916650427411182985&ssr=NzUuNDkuMTI1LjIwOQ==&sst=Mozilla/5.0%20(Macintosh;%20Intel%20Mac%20OS%20X%2010_15_7)%20AppleWebKit/537.36%20(KHTML,%20like%20Gecko)%20Chrome/124.0%20Safari/537.36&ssu=&ssv=&ssw=&ssx=eyJfX3V6bWYiOiI3ZjkwMDA5OWM2M2FhYy01YzY4LTQ2OWUtODQzOC1mZWJkYTM4NDY1ODkxLTE3ODI4MzI5MTY0NzYwLTAwNDk1NTEzMTQxM2U4Yzc0ZDgxMCIsInV6bXgiOiI3ZjkwMDAzN2I2Nzc4Zi00NjJlLTQyOTYtODc2NS1lOTgwOTZmZWRlZGYxLTE3ODI4MzI5MTY0NzYwLTdjYjBiZGExYzEwYjMwMDkxMCIsInJkIjoiaW9wLm9yZyJ9",article,conference-abstract,True,high,ECS Meeting Abstracts venue with single-page record and 0 references signals an abstract-only meeting record.,False,200,
https://openalex.org/W4248148563,https://doi.org/10.1149/ma2013-02/50/2757,"https://validate.perfdrive.com/fb803c746e9148689b3984a31fccd902/?ssa=0e488b58-1d15-4c40-acfe-bba23c19be33&ssb=19568293321&ssc=https%3A%2F%2Fiopscience.iop.org%2Farticle%2F10.1149%2FMA2013-02%2F50%2F2757&ssi=0a8aaf73-cnvj-4575-ba73-5a21e27a2263&ssk=botmanager_support@radware.com&ssm=71720538119970485106857249594016&ssn=5d4d20afec7234e7e844ee87f590ab64e0e71bcd342f-9e4a-4903-9484d0&sso=f6cb8d5d-7757197885431367d0229fc019e785b483666b09052501e5&ssp=76473832231782885155178283872419087&ssq=71439373291733665965132917587312512304925&ssr=NzUuNDkuMTI1LjIwOQ==&sst=Mozilla/5.0%20(Macintosh;%20Intel%20Mac%20OS%20X%2010_15_7)%20AppleWebKit/537.36%20(KHTML,%20like%20Gecko)%20Chrome/124.0%20Safari/537.36&ssu=&ssv=&ssw=&ssx=eyJfX3V6bWYiOiI3ZjkwMDAxYmNkMzQyZi05ZTRhLTQ5MDMtOWQ1ZC03NzU3MTk3ODg1NDMxLTE3ODI4MzI5MTcxOTcwLTAwNDgwMTljMzdhMjJjYzMyMzYxMCIsInV6bXgiOiI3ZjkwMDA0MGFmNzdiNC0zYTIyLTQzZWEtOGQ0NC1mMjA5OTlkMjkzNTkxLTE3ODI4MzI5MTcxOTcwLWJhYjMyNWY3MzY4MmMxZDYxMCIsInJkIjoiaW9wLm9yZyJ9",article,conference-abstract,True,high,ECS Meeting Abstracts venue with single-page abstract and zero references indicates a meeting abstract.,False,200,
https://openalex.org/W4309812339,https://doi.org/10.1149/ma2022-02542054mtgabs,"https://validate.perfdrive.com/fb803c746e9148689b3984a31fccd902/?ssa=df56369d-deb0-4f11-8e87-3a7a6ed86834&ssb=58041222635&ssc=https%3A%2F%2Fiopscience.iop.org%2Farticle%2F10.1149%2FMA2022-02542054mtgabs&ssi=d7b18049-cnvj-4120-b1dd-f3adc7d53156&ssk=botmanager_support@radware.com&ssm=22576475722274472107994312614520&ssn=d319952cbc2cb1ec32265da09cb38db0e01aeeef90f8-2f37-48ae-a524b4&sso=f7f7e714-251954909f8087b37752d33b80fccaec6e700ec38a266368&ssp=67174552541782893546178281589775771&ssq=98082903291697149487632916650427411182985&ssr=NzUuNDkuMTI1LjIwOQ==&sst=Mozilla/5.0%20(Macintosh;%20Intel%20Mac%20OS%20X%2010_15_7)%20AppleWebKit/537.36%20(KHTML,%20like%20Gecko)%20Chrome/124.0%20Safari/537.36&ssu=&ssv=&ssw=&ssx=eyJfX3V6bWYiOiI3ZjkwMDBlZWVmOTBmOC0yZjM3LTQ4YWUtYTcxNC0yNTE5NTQ5MDlmODAxLTE3ODI4MzI5MTY4NzkwLTAwNGRkMDZjYzJlOWRkOWU0NTUxMCIsInV6bXgiOiI3ZjkwMDAwNWI3Mjk1OS1jYzY5LTRkNjUtODliMS01YzZiMDUzZjdmMzkxLTE3ODI4MzI5MTY4NzkwLTIxNDdlZTU3NjRkZGMyYWQxMCIsInJkIjoiaW9wLm9yZyJ9",article,conference-abstract,True,high,"ECS Meeting Abstracts venue, single-page (2054-2054), 0 references — an abstract-only meeting record.",False,200,
https://openalex.org/W4241963635,https://doi.org/10.1149/ma2019-01/3/454,"https://validate.perfdrive.com/fb803c746e9148689b3984a31fccd902/?ssa=26e1d8fe-77bc-46e5-a506-7ae76e7bae5c&ssb=19568293321&ssc=https%3A%2F%2Fiopscience.iop.org%2Farticle%2F10.1149%2FMA2019-01%2F3%2F454&ssi=07230eb9-cnvj-4899-ad9e-1b3ce7935775&ssk=botmanager_support@radware.com&ssm=71720538119970485106857249594016&ssn=5d4d20af434bc93aa6b0932a37ddab64e0e71660e2a4-a466-42be-a484d0&sso=f6cb80c5-37c46c4c4cfa1367d0220460a7d15cd3140a75c0052501e5&ssp=76473832231782885155178283872419087&ssq=71439373291733665965132917587312512304925&ssr=NzUuNDkuMTI1LjIwOQ==&sst=Mozilla/5.0%20(Macintosh;%20Intel%20Mac%20OS%20X%2010_15_7)%20AppleWebKit/537.36%20(KHTML,%20like%20Gecko)%20Chrome/124.0%20Safari/537.36&ssu=&ssv=&ssw=&ssx=eyJ1em14IjoiN2Y5MDAwMmEzNTNjZGItOGFhMS00NjMwLWFlZDEtZmJlNzVjZDllMDM4MS0xNzgyODMyOTE3NDQ2MC1hZGU0MDI5NDk5NWNjM2ViMTAiLCJfX3V6bWYiOiI3ZjkwMDAxNjYwZTJhNC1hNDY2LTQyYmUtYTBjNS0zN2M0NmM0YzRjZmExLTE3ODI4MzI5MTc0NDYwLTAwNGZjYTM0MjU3ODdiYzdkYmQxMCIsInJkIjoiaW9wLm9yZyJ9",article,conference-abstract,True,high,Venue 'ECS Meeting Abstracts' with single page 454-454 and zero references signals a meeting abstract.,False,200,
https://openalex.org/W4405593560,https://doi.org/10.1149/ma2024-021111mtgabs,"https://validate.perfdrive.com/fb803c746e9148689b3984a31fccd902/?ssa=f2387c8b-8d35-4ff6-8d7a-f276b11ffc54&ssb=07266246595&ssc=https%3A%2F%2Fiopscience.iop.org%2Farticle%2F10.1149%2FMA2024-021111mtgabs&ssi=90e01575-cnvj-4bcd-ada7-4ad4e5ee2943&ssk=botmanager_support@radware.com&ssm=37430137734055494108162034508658&ssn=629b77236ad8c7dd82d3b386307a1c74bc3bd8713e7c-286c-4ddc-a5fd4c&sso=dc056dfb-6fc4b61a70573aa5a9c736b0c15a07729888d7d9201ba3e0&ssp=47138965521782872120178280976543392&ssq=57028723291576965088732915147171388389533&ssr=NzUuNDkuMTI1LjIwOQ==&sst=Mozilla/5.0%20(Macintosh;%20Intel%20Mac%20OS%20X%2010_15_7)%20AppleWebKit/537.36%20(KHTML,%20like%20Gecko)%20Chrome/124.0%20Safari/537.36&ssu=&ssv=&ssw=&ssx=eyJfX3V6bWYiOiI3ZjkwMDBkODcxM2U3Yy0yODZjLTRkZGMtYWRmYi02ZmM0YjYxYTcwNTcxLTE3ODI4MzI5MTU1NTkwLTAwNGFiZTc3NjcwZmE4MmY0N2QxMCIsInV6bXgiOiI3ZjkwMDBlNjQ4NTRkOS00MWQyLTRhMDEtOTk3Mi1iMTg3ZjVjNjhhOGIxLTE3ODI4MzI5MTU1NTkwLWM5MmY3NmVjMjkzMzdmNzIxMCIsInJkIjoiaW9wLm9yZyJ9",article,conference-abstract,True,high,Venue 'ECS Meeting Abstracts' with single-page (111-111) and 0 references indicates a meeting abstract.,False,200,
https://openalex.org/W2785970853,https://doi.org/10.1149/ma2018-01/45/2620,"https://validate.perfdrive.com/fb803c746e9148689b3984a31fccd902/?ssa=3c84d2e5-3b34-4e8a-8f79-41d51ae9b11c&ssb=19568293321&ssc=https%3A%2F%2Fiopscience.iop.org%2Farticle%2F10.1149%2FMA2018-01%2F45%2F2620&ssi=63a47607-cnvj-43a9-a7da-84fceb4a48ca&ssk=botmanager_support@radware.com&ssm=71720538119970485106857249594016&ssn=5d4d20af98104c8f8352333d8b91ab64e0e71c7a3120-2863-49e0-b484d0&sso=f6cb8507-62a8639205941367d0224857d4b8100401007ea7052501e5&ssp=76473832231782885155178283872419087&ssq=71439373291733665965132917587312512304925&ssr=NzUuNDkuMTI1LjIwOQ==&sst=Mozilla/5.0%20(Macintosh;%20Intel%20Mac%20OS%20X%2010_15_7)%20AppleWebKit/537.36%20(KHTML,%20like%20Gecko)%20Chrome/124.0%20Safari/537.36&ssu=&ssv=&ssw=&ssx=eyJ1em14IjoiN2Y5MDAwMzY4NTE2YjUtMzlmYy00YTg4LWEzYWUtMzE3NzkyMjU1YjNiMS0xNzgyODMyOTE3OTIyMC1kYmQ2MTIwODNjZDE5NjliMTAiLCJfX3V6bWYiOiI3ZjkwMDAxYzdhMzEyMC0yODYzLTQ5ZTAtYjUwNy02MmE4NjM5MjA1OTQxLTE3ODI4MzI5MTc5MjIwLTAwNDZhNzUyMjRmNjFlN2ZiY2YxMCIsInJkIjoiaW9wLm9yZyJ9",article,conference-abstract,True,high,"ECS Meeting Abstracts venue, single-page (2620-2620), zero references — an abstract-only meeting record.",False,200,
https://openalex.org/W4255328319,https://doi.org/10.1149/ma2009-02/36/2745,"https://validate.perfdrive.com/fb803c746e9148689b3984a31fccd902/?ssa=9683aadd-f42b-4efe-b35b-916a82dfb51c&ssb=19568293321&ssc=https%3A%2F%2Fiopscience.iop.org%2Farticle%2F10.1149%2FMA2009-02%2F36%2F2745&ssi=e9ec6a51-cnvj-4626-9a17-459e4aedcd4a&ssk=botmanager_support@radware.com&ssm=71720538119970485106857249594016&ssn=5d4d20af64e274ce926c5aba8a88ab64e0e76965b4e7-6893-4c89-9484d0&sso=f6cb839a-0f34e93f21911367d022c3dcbda900c3aa8d90b5052501e5&ssp=76473832231782885155178283872419087&ssq=71439373291733665965132917587312512304925&ssr=NzUuNDkuMTI1LjIwOQ==&sst=Mozilla/5.0%20(Macintosh;%20Intel%20Mac%20OS%20X%2010_15_7)%20AppleWebKit/537.36%20(KHTML,%20like%20Gecko)%20Chrome/124.0%20Safari/537.36&ssu=&ssv=&ssw=&ssx=eyJfX3V6bWYiOiI3ZjkwMDA2OTY1YjRlNy02ODkzLTRjODktOTM5YS0wZjM0ZTkzZjIxOTExLTE3ODI4MzI5MTc0NDYwLTAwNGE3NzRlZDZiMWVjZDAwYmYxMCIsInJkIjoiaW9wLm9yZyIsInV6bXgiOiI3ZjkwMDA2YmI4MTdiYy1lMWNkLTQwYjUtYWEzNC02ZDZmOGI2YTUyOTcxLTE3ODI4MzI5MTc0NDYwLWQ3MTAwMGI5ODU2M2ExZGMxMCJ9",article,conference-abstract,True,high,Venue 'ECS Meeting Abstracts' with single-page (2745-2745) and 0 references indicates a meeting abstract.,False,200,
https://openalex.org/W4236466794,https://doi.org/10.1149/ma2010-02/10/953,"https://validate.perfdrive.com/fb803c746e9148689b3984a31fccd902/?ssa=6e946e74-34b8-4b94-af4c-3623faf0e0ca&ssb=19568293321&ssc=https%3A%2F%2Fiopscience.iop.org%2Farticle%2F10.1149%2FMA2010-02%2F10%2F953&ssi=b723f824-cnvj-48ae-9acf-aee38ddb5a2d&ssk=botmanager_support@radware.com&ssm=71720538119970485106857249594016&ssn=5d4d20af1fe530ea238ef1cd7585ab64e0e79653f332-f6e7-4da6-b484d0&sso=f6cb88b0-a74b9b24835c1367d02278bed1b1ffb9be5fd588052501e5&ssp=76473832231782885155178283872419087&ssq=71439373291733665965132917587312512304925&ssr=NzUuNDkuMTI1LjIwOQ==&sst=Mozilla/5.0%20(Macintosh;%20Intel%20Mac%20OS%20X%2010_15_7)%20AppleWebKit/537.36%20(KHTML,%20like%20Gecko)%20Chrome/124.0%20Safari/537.36&ssu=&ssv=&ssw=&ssx=eyJyZCI6ImlvcC5vcmciLCJ1em14IjoiN2Y5MDAwMjlmNGI0YzQtOTNlNy00MWM3LTgwNTgtYWQwMDNhYTFiYzRmMS0xNzgyODMyOTE3ODUxMC04MmExNDQ4ODM0NmI1NDNkMTAiLCJfX3V6bWYiOiI3ZjkwMDA5NjUzZjMzMi1mNmU3LTRkYTYtYjhiMC1hNzRiOWIyNDgzNWMxLTE3ODI4MzI5MTc4NTEwLTAwNDIyODkyZGIxNGI2YzRmZDMxMCJ9",article,conference-abstract,True,high,ECS Meeting Abstracts venue with single-page (953-953) and 0 references signals an abstract-only meeting record.,False,200,
https://openalex.org/W2276839108,https://doi.org/10.1149/ma2012-02/5/447,"https://validate.perfdrive.com/fb803c746e9148689b3984a31fccd902/?ssa=bf359317-6202-42ae-92c2-2b12f456588d&ssb=33104225467&ssc=https%3A%2F%2Fiopscience.iop.org%2Farticle%2F10.1149%2FMA2012-02%2F5%2F447&ssi=55b39d55-cnvj-4b00-a1d8-e27fbd7b95ed&ssk=botmanager_support@radware.com&ssm=77267103806547804103311651362104&ssn=0c28734071c7845170bbfa1ca182cd23787abd45ea63-38e5-474e-b0edcb&sso=c3329147-0a8b1bfd44828f1e08702f839f24119b86fcd092046cf107&ssp=97904089131782865038178283779182185&ssq=07463423291881242347532918775595105974206&ssr=NzUuNDkuMTI1LjIwOQ==&sst=Mozilla/5.0%20(Macintosh;%20Intel%20Mac%20OS%20X%2010_15_7)%20AppleWebKit/537.36%20(KHTML,%20like%20Gecko)%20Chrome/124.0%20Safari/537.36&ssu=&ssv=&ssw=&ssx=eyJ1em14IjoiN2Y5MDAwOTg4MGU3NWEtZTg2NS00N2VmLThmYTUtNTY2NDM5ZDczOWEzMS0xNzgyODMyOTE4MDMyMC05ZDBhYmM4NTkzM2U3ZTU5MTAiLCJfX3V6bWYiOiI3ZjkwMDBiZDQ1ZWE2My0zOGU1LTQ3NGUtYjE0Ny0wYThiMWJmZDQ0ODIxLTE3ODI4MzI5MTgwMzIwLTAwNDZiZWNlYWIyOGNhNDZlNjQxMCIsInJkIjoiaW9wLm9yZyJ9",article,conference-abstract,True,high,"ECS Meeting Abstracts venue, single-page (447-447), zero references — an abstract-only meeting record.",False,200,
https://openalex.org/W4386866785,https://doi.org/10.1149/ma2023-0172878mtgabs,"https://validate.perfdrive.com/fb803c746e9148689b3984a31fccd902/?ssa=d8a691d4-0988-41a8-a157-473caf99fbb2&ssb=33104225467&ssc=https%3A%2F%2Fiopscience.iop.org%2Farticle%2F10.1149%2FMA2023-0172878mtgabs&ssi=860f6f32-cnvj-491d-90e9-c36dc57392e1&ssk=botmanager_support@radware.com&ssm=77267103806547804103311651362104&ssn=0c28734070823071e6367c955cc8cd23787a545060ea-f78f-4885-90edcb&sso=c3329c24-d6bf030c6f988f1e087028b2509364fd81299e8b046cf107&ssp=97904089131782865038178283779182185&ssq=07463423291881242347532918775595105974206&ssr=NzUuNDkuMTI1LjIwOQ==&sst=Mozilla/5.0%20(Macintosh;%20Intel%20Mac%20OS%20X%2010_15_7)%20AppleWebKit/537.36%20(KHTML,%20like%20Gecko)%20Chrome/124.0%20Safari/537.36&ssu=&ssv=&ssw=&ssx=eyJ1em14IjoiN2Y5MDAwN2JiODQyMzMtYjQ3ZS00NGVlLWFkYmYtMzZhYzY0MjY2N2M4MS0xNzgyODMyOTE4MTY3MC1mNDk2NzExNjQzZDFlZDAyMTAiLCJyZCI6ImlvcC5vcmciLCJfX3V6bWYiOiI3ZjkwMDA1NDUwNjBlYS1mNzhmLTQ4ODUtOWMyNC1kNmJmMDMwYzZmOTgxLTE3ODI4MzI5MTgxNjcwLTAwNDQ2NWY2NWNhNTk0NDYyM2IxMCJ9",article,conference-abstract,True,high,ECS Meeting Abstracts venue with single page (2878-2878) and 0 references signals an abstract-only meeting record.,False,200,
https://openalex.org/W2607074606,https://doi.org/10.1149/ma2009-02/35/2704,"https://validate.perfdrive.com/fb803c746e9148689b3984a31fccd902/?ssa=4e567518-3a4c-40c3-8269-1dbefa4d02f2&ssb=19568293321&ssc=https%3A%2F%2Fiopscience.iop.org%2Farticle%2F10.1149%2FMA2009-02%2F35%2F2704&ssi=8bd11394-cnvj-4dcb-b7bd-a9b5d0272efe&ssk=botmanager_support@radware.com&ssm=71720538119970485106857249594016&ssn=5d4d20af90d93f94fd9996eeb810ab64e0e7e370e52f-cd6d-4356-8484d0&sso=f6cb8611-0ce902ef93f91367d022e53eb59bb2bfaf095e4d052501e5&ssp=76473832231782885155178283872419087&ssq=71439373291733665965132917587312512304925&ssr=NzUuNDkuMTI1LjIwOQ==&sst=Mozilla/5.0%20(Macintosh;%20Intel%20Mac%20OS%20X%2010_15_7)%20AppleWebKit/537.36%20(KHTML,%20like%20Gecko)%20Chrome/124.0%20Safari/537.36&ssu=&ssv=&ssw=&ssx=eyJ1em14IjoiN2Y5MDAwM2MzMWUwNmYtZjUzNS00OGFjLTg2NGItNDA1YzY3OTE0MmExMS0xNzgyODMyOTE3NjQzMC05YjEyOTE3NWY2MmRhNDEzMTAiLCJyZCI6ImlvcC5vcmciLCJfX3V6bWYiOiI3ZjkwMDBlMzcwZTUyZi1jZDZkLTQzNTYtODYxMS0wY2U5MDJlZjkzZjkxLTE3ODI4MzI5MTc2NDMwLTAwNDk2NTI3YmQ5MWE3N2U1MWMxMCJ9",article,conference-abstract,True,high,ECS Meeting Abstracts venue with single-page record and zero references indicates an abstract-only conference record.,False,200,
https://openalex.org/W4232749950,https://doi.org/10.1149/ma2010-02/30/1886,"https://validate.perfdrive.com/fb803c746e9148689b3984a31fccd902/?ssa=dcba7a70-0802-431f-9285-922be9840abf&ssb=58041222635&ssc=https%3A%2F%2Fiopscience.iop.org%2Farticle%2F10.1149%2FMA2010-02%2F30%2F1886&ssi=21feedbc-cnvj-42f1-a024-3b4849699340&ssk=botmanager_support@radware.com&ssm=22576475722274472107994312614520&ssn=d319952ccb476e3d66b40d7cc6db8db0e01a48551a45-97c6-44c8-a524b4&sso=f7f7e140-73434eedc81287b3775282103b8db13f1b4226728a266368&ssp=67174552541782893546178281589775771&ssq=98082903291697149487632916650427411182985&ssr=NzUuNDkuMTI1LjIwOQ==&sst=Mozilla/5.0%20(Macintosh;%20Intel%20Mac%20OS%20X%2010_15_7)%20AppleWebKit/537.36%20(KHTML,%20like%20Gecko)%20Chrome/124.0%20Safari/537.36&ssu=&ssv=&ssw=&ssx=eyJfX3V6bWYiOiI3ZjkwMDA0ODU1MWE0NS05N2M2LTQ0YzgtYTE0MC03MzQzNGVlZGM4MTIxLTE3ODI4MzI5MTY5OTgwLTAwNGIyOWNmYjBmMmU5MDNmZmMxMCIsInV6bXgiOiI3ZjkwMDA2Y2MyZDBlMC1mMTE1LTQwNzItYWMzNS01YmQ1MjY0NzllNTMxLTE3ODI4MzI5MTY5OTgwLWUxYTdlMWI4Nzg1MTVhZGYxMCIsInJkIjoiaW9wLm9yZyJ9",article,conference-abstract,True,high,ECS Meeting Abstracts venue with single-page (1886-1886) and 0 references signals an abstract-only meeting record.,False,200,
https://openalex.org/W2342466719,https://doi.org/10.1149/ma2013-01/32/1141,"https://validate.perfdrive.com/fb803c746e9148689b3984a31fccd902/?ssa=a7804ee6-954e-4c18-97ac-76beb5afbb47&ssb=19568293321&ssc=https%3A%2F%2Fiopscience.iop.org%2Farticle%2F10.1149%2FMA2013-01%2F32%2F1141&ssi=e0576934-cnvj-4bf3-8a6a-76bcbfcf1c54&ssk=botmanager_support@radware.com&ssm=71720538119970485106857249594016&ssn=5d4d20afabacee56b9e880e19423ab64e0e7aafd10e3-27f5-46b3-9484d0&sso=f6cb8b34-95f6733e9f7e1367d0226e62169b8a0e39e8bdf1052501e5&ssp=76473832231782885155178283872419087&ssq=71439373291733665965132917587312512304925&ssr=NzUuNDkuMTI1LjIwOQ==&sst=Mozilla/5.0%20(Macintosh;%20Intel%20Mac%20OS%20X%2010_15_7)%20AppleWebKit/537.36%20(KHTML,%20like%20Gecko)%20Chrome/124.0%20Safari/537.36&ssu=&ssv=&ssw=&ssx=eyJ1em14IjoiN2Y5MDAwODQ1OGQ4MzEtM2M0Ny00MzdiLWFkOTgtYzNiZjIyMjY3YTVhMS0xNzgyODMyOTE3MDUyMC1lNjZlZmQ3ZDY3MTgyYzViMTAiLCJyZCI6ImlvcC5vcmciLCJfX3V6bWYiOiI3ZjkwMDBhYWZkMTBlMy0yN2Y1LTQ2YjMtOWIzNC05NWY2NzMzZTlmN2UxLTE3ODI4MzI5MTcwNTIwLTAwNDBiYzVhOTFlODFkYmZjNTAxMCJ9",article,conference-abstract,True,high,"Published in ECS Meeting Abstracts with single-page (1141-1141) and 0 references, characteristic of a meeting abstract.",False,200,
https://openalex.org/W3214119231,https://doi.org/10.1149/ma2021-02123mtgabs,"https://validate.perfdrive.com/fb803c746e9148689b3984a31fccd902/?ssa=44f056e4-1f2f-43a0-9ef7-0983c0e7768e&ssb=33104225467&ssc=https%3A%2F%2Fiopscience.iop.org%2Farticle%2F10.1149%2FMA2021-02123mtgabs&ssi=f5f879fb-cnvj-483b-9360-e66d533b3390&ssk=botmanager_support@radware.com&ssm=77267103806547804103311651362104&ssn=0c287340114e7a2a345d74c7b7d8cd23787a9eef0c0a-c89a-4e58-80edcb&sso=c3329816-dda154b1676b8f1e08700148924e4da1ea0fb36e046cf107&ssp=97904089131782865038178283779182185&ssq=07463423291881242347532918775595105974206&ssr=NzUuNDkuMTI1LjIwOQ==&sst=Mozilla/5.0%20(Macintosh;%20Intel%20Mac%20OS%20X%2010_15_7)%20AppleWebKit/537.36%20(KHTML,%20like%20Gecko)%20Chrome/124.0%20Safari/537.36&ssu=&ssv=&ssw=&ssx=eyJfX3V6bWYiOiI3ZjkwMDA5ZWVmMGMwYS1jODlhLTRlNTgtODgxNi1kZGExNTRiMTY3NmIxLTE3ODI4MzI5MTgyMTgwLTAwNGJlYWExZmZmZmJmNzIyYTgxMCIsInV6bXgiOiI3ZjkwMDBhYTYzOTg3Yi1mMTZlLTQyM2YtYjE4OC03MWY1MjcxZDM3OWMxLTE3ODI4MzI5MTgyMTgwLWU3Yzg3ZGViZjQxZWM5M2UxMCIsInJkIjoiaW9wLm9yZyJ9",article,conference-abstract,True,high,"ECS Meeting Abstracts venue with single-page (23-23), zero references, and abstract-only record.",False,200,
https://openalex.org/W3185873802,https://doi.org/10.1149/ma2021-01431754mtgabs,"https://validate.perfdrive.com/fb803c746e9148689b3984a31fccd902/?ssa=33060c5e-c60e-4642-9df2-45129b5a0061&ssb=07266246595&ssc=https%3A%2F%2Fiopscience.iop.org%2Farticle%2F10.1149%2FMA2021-01431754mtgabs&ssi=6e6c4c6e-cnvj-4725-875d-981ec29466e7&ssk=botmanager_support@radware.com&ssm=37430137734055494108162034508658&ssn=629b772374d969a36713c780b61d1c74bc3b566f15d0-574b-49a3-95fd4c&sso=dc0564af-f15171907e0f3aa5a9c758befeb2d349fce5be6a201ba3e0&ssp=47138965521782872120178280976543392&ssq=57028723291576965088732915147171388389533&ssr=NzUuNDkuMTI1LjIwOQ==&sst=Mozilla/5.0%20(Macintosh;%20Intel%20Mac%20OS%20X%2010_15_7)%20AppleWebKit/537.36%20(KHTML,%20like%20Gecko)%20Chrome/124.0%20Safari/537.36&ssu=&ssv=&ssw=&ssx=eyJfX3V6bWYiOiI3ZjkwMDA1NjZmMTVkMC01NzRiLTQ5YTMtOTRhZi1mMTUxNzE5MDdlMGYxLTE3ODI4MzI5MTU4MTIwLTAwNDlmMDY1MGY1MWU1ZjJhMGIxMCIsInV6bXgiOiI3ZjkwMDBiZGI0NWE2MS03MTg3LTRhOTEtODM2ZC1hZDNiNmJkY2M0MTQxLTE3ODI4MzI5MTU4MTIwLTQ0NTMwNzkxNTkxMTE3OGYxMCIsInJkIjoiaW9wLm9yZyJ9",article,conference-abstract,True,high,ECS Meeting Abstracts venue with single-page (1754-1754) and 0 references signals an abstract-only conference record.,False,200,
https://openalex.org/W4412513577,https://doi.org/10.1149/ma2025-01623023mtgabs,"https://validate.perfdrive.com/fb803c746e9148689b3984a31fccd902/?ssa=d495800b-a64a-47b7-b2af-f906c502f453&ssb=33104225467&ssc=https%3A%2F%2Fiopscience.iop.org%2Farticle%2F10.1149%2FMA2025-01623023mtgabs&ssi=59fe01bb-cnvj-4e2c-9c66-f737443e0a0e&ssk=botmanager_support@radware.com&ssm=77267103806547804103311651362104&ssn=0c287340b4ed1dfcad5a4685d1bdcd23787a9123d0ee-2536-412c-80edcb&sso=c3329305-fc7e35d122048f1e0870d6b1083c403939fd8624046cf107&ssp=97904089131782865038178283779182185&ssq=07463423291881242347532918775595105974206&ssr=NzUuNDkuMTI1LjIwOQ==&sst=Mozilla/5.0%20(Macintosh;%20Intel%20Mac%20OS%20X%2010_15_7)%20AppleWebKit/537.36%20(KHTML,%20like%20Gecko)%20Chrome/124.0%20Safari/537.36&ssu=&ssv=&ssw=&ssx=eyJyZCI6ImlvcC5vcmciLCJfX3V6bWYiOiI3ZjkwMDA5MTIzZDBlZS0yNTM2LTQxMmMtODMwNS1mYzdlMzVkMTIyMDQxLTE3ODI4MzI5MTg4NDYwLTAwNDc4MDM5ZGEzNTIxYjU4NGIxMCIsInV6bXgiOiI3ZjkwMDA5NmM2NTFjYS04NDQ2LTQ2ZmItYTMxYS01MjU2NDNjMDMxODAxLTE3ODI4MzI5MTg4NDYwLWI5YmQ2ZTkwMDc1M2UyZmUxMCJ9",article,conference-abstract,True,high,ECS Meeting Abstracts venue with single-page (3023-3023) and zero references indicates a meeting abstract.,False,200,
https://openalex.org/W2235287367,https://doi.org/10.1149/ma2015-02/49/1940,"https://validate.perfdrive.com/fb803c746e9148689b3984a31fccd902/?ssa=4d316092-4198-4cba-9faf-4c7013a93dd6&ssb=33104225467&ssc=https%3A%2F%2Fiopscience.iop.org%2Farticle%2F10.1149%2FMA2015-02%2F49%2F1940&ssi=78de107d-cnvj-455b-9c0a-2c64b5d8da63&ssk=botmanager_support@radware.com&ssm=77267103806547804103311651362104&ssn=0c2873409552d2a700dd309cf809cd23787a47740cbc-8032-4dcb-90edcb&sso=c3329437-8423f246c4ac8f1e0870b91d6120826d998ad963046cf107&ssp=97904089131782865038178283779182185&ssq=07463423291881242347532918775595105974206&ssr=NzUuNDkuMTI1LjIwOQ==&sst=Mozilla/5.0%20(Macintosh;%20Intel%20Mac%20OS%20X%2010_15_7)%20AppleWebKit/537.36%20(KHTML,%20like%20Gecko)%20Chrome/124.0%20Safari/537.36&ssu=&ssv=&ssw=&ssx=eyJfX3V6bWYiOiI3ZjkwMDA0Nzc0MGNiYy04MDMyLTRkY2ItOTQzNy04NDIzZjI0NmM0YWMxLTE3ODI4MzI5MTgwMDgwLTAwNGRmY2Y3ZDAyZmQyNTdiMWMxMCIsInV6bXgiOiI3ZjkwMDA3ZWUyNTQ0OC0yNDZhLTQ0N2ItOTNkZi01NmNhMjI5ZTJjZmMxLTE3ODI4MzI5MTgwMDgwLTZjZGU1NjhmYmQ0MDAwNzAxMCIsInJkIjoiaW9wLm9yZyJ9",article,conference-abstract,True,high,"Venue 'ECS Meeting Abstracts', single-page record (1940-1940), and zero references indicate an abstract-only meeting record.",False,200,
https://openalex.org/W2613194551,https://doi.org/10.1149/ma2017-01/10/739,"https://validate.perfdrive.com/fb803c746e9148689b3984a31fccd902/?ssa=10f3c0ba-831a-4ee3-ba9b-7e3b8d6b7d38&ssb=61280244070&ssc=https%3A%2F%2Fiopscience.iop.org%2Farticle%2F10.1149%2FMA2017-01%2F10%2F739&ssi=46bf3bf0-cnvj-4a64-8a0b-3540d2ab5447&ssk=botmanager_support@radware.com&ssm=95442801153968562104404625470726&ssn=ecb6a45705773e6985b497db5e229c8923e3c5d54466-80bc-4f49-bbf655&sso=249e98fc-dcea30939c0b5396cdec8e3257cc619023cf70a15bc636b4&ssp=93232307591782820012178280748593639&ssq=28694703291947985873032919229606897974684&ssr=NzUuNDkuMTI1LjIwOQ==&sst=Mozilla/5.0%20(Macintosh;%20Intel%20Mac%20OS%20X%2010_15_7)%20AppleWebKit/537.36%20(KHTML,%20like%20Gecko)%20Chrome/124.0%20Safari/537.36&ssu=&ssv=&ssw=&ssx=eyJfX3V6bWYiOiI3ZjkwMDBjNWQ1NDQ2Ni04MGJjLTRmNDktYjhmYy1kY2VhMzA5MzljMGIxLTE3ODI4MzI5MTkwNTEwLTAwNGViYWIxZGM3YzM0ZjJiYjQxMCIsInV6bXgiOiI3ZjkwMDA1MWMxMjE5Ny1lNzY0LTRiNmItYjc4ZC04ZGViYjMzODNiNjQxLTE3ODI4MzI5MTkwNTEwLTAyNmQ0ZWMzN2Q3NGU4NTUxMCIsInJkIjoiaW9wLm9yZyJ9",article,conference-abstract,True,high,"ECS Meeting Abstracts venue, single-page (739-739), zero references—an abstract-only meeting record.",False,200,
https://openalex.org/W4391640089,https://doi.org/10.1149/ma2023-02291503mtgabs,"https://validate.perfdrive.com/fb803c746e9148689b3984a31fccd902/?ssa=ee173722-ebe9-4e32-a5cb-e54dbfa188ce&ssb=33104225467&ssc=https%3A%2F%2Fiopscience.iop.org%2Farticle%2F10.1149%2FMA2023-02291503mtgabs&ssi=6330257a-cnvj-4918-86ab-fe662ef900ee&ssk=botmanager_support@radware.com&ssm=77267103806547804103311651362104&ssn=0c287340734b3f2de33d93854cbdcd23787a99b357e9-dad2-4863-80edcb&sso=c33293f4-e963d80d21a18f1e08700eee878e99615bdf44bc046cf107&ssp=97904089131782865038178283779182185&ssq=07463423291881242347532918775595105974206&ssr=NzUuNDkuMTI1LjIwOQ==&sst=Mozilla/5.0%20(Macintosh;%20Intel%20Mac%20OS%20X%2010_15_7)%20AppleWebKit/537.36%20(KHTML,%20like%20Gecko)%20Chrome/124.0%20Safari/537.36&ssu=&ssv=&ssw=&ssx=eyJyZCI6ImlvcC5vcmciLCJfX3V6bWYiOiI3ZjkwMDA5OWIzNTdlOS1kYWQyLTQ4NjMtODNmNC1lOTYzZDgwZDIxYTExLTE3ODI4MzI5MTg0MzEwLTAwNDg1MzY3Y2M0NmY3YWRhODgxMCIsInV6bXgiOiI3ZjkwMDAxMmU2OGZiNC1iNzliLTQxODAtOThlYS04NzZjNjU5Yjc1NDQxLTE3ODI4MzI5MTg0MzEwLWU3YWVmNGY3MzljZjBkZWMxMCJ9",article,conference-abstract,True,high,ECS Meeting Abstracts venue with single-page (1503-1503) and 0 references indicates an abstract-only meeting record.,False,200,
https://openalex.org/W4231177546,https://doi.org/10.1149/ma2021-01461849mtgabs,"https://validate.perfdrive.com/fb803c746e9148689b3984a31fccd902/?ssa=651ff73e-a969-455b-9d7a-263f6901c6ae&ssb=61280244070&ssc=https%3A%2F%2Fiopscience.iop.org%2Farticle%2F10.1149%2FMA2021-01461849mtgabs&ssi=4c8d0e95-cnvj-4bf1-a515-d3bc8b879ad5&ssk=botmanager_support@radware.com&ssm=95442801153968562104404625470726&ssn=ecb6a457daf6d29bc1a24b7fb8c69c8923e307f6b26a-681f-4df8-abf655&sso=249e9e11-6094384acbb95396cdec48d9c6a3145ca9c5adab5bc636b4&ssp=93232307591782820012178280748593639&ssq=28694703291947985873032919229606897974684&ssr=NzUuNDkuMTI1LjIwOQ==&sst=Mozilla/5.0%20(Macintosh;%20Intel%20Mac%20OS%20X%2010_15_7)%20AppleWebKit/537.36%20(KHTML,%20like%20Gecko)%20Chrome/124.0%20Safari/537.36&ssu=&ssv=&ssw=&ssx=eyJ1em14IjoiN2Y5MDAwY2I1NmNiMmEtNjQ5Mi00NDUwLWEwNDktNjA2ZGYxMjA2Nzg5MS0xNzgyODMyOTE5MzY5MC1iNjE4OWMxYWUzNmIzNTZiMTAiLCJyZCI6ImlvcC5vcmciLCJfX3V6bWYiOiI3ZjkwMDAwN2Y2YjI2YS02ODFmLTRkZjgtYWUxMS02MDk0Mzg0YWNiYjkxLTE3ODI4MzI5MTkzNjkwLTAwNDk2NTM4ODNlYzY4ODc4YWExMCJ9",article,conference-abstract,True,high,"ECS Meeting Abstracts venue, single-page (1849-1849), 0 references — an abstract-only meeting record.",False,200,
https://openalex.org/W4248741647,https://doi.org/10.1149/ma2012-02/43/3183,"https://validate.perfdrive.com/fb803c746e9148689b3984a31fccd902/?ssa=410c8fd7-1546-4450-9271-1f821c1fb0de&ssb=61280244070&ssc=https%3A%2F%2Fiopscience.iop.org%2Farticle%2F10.1149%2FMA2012-02%2F43%2F3183&ssi=b3e07054-cnvj-485c-807d-d2ceeabaf088&ssk=botmanager_support@radware.com&ssm=95442801153968562104404625470726&ssn=ecb6a457770992f851a2e8f017909c8923e31c662ff1-03a2-456b-abf655&sso=249e9800-11a2a479dd745396cdec45259b6b0e207dc203ff5bc636b4&ssp=93232307591782820012178280748593639&ssq=28694703291947985873032919229606897974684&ssr=NzUuNDkuMTI1LjIwOQ==&sst=Mozilla/5.0%20(Macintosh;%20Intel%20Mac%20OS%20X%2010_15_7)%20AppleWebKit/537.36%20(KHTML,%20like%20Gecko)%20Chrome/124.0%20Safari/537.36&ssu=&ssv=&ssw=&ssx=eyJyZCI6ImlvcC5vcmciLCJ1em14IjoiN2Y5MDAwZDUzZTVkMmItZThjMS00MGM2LTk3MTctNGYyNzRlMzY0NTAzMS0xNzgyODMyOTE5NDE3MC05NTgyZDMwYWE4ZGIyODYxMTAiLCJfX3V6bWYiOiI3ZjkwMDAxYzY2MmZmMS0wM2EyLTQ1NmItYTgwMC0xMWEyYTQ3OWRkNzQxLTE3ODI4MzI5MTk0MTcwLTAwNDMwMjlkNzc3YjNhYzY3MmYxMCJ9",article,conference-abstract,True,high,ECS Meeting Abstracts venue with single-page record and 0 references indicates a meeting abstract.,False,200,
https://openalex.org/W2599308128,https://doi.org/10.1149/ma2012-02/53/3621,"https://validate.perfdrive.com/fb803c746e9148689b3984a31fccd902/?ssa=4ccf4e24-ddb6-4989-a6e3-276a5c410525&ssb=58041222635&ssc=https%3A%2F%2Fiopscience.iop.org%2Farticle%2F10.1149%2FMA2012-02%2F53%2F3621&ssi=0c247fdb-cnvj-4b41-b35c-20a61b3a2ade&ssk=botmanager_support@radware.com&ssm=22576475722274472107994312614520&ssn=d319952c1d6121c53652ddd1c2a48db0e01a436fc0fc-23b6-4f11-8524b4&sso=f7f7e5cd-97f2e301d32587b377529c52a4fc8e7859725d608a266368&ssp=67174552541782893546178281589775771&ssq=98082903291697149487632916650427411182985&ssr=NzUuNDkuMTI1LjIwOQ==&sst=Mozilla/5.0%20(Macintosh;%20Intel%20Mac%20OS%20X%2010_15_7)%20AppleWebKit/537.36%20(KHTML,%20like%20Gecko)%20Chrome/124.0%20Safari/537.36&ssu=&ssv=&ssw=&ssx=eyJfX3V6bWYiOiI3ZjkwMDA0MzZmYzBmYy0yM2I2LTRmMTEtODVjZC05N2YyZTMwMWQzMjUxLTE3ODI4MzI5MTY3ODEwLTAwNDI4NDVjZDI0NzYyYmMyYzIxMCIsInV6bXgiOiI3ZjkwMDBjNzhjMjU4NS0wNDE5LTQ4MGEtYjJiNi1kMWU1Zjg2OTUyMWYxLTE3ODI4MzI5MTY3ODEwLTNkMWYzNGJmYjE4OTA3MmIxMCIsInJkIjoiaW9wLm9yZyJ9",article,conference-abstract,True,high,Venue 'ECS Meeting Abstracts' with single-page record and 0 references indicates a meeting abstract.,False,200,
https://openalex.org/W4233904485,https://doi.org/10.1149/ma2007-01/32/1165,"https://validate.perfdrive.com/fb803c746e9148689b3984a31fccd902/?ssa=e0ec5806-df6a-4f52-9063-e8d60fc1df44&ssb=61280244070&ssc=https%3A%2F%2Fiopscience.iop.org%2Farticle%2F10.1149%2FMA2007-01%2F32%2F1165&ssi=7467e3c6-cnvj-4b01-afe0-4f1026c5710d&ssk=botmanager_support@radware.com&ssm=95442801153968562104404625470726&ssn=ecb6a457ff141feee016f6c4d65a9c8923e383864424-e794-4c93-9bf655&sso=249e996e-e0c6bdb4fd515396cdeccab85ead3571512d27005bc636b4&ssp=93232307591782820012178280748593639&ssq=28694703291947985873032919229606897974684&ssr=NzUuNDkuMTI1LjIwOQ==&sst=Mozilla/5.0%20(Macintosh;%20Intel%20Mac%20OS%20X%2010_15_7)%20AppleWebKit/537.36%20(KHTML,%20like%20Gecko)%20Chrome/124.0%20Safari/537.36&ssu=&ssv=&ssw=&ssx=eyJyZCI6ImlvcC5vcmciLCJ1em14IjoiN2Y5MDAwNGI5Y2Y0ZWUtNzgyZi00ZmFkLTg3MmYtNWUxOWIwZTFiZmVjMS0xNzgyODMyOTE5MzQ3MC1iZmE3MzAzNmJjNmFiNGQzMTAiLCJfX3V6bWYiOiI3ZjkwMDA4Mzg2NDQyNC1lNzk0LTRjOTMtOTk2ZS1lMGM2YmRiNGZkNTExLTE3ODI4MzI5MTkzNDcwLTAwNGI3N2Q0Y2JhNzhlMzM5NjIxMCJ9",article,conference-abstract,True,high,"Venue 'ECS Meeting Abstracts', single-page (1165-1165), and 0 references indicate an abstract-only meeting record.",False,200,
https://openalex.org/W4250542066,https://doi.org/10.1149/ma2008-02/20/1689,"https://validate.perfdrive.com/fb803c746e9148689b3984a31fccd902/?ssa=27faaf89-0f89-4ef3-9c4e-8baa617c5511&ssb=61280244070&ssc=https%3A%2F%2Fiopscience.iop.org%2Farticle%2F10.1149%2FMA2008-02%2F20%2F1689&ssi=8114c863-cnvj-47f5-87f5-ec689c63fca8&ssk=botmanager_support@radware.com&ssm=95442801153968562104404625470726&ssn=ecb6a457c4ab1755d0df741974cd9c8923e399753b52-5b5a-4cf6-bbf655&sso=249e91c2-eaee64526f555396cdec83c1a62a7084355b162d5bc636b4&ssp=93232307591782820012178280748593639&ssq=28694703291947985873032919229606897974684&ssr=NzUuNDkuMTI1LjIwOQ==&sst=Mozilla/5.0%20(Macintosh;%20Intel%20Mac%20OS%20X%2010_15_7)%20AppleWebKit/537.36%20(KHTML,%20like%20Gecko)%20Chrome/124.0%20Safari/537.36&ssu=&ssv=&ssw=&ssx=eyJfX3V6bWYiOiI3ZjkwMDA5OTc1M2I1Mi01YjVhLTRjZjYtYjFjMi1lYWVlNjQ1MjZmNTUxLTE3ODI4MzI5MTk2NDIwLTAwNGJhNmI2Y2JiMDk5MTgxN2QxMCIsInV6bXgiOiI3ZjkwMDBkZjFlZDlmMC02ODQ5LTQyYTktYWM4YS1jOTBkNGZiNTliMjgxLTE3ODI4MzI5MTk2NDIwLTU4Y2FkM2RhZDk2NTM0ZmMxMCIsInJkIjoiaW9wLm9yZyJ9",article,conference-abstract,True,high,"Published in ECS Meeting Abstracts with single-page record and zero references, indicating an abstract-only proceedings entry.",False,200,
https://openalex.org/W4405588855,https://doi.org/10.1149/ma2024-02382576mtgabs,"https://validate.perfdrive.com/fb803c746e9148689b3984a31fccd902/?ssa=d19bb765-0fab-4946-80e3-02e5f660033c&ssb=22454280890&ssc=https%3A%2F%2Fiopscience.iop.org%2Farticle%2F10.1149%2FMA2024-02382576mtgabs&ssi=58a700dc-cnvj-4fb2-ad32-cff6d4445f94&ssk=botmanager_support@radware.com&ssm=88113936632246437102217491778105&ssn=badc0ec2db5f0a0599722809465937f19b614bf8e009-f7f8-4763-b85bcf&sso=73f9a5bc-609952c116d5795a78d6f54871e95efccfd269184be3ff94&ssp=05833867731782875748178281335447471&ssq=35433673292085734753632920548198045066282&ssr=NzUuNDkuMTI1LjIwOQ==&sst=Mozilla/5.0%20(Macintosh;%20Intel%20Mac%20OS%20X%2010_15_7)%20AppleWebKit/537.36%20(KHTML,%20like%20Gecko)%20Chrome/124.0%20Safari/537.36&ssu=&ssv=&ssw=&ssx=eyJfX3V6bWYiOiI3ZjkwMDA0YmY4ZTAwOS1mN2Y4LTQ3NjMtYjViYy02MDk5NTJjMTE2ZDUxLTE3ODI4MzI5MjAwNjIwLTAwNGQyOGMzN2IxYWI2YjI1MzExMCIsInV6bXgiOiI3ZjkwMDAxNjMxOTRkOS0xYjQzLTQ1NDktYTY5Mi02N2MyMTY4OWYxMzMxLTE3ODI4MzI5MjAwNjIwLTEyYzhjZGY1ZDAwZmI2NjkxMCIsInJkIjoiaW9wLm9yZyJ9",article,conference-abstract,True,high,ECS Meeting Abstracts venue with single-page (2576-2576) and 0 references signals an abstract-only meeting record.,False,200,
https://openalex.org/W2260087769,https://doi.org/10.1149/ma2015-01/18/1262,"https://validate.perfdrive.com/fb803c746e9148689b3984a31fccd902/?ssa=d5eefed8-8d3b-45af-af37-fb0ee6f60207&ssb=32031220760&ssc=https%3A%2F%2Fiopscience.iop.org%2Farticle%2F10.1149%2FMA2015-01%2F18%2F1262&ssi=3c1c416b-cnvj-400a-a2ad-26a7d84c7d28&ssk=botmanager_support@radware.com&ssm=01622785359171294107583342453378&ssn=c27593bd95fedc67567e6a487e97cbf43e23ab3bb079-6e3a-41d8-b56b66&sso=0de49877-59fed7e86d9e8df41a64273a4f49932129cf068207e412ab&ssp=61367074131782809550178280874570797&ssq=46760843291246342450732912228094806533099&ssr=NzUuNDkuMTI1LjIwOQ==&sst=Mozilla/5.0%20(Macintosh;%20Intel%20Mac%20OS%20X%2010_15_7)%20AppleWebKit/537.36%20(KHTML,%20like%20Gecko)%20Chrome/124.0%20Safari/537.36&ssu=&ssv=&ssw=&ssx=eyJyZCI6ImlvcC5vcmciLCJfX3V6bWYiOiI3ZjkwMDBhYjNiYjA3OS02ZTNhLTQxZDgtYjg3Ny01OWZlZDdlODZkOWUxLTE3ODI4MzI5MTIwNjMwLTAwNGNiM2YwNGVkODI0NDI3MTgxMCIsInV6bXgiOiI3ZjkwMDAyODcxZmQ1Yi1hNDRkLTQ4NjYtYTYyNi03MGEyMGJhYzhiZmMxLTE3ODI4MzI5MTIwNjMwLTc0N2NjMmY2ZDA3OWNiZTcxMCJ9",article,conference-abstract,True,high,ECS Meeting Abstracts venue with single-page record and 0 references indicates an abstract-only conference record.,False,200,
https://openalex.org/W2183428380,https://doi.org/10.1149/ma2012-02/10/1049,"https://validate.perfdrive.com/fb803c746e9148689b3984a31fccd902/?ssa=5844bc22-60fd-41f9-ad98-2a57e09d9527&ssb=22454280890&ssc=https%3A%2F%2Fiopscience.iop.org%2Farticle%2F10.1149%2FMA2012-02%2F10%2F1049&ssi=1151b770-cnvj-41d1-be12-1b952623b247&ssk=botmanager_support@radware.com&ssm=88113936632246437102217491778105&ssn=badc0ec298abf0fa7c5aa680acc737f19b61085ba558-6942-45a4-985bcf&sso=73f9afa7-cae5cbd6db09795a78d61928f265ec5d0ead6a654be3ff94&ssp=05833867731782875748178281335447471&ssq=35433673292085734753632920548198045066282&ssr=NzUuNDkuMTI1LjIwOQ==&sst=Mozilla/5.0%20(Macintosh;%20Intel%20Mac%20OS%20X%2010_15_7)%20AppleWebKit/537.36%20(KHTML,%20like%20Gecko)%20Chrome/124.0%20Safari/537.36&ssu=&ssv=&ssw=&ssx=eyJyZCI6ImlvcC5vcmciLCJ1em14IjoiN2Y5MDAwMTRkZDgzZmUtYzVjMS00ZjcyLTkxZTQtNmY4OGExNmNjN2QxMS0xNzgyODMyOTIwMzEwMC03MGU4ZGM4ZDZmYjNmOGUwMTAiLCJfX3V6bWYiOiI3ZjkwMDAwODViYTU1OC02OTQyLTQ1YTQtOWZhNy1jYWU1Y2JkNmRiMDkxLTE3ODI4MzI5MjAzMTAwLTAwNDk0MzdkZjRjNDhmYWMwMzYxMCJ9",article,conference-abstract,True,high,Venue 'ECS Meeting Abstracts' with single-page (1049-1049) record indicates a meeting abstract.,False,200,
https://openalex.org/W4238620073,https://doi.org/10.1149/ma2005-01/30/1254,"https://validate.perfdrive.com/fb803c746e9148689b3984a31fccd902/?ssa=1d5d9eb3-7757-4dd8-988a-0832001b5bd6&ssb=58041222635&ssc=https%3A%2F%2Fiopscience.iop.org%2Farticle%2F10.1149%2FMA2005-01%2F30%2F1254&ssi=38d2ff27-cnvj-4a5b-a2e5-1674fba1aa9d&ssk=botmanager_support@radware.com&ssm=22576475722274472107994312614520&ssn=d319952c4320a687f8ff0f54b0488db0e01a81e86c89-36f3-4b80-a524b4&sso=f7f7ee97-9c8d4d24d32e87b37752ae7149a80cbcc53d88198a266368&ssp=67174552541782893546178281589775771&ssq=98082903291697149487632916650427411182985&ssr=NzUuNDkuMTI1LjIwOQ==&sst=Mozilla/5.0%20(Macintosh;%20Intel%20Mac%20OS%20X%2010_15_7)%20AppleWebKit/537.36%20(KHTML,%20like%20Gecko)%20Chrome/124.0%20Safari/537.36&ssu=&ssv=&ssw=&ssx=eyJfX3V6bWYiOiI3ZjkwMDA4MWU4NmM4OS0zNmYzLTRiODAtYWU5Ny05YzhkNGQyNGQzMmUxLTE3ODI4MzI5MTY2ODYwLTAwNDMyMWY5M2EyNGIxMmViNDkxMCIsInJkIjoiaW9wLm9yZyIsInV6bXgiOiI3ZjkwMDA3MjQ0MWY5Zi1mOTI1LTQ1ODEtYWQ0Mi01MGIzMGE2NTJkMmQxLTE3ODI4MzI5MTY2ODYwLWQwMDFhNjBkMTIzOTdkNjkxMCJ9",article,conference-abstract,True,high,Venue 'ECS Meeting Abstracts' with single page (1254-1254) and 0 references indicates a meeting abstract.,False,200,
https://openalex.org/W4231071445,https://doi.org/10.1149/ma2010-01/36/1666,"https://validate.perfdrive.com/fb803c746e9148689b3984a31fccd902/?ssa=ac13dec7-d340-42e3-9b74-bb12c694cd72&ssb=22454280890&ssc=https%3A%2F%2Fiopscience.iop.org%2Farticle%2F10.1149%2FMA2010-01%2F36%2F1666&ssi=37cb1fa4-cnvj-4248-861e-d6ca94b0442a&ssk=botmanager_support@radware.com&ssm=88113936632246437102217491778105&ssn=badc0ec2cfdd4bf2624076a49d0937f19b61ab0eba66-a41e-4808-b85bcf&sso=73f9a03c-1ecdd2d42793795a78d696f2d3a403af23fc28314be3ff94&ssp=05833867731782875748178281335447471&ssq=35433673292085734753632920548198045066282&ssr=NzUuNDkuMTI1LjIwOQ==&sst=Mozilla/5.0%20(Macintosh;%20Intel%20Mac%20OS%20X%2010_15_7)%20AppleWebKit/537.36%20(KHTML,%20like%20Gecko)%20Chrome/124.0%20Safari/537.36&ssu=&ssv=&ssw=&ssx=eyJyZCI6ImlvcC5vcmciLCJ1em14IjoiN2Y5MDAwYjEwNDUwZGMtMjcxZS00OTM0LTg2YTItMTNjMWQ0YWFlODIzMS0xNzgyODMyOTIwMjc3MC02ZTA2YTI3Yzg0ZTcwMmE5MTAiLCJfX3V6bWYiOiI3ZjkwMDBhYjBlYmE2Ni1hNDFlLTQ4MDgtYjAzYy0xZWNkZDJkNDI3OTMxLTE3ODI4MzI5MjAyNzcwLTAwNDBiYTUyMGI3YmEyMTM0ZGUxMCJ9",article,conference-abstract,True,high,Venue 'ECS Meeting Abstracts' with single-page (1666-1666) and 0 references indicates a meeting abstract.,False,200,
https://openalex.org/W4248035365,https://doi.org/10.1149/ma2019-02/46/2135,"https://validate.perfdrive.com/fb803c746e9148689b3984a31fccd902/?ssa=f61a0732-49ab-4215-92e5-02070537a448&ssb=61280244070&ssc=https%3A%2F%2Fiopscience.iop.org%2Farticle%2F10.1149%2FMA2019-02%2F46%2F2135&ssi=253e91e2-cnvj-47bb-ad17-562615b880c9&ssk=botmanager_support@radware.com&ssm=95442801153968562104404625470726&ssn=ecb6a4576e8efe36bdd5cff9fa859c8923e3cdc64404-00e1-4e4e-abf655&sso=249e9f6f-ce7cbd4cb7b45396cdec95807fe5c5511fac1d455bc636b4&ssp=93232307591782820012178280748593639&ssq=28694703291947985873032919229606897974684&ssr=NzUuNDkuMTI1LjIwOQ==&sst=Mozilla/5.0%20(Macintosh;%20Intel%20Mac%20OS%20X%2010_15_7)%20AppleWebKit/537.36%20(KHTML,%20like%20Gecko)%20Chrome/124.0%20Safari/537.36&ssu=&ssv=&ssw=&ssx=eyJ1em14IjoiN2Y5MDAwYmNjNmQwNzEtNTI4Zi00MGZkLWFjNTktYjk4ZDNmZWZjZjI3MS0xNzgyODMyOTE5OTg5MC0zYjRhNzViYTcyYWE1MGZlMTAiLCJyZCI6ImlvcC5vcmciLCJfX3V6bWYiOiI3ZjkwMDBjZGM2NDQwNC0wMGUxLTRlNGUtYWY2Zi1jZTdjYmQ0Y2I3YjQxLTE3ODI4MzI5MTk5ODkwLTAwNDM1NjNmZjNlOWJjNjk4OWMxMCJ9",article,conference-abstract,True,high,ECS Meeting Abstracts venue with single-page (2135-2135) and 0 references indicates an abstract-only meeting record.,False,200,
https://openalex.org/W4251675877,https://doi.org/10.1149/ma2009-02/2/199,"https://validate.perfdrive.com/fb803c746e9148689b3984a31fccd902/?ssa=d86eae7f-4476-45a0-b15c-599119c1f552&ssb=22454280890&ssc=https%3A%2F%2Fiopscience.iop.org%2Farticle%2F10.1149%2FMA2009-02%2F2%2F199&ssi=d64fff53-cnvj-46ad-9d24-9a68e69747cd&ssk=botmanager_support@radware.com&ssm=88113936632246437102217491778105&ssn=badc0ec22da7dabe29e08fa4692737f19b61a044cf35-7c84-492a-885bcf&sso=73f9a2c7-4402efae473c795a78d6d6a904e12432c895bd4e4be3ff94&ssp=05833867731782875748178281335447471&ssq=35433673292085734753632920548198045066282&ssr=NzUuNDkuMTI1LjIwOQ==&sst=Mozilla/5.0%20(Macintosh;%20Intel%20Mac%20OS%20X%2010_15_7)%20AppleWebKit/537.36%20(KHTML,%20like%20Gecko)%20Chrome/124.0%20Safari/537.36&ssu=&ssv=&ssw=&ssx=eyJfX3V6bWYiOiI3ZjkwMDBhMDQ0Y2YzNS03Yzg0LTQ5MmEtODJjNy00NDAyZWZhZTQ3M2MxLTE3ODI4MzI5MjA4NjUwLTAwNDI5NTlhYjU3NTZiMzA2ZjMxMCIsInV6bXgiOiI3ZjkwMDBmNGZmMmJmZC1mNDFjLTQxM2UtOGI5OS1iMzE4ZjJkZjE5ZGYxLTE3ODI4MzI5MjA4NjUwLTZkODcxYTU4YmRmNGQ3YTExMCIsInJkIjoiaW9wLm9yZyJ9",article,conference-abstract,True,high,"Venue ""ECS Meeting Abstracts"" with single-page (199-199) and 0 references indicates a meeting abstract.",False,200,
https://openalex.org/W4245029468,https://doi.org/10.1149/ma2011-02/27/1928,"https://validate.perfdrive.com/fb803c746e9148689b3984a31fccd902/?ssa=b7af3275-a869-4f80-b3fc-f8ffc4c05d1c&ssb=22454280890&ssc=https%3A%2F%2Fiopscience.iop.org%2Farticle%2F10.1149%2FMA2011-02%2F27%2F1928&ssi=4f00322f-cnvj-47b2-bc58-47f9368a99ea&ssk=botmanager_support@radware.com&ssm=88113936632246437102217491778105&ssn=badc0ec22aaddc46be16a809a24b37f19b6174b94151-ede2-40eb-b85bcf&sso=73f9ac05-04b8e4b2f1a5795a78d6b42439a6431420c7a36b4be3ff94&ssp=05833867731782875748178281335447471&ssq=35433673292085734753632920548198045066282&ssr=NzUuNDkuMTI1LjIwOQ==&sst=Mozilla/5.0%20(Macintosh;%20Intel%20Mac%20OS%20X%2010_15_7)%20AppleWebKit/537.36%20(KHTML,%20like%20Gecko)%20Chrome/124.0%20Safari/537.36&ssu=&ssv=&ssw=&ssx=eyJ1em14IjoiN2Y5MDAwYTU1NTI4NzgtZmFmYy00NjExLWEzZTMtZDBmNTc5ZTA3ZTkyMS0xNzgyODMyOTIwNzYwMC00NTlhZmUxNThmZTdmY2M5MTAiLCJfX3V6bWYiOiI3ZjkwMDA3NGI5NDE1MS1lZGUyLTQwZWItYmMwNS0wNGI4ZTRiMmYxYTUxLTE3ODI4MzI5MjA3NjAwLTAwNDIwNTE0NTEwYTEzZDAxZDgxMCIsInJkIjoiaW9wLm9yZyJ9",article,conference-abstract,True,high,"Single-page record (1928-1928) with 0 refs in ECS Meeting Abstracts, a meeting-abstract venue.",False,200,
https://openalex.org/W4405593635,https://doi.org/10.1149/ma2024-022271mtgabs,"https://validate.perfdrive.com/fb803c746e9148689b3984a31fccd902/?ssa=cac5d50d-aee5-45de-bffa-74e7a28e83a1&ssb=22454280890&ssc=https%3A%2F%2Fiopscience.iop.org%2Farticle%2F10.1149%2FMA2024-022271mtgabs&ssi=b68932b1-cnvj-4e72-9c34-39f03ceb3fd0&ssk=botmanager_support@radware.com&ssm=88113936632246437102217491778105&ssn=badc0ec2e8230cdf44e5c371243937f19b61c1edacca-8391-4fc1-985bcf&sso=73f9a701-e435bf271530795a78d60d92d8249d15823373d54be3ff94&ssp=05833867731782875748178281335447471&ssq=35433673292085734753632920548198045066282&ssr=NzUuNDkuMTI1LjIwOQ==&sst=Mozilla/5.0%20(Macintosh;%20Intel%20Mac%20OS%20X%2010_15_7)%20AppleWebKit/537.36%20(KHTML,%20like%20Gecko)%20Chrome/124.0%20Safari/537.36&ssu=&ssv=&ssw=&ssx=eyJfX3V6bWYiOiI3ZjkwMDBjMWVkYWNjYS04MzkxLTRmYzEtOTcwMS1lNDM1YmYyNzE1MzAxLTE3ODI4MzI5MjA5NTUwLTAwNGQ2NTBmMWI2ZjE0YTE0NzExMCIsInV6bXgiOiI3ZjkwMDBmMGU1YmM4NS1kZGM4LTQyNzctYmMwYi1iNTk3NGRiODYwN2MxLTE3ODI4MzI5MjA5NTUwLTE3ODUwNjE2ZWU5MTY3YmIxMCIsInJkIjoiaW9wLm9yZyJ9",article,conference-abstract,True,high,ECS Meeting Abstracts venue with single-page (271-271) and zero references signals an abstract-only meeting record.,False,200,
https://openalex.org/W4235673901,https://doi.org/10.1149/ma2016-02/13/1331,"https://validate.perfdrive.com/fb803c746e9148689b3984a31fccd902/?ssa=7a6b1ce0-5ade-4869-b30e-7b65d071744a&ssb=64988259376&ssc=https%3A%2F%2Fiopscience.iop.org%2Farticle%2F10.1149%2FMA2016-02%2F13%2F1331&ssi=acaf2b2c-cnvj-4ba4-97b3-446fd45c003e&ssk=botmanager_support@radware.com&ssm=13204861505269301102543708767764&ssn=402d97b576045104b69a0fb61f0fa402ee6bfdb441c2-e521-4cf4-8afe8f&sso=c8381965-f009a5f9d077559e66ac9a25d86b0692e3fc17aaba0f671d&ssp=57753435321782808052178286115660466&ssq=80271053292113047477832921820095783077719&ssr=NzUuNDkuMTI1LjIwOQ==&sst=Mozilla/5.0%20(Macintosh;%20Intel%20Mac%20OS%20X%2010_15_7)%20AppleWebKit/537.36%20(KHTML,%20like%20Gecko)%20Chrome/124.0%20Safari/537.36&ssu=&ssv=&ssw=&ssx=eyJ1em14IjoiN2Y5MDAwYTk2YmI3ZWYtNmY2ZS00Mzc0LWIyOWQtNjNlZTVhMWQ1NWYwMS0xNzgyODMyOTIxMjczMC0xZmE4ZDk5YjkyMDBhNzlmMTAiLCJyZCI6ImlvcC5vcmciLCJfX3V6bWYiOiI3ZjkwMDBmZGI0NDFjMi1lNTIxLTRjZjQtODk2NS1mMDA5YTVmOWQwNzcxLTE3ODI4MzI5MjEyNzMwLTAwNDU3MjMwOGRmNTBiMTM1MmYxMCJ9",article,conference-abstract,True,high,Published in ECS Meeting Abstracts with single-page (1331-1331) and 0 references—abstract-only meeting record.,False,200,
https://openalex.org/W4237710506,https://doi.org/10.1149/ma2008-02/45/2755,"https://validate.perfdrive.com/fb803c746e9148689b3984a31fccd902/?ssa=a4ca340b-8dc9-4a46-a948-b86085cb611b&ssb=64988259376&ssc=https%3A%2F%2Fiopscience.iop.org%2Farticle%2F10.1149%2FMA2008-02%2F45%2F2755&ssi=ee84c1c0-cnvj-4ed6-a326-d514749f8255&ssk=botmanager_support@radware.com&ssm=13204861505269301102543708767764&ssn=402d97b5e47e000df1b45862a2f5a402ee6b557fec4b-c5ea-4f27-9afe8f&sso=c8381ab7-08b5c182dc63559e66acfdbe1488165ca9c31172ba0f671d&ssp=57753435321782808052178286115660466&ssq=80271053292113047477832921820095783077719&ssr=NzUuNDkuMTI1LjIwOQ==&sst=Mozilla/5.0%20(Macintosh;%20Intel%20Mac%20OS%20X%2010_15_7)%20AppleWebKit/537.36%20(KHTML,%20like%20Gecko)%20Chrome/124.0%20Safari/537.36&ssu=&ssv=&ssw=&ssx=eyJfX3V6bWYiOiI3ZjkwMDA1NTdmZWM0Yi1jNWVhLTRmMjctOWFiNy0wOGI1YzE4MmRjNjMxLTE3ODI4MzI5MjExNzQwLTAwNGJlY2YwMGNjYzg4YmY2MTUxMCIsInV6bXgiOiI3ZjkwMDA5N2QxNjJiZi00Mzc4LTRjMzEtYjE2My02NjkzMjFiZjE0ODQxLTE3ODI4MzI5MjExNzQwLTMxMjc0ZTNjOWNhZDAxMmYxMCIsInJkIjoiaW9wLm9yZyJ9",article,conference-abstract,True,high,ECS Meeting Abstracts venue with single-page record and zero references indicates an abstract-only conference record.,False,200,
https://openalex.org/W4238287927,https://doi.org/10.1149/ma2016-01/22/1153,"https://validate.perfdrive.com/fb803c746e9148689b3984a31fccd902/?ssa=ab13942c-c4fd-4b41-bbcc-36326e83b2b8&ssb=64988259376&ssc=https%3A%2F%2Fiopscience.iop.org%2Farticle%2F10.1149%2FMA2016-01%2F22%2F1153&ssi=d354c384-cnvj-4c6d-8ef4-22cf46336ef1&ssk=botmanager_support@radware.com&ssm=13204861505269301102543708767764&ssn=402d97b5380846928b4602aaebb4a402ee6bf3b297fc-4761-425b-9afe8f&sso=c8381322-c885a54dac3f559e66ac8fe2268b5021d859a233ba0f671d&ssp=57753435321782808052178286115660466&ssq=80271053292113047477832921820095783077719&ssr=NzUuNDkuMTI1LjIwOQ==&sst=Mozilla/5.0%20(Macintosh;%20Intel%20Mac%20OS%20X%2010_15_7)%20AppleWebKit/537.36%20(KHTML,%20like%20Gecko)%20Chrome/124.0%20Safari/537.36&ssu=&ssv=&ssw=&ssx=eyJfX3V6bWYiOiI3ZjkwMDBmM2IyOTdmYy00NzYxLTQyNWItOTMyMi1jODg1YTU0ZGFjM2YxLTE3ODI4MzI5MjEwMTkwLTAwNGJkMzAyMTI0NjEwYzcyYzUxMCIsInV6bXgiOiI3ZjkwMDBlNjUxZjUxMS1lOTQ2LTQ1MDMtODNjNC04YzkwNTE3ZjEwN2QxLTE3ODI4MzI5MjEwMTkwLTNhZWNmODE4NWQ5OWU4ZWQxMCIsInJkIjoiaW9wLm9yZyJ9",article,conference-abstract,True,high,"Venue 'ECS Meeting Abstracts', single page 1153-1153, and 0 references indicate a meeting abstract.",False,200,
https://openalex.org/W4416613050,https://doi.org/10.1149/ma2025-022271mtgabs,"https://validate.perfdrive.com/fb803c746e9148689b3984a31fccd902/?ssa=9f08454f-75bb-4f29-ae8c-efded2f62b4e&ssb=22454280890&ssc=https%3A%2F%2Fiopscience.iop.org%2Farticle%2F10.1149%2FMA2025-022271mtgabs&ssi=4b96f1ba-cnvj-41c7-8f9f-c2ede729219a&ssk=botmanager_support@radware.com&ssm=88113936632246437102217491778105&ssn=badc0ec2b42c663317751ea884da37f19b6166b3f9ee-1628-4f54-885bcf&sso=73f9a770-c83fd1f24cf9795a78d67bc5b35833225b84185a4be3ff94&ssp=05833867731782875748178281335447471&ssq=35433673292085734753632920548198045066282&ssr=NzUuNDkuMTI1LjIwOQ==&sst=Mozilla/5.0%20(Macintosh;%20Intel%20Mac%20OS%20X%2010_15_7)%20AppleWebKit/537.36%20(KHTML,%20like%20Gecko)%20Chrome/124.0%20Safari/537.36&ssu=&ssv=&ssw=&ssx=eyJyZCI6ImlvcC5vcmciLCJ1em14IjoiN2Y5MDAwOGI1YjZmM2MtZTU2NC00NjFjLTkyODQtY2RiYTU0MDNjNzI1MS0xNzgyODMyOTIwNzQ2MC1jNmJiYWMwNWJhOTNhOTllMTAiLCJfX3V6bWYiOiI3ZjkwMDA2NmIzZjllZS0xNjI4LTRmNTQtODc3MC1jODNmZDFmMjRjZjkxLTE3ODI4MzI5MjA3NDYwLTAwNDRhMGIxNWU5YWRhZjdkMzcxMCJ9",article,conference-abstract,True,high,ECS Meeting Abstracts venue with single-page (271-271) and 0 references indicates an abstract-only record.,False,200,
https://openalex.org/W4386853082,https://doi.org/10.1149/ma2023-01372173mtgabs,"https://validate.perfdrive.com/fb803c746e9148689b3984a31fccd902/?ssa=e4145d53-879b-4331-8f27-bb2d12bb41b2&ssb=64988259376&ssc=https%3A%2F%2Fiopscience.iop.org%2Farticle%2F10.1149%2FMA2023-01372173mtgabs&ssi=7c665927-cnvj-4826-b7e1-c6c989f77ada&ssk=botmanager_support@radware.com&ssm=13204861505269301102543708767764&ssn=402d97b590e36c0ba9e5762d9f2ea402ee6bed9a50fa-56d2-4565-aafe8f&sso=c838151d-87aa84d442b2559e66aca02c5daf7dd9905df112ba0f671d&ssp=57753435321782808052178286115660466&ssq=80271053292113047477832921820095783077719&ssr=NzUuNDkuMTI1LjIwOQ==&sst=Mozilla/5.0%20(Macintosh;%20Intel%20Mac%20OS%20X%2010_15_7)%20AppleWebKit/537.36%20(KHTML,%20like%20Gecko)%20Chrome/124.0%20Safari/537.36&ssu=&ssv=&ssw=&ssx=eyJ1em14IjoiN2Y5MDAwMDY1MTMyMDQtZTVkYi00Zjc2LTk2ODAtNjNhMmE0ZjM3ZDkyMS0xNzgyODMyOTIxMDM5MC0xOTUwNWU1NDIxZDg0Y2I2MTAiLCJyZCI6ImlvcC5vcmciLCJfX3V6bWYiOiI3ZjkwMDBlZDlhNTBmYS01NmQyLTQ1NjUtYTUxZC04N2FhODRkNDQyYjIxLTE3ODI4MzI5MjEwMzkwLTAwNDRmZjA2M2I4MjllOWFhMDAxMCJ9",article,conference-abstract,True,high,ECS Meeting Abstracts venue with single-page (2173-2173) and 0 references signals an abstract-only meeting record.,False,200,
https://openalex.org/W2787872784,https://doi.org/10.1149/ma2005-01/7/327,"https://validate.perfdrive.com/fb803c746e9148689b3984a31fccd902/?ssa=30b343f9-c385-4e23-ae5e-efbf5765c77c&ssb=64988259376&ssc=https%3A%2F%2Fiopscience.iop.org%2Farticle%2F10.1149%2FMA2005-01%2F7%2F327&ssi=29b003da-cnvj-40b8-979e-3af7e8a2be99&ssk=botmanager_support@radware.com&ssm=13204861505269301102543708767764&ssn=402d97b5742b01cd99bbc020cd44a402ee6be9b2247e-52dd-4a61-8afe8f&sso=c83810d2-7763a4f98d53559e66ac594d737405df2471ca8fba0f671d&ssp=57753435321782808052178286115660466&ssq=80271053292113047477832921820095783077719&ssr=NzUuNDkuMTI1LjIwOQ==&sst=Mozilla/5.0%20(Macintosh;%20Intel%20Mac%20OS%20X%2010_15_7)%20AppleWebKit/537.36%20(KHTML,%20like%20Gecko)%20Chrome/124.0%20Safari/537.36&ssu=&ssv=&ssw=&ssx=eyJyZCI6ImlvcC5vcmciLCJfX3V6bWYiOiI3ZjkwMDBlOWIyMjQ3ZS01MmRkLTRhNjEtODBkMi03NzYzYTRmOThkNTMxLTE3ODI4MzI5MjE1MDcwLTAwNDk1ZmI4ZWEzODMwZmU4ZDYxMCIsInV6bXgiOiI3ZjkwMDBhYzNhZjJlNC1jMTgzLTQ5ZTItYTNmYS02NWZmZjBkMWQ3N2IxLTE3ODI4MzI5MjE1MDcwLWUwMzExOGE2MDNmOWI4ZmYxMCJ9",article,conference-abstract,True,high,ECS Meeting Abstracts venue with single-page (327-327) and 0 references indicates an abstract-only meeting record.,False,200,
https://openalex.org/W4309837686,https://doi.org/10.1149/ma2022-0213788mtgabs,"https://validate.perfdrive.com/fb803c746e9148689b3984a31fccd902/?ssa=52812e57-7c38-484c-aa6e-bfcdc99941d7&ssb=64988259376&ssc=https%3A%2F%2Fiopscience.iop.org%2Farticle%2F10.1149%2FMA2022-0213788mtgabs&ssi=085b9ccf-cnvj-4e7f-bb37-b9a1fe90d649&ssk=botmanager_support@radware.com&ssm=13204861505269301102543708767764&ssn=402d97b5745d7393317c54a3808ea402ee6baf3913f9-3894-4dd2-bafe8f&sso=c8381f5b-93bfd7f35d98559e66acb0da5295b54880dd3ea7ba0f671d&ssp=57753435321782808052178286115660466&ssq=80271053292113047477832921820095783077719&ssr=NzUuNDkuMTI1LjIwOQ==&sst=Mozilla/5.0%20(Macintosh;%20Intel%20Mac%20OS%20X%2010_15_7)%20AppleWebKit/537.36%20(KHTML,%20like%20Gecko)%20Chrome/124.0%20Safari/537.36&ssu=&ssv=&ssw=&ssx=eyJ1em14IjoiN2Y5MDAwYjlmMGNjMWMtODY3Yy00MDVmLTkwM2ItODc2YjZhYWExN2ZkMS0xNzgyODMyOTIxNTgwMC0wYmFkNTJmYWRlZGE0OWRkMTAiLCJyZCI6ImlvcC5vcmciLCJfX3V6bWYiOiI3ZjkwMDBhZjM5MTNmOS0zODk0LTRkZDItYmY1Yi05M2JmZDdmMzVkOTgxLTE3ODI4MzI5MjE1ODAwLTAwNDhiYWMyYzcxMTQ1NzNlZGUxMCJ9",article,conference-abstract,True,high,Venue 'ECS Meeting Abstracts' with single-page (788-788) and 0 references indicates an abstract-only meeting record.,False,200,
https://openalex.org/W4405591131,https://doi.org/10.1149/ma2024-02141603mtgabs,"https://validate.perfdrive.com/fb803c746e9148689b3984a31fccd902/?ssa=f4cfd4c4-9721-46fd-b15f-9f968af16c89&ssb=64988259376&ssc=https%3A%2F%2Fiopscience.iop.org%2Farticle%2F10.1149%2FMA2024-02141603mtgabs&ssi=20f99921-cnvj-4cc0-a107-1773e34d7dd6&ssk=botmanager_support@radware.com&ssm=13204861505269301102543708767764&ssn=402d97b51e0e3eef519e5f3ffc55a402ee6bd5d3edd7-8c27-465d-8afe8f&sso=c83815dc-785aa12c5c25559e66ace87176a66a81fd3e0993ba0f671d&ssp=57753435321782808052178286115660466&ssq=80271053292113047477832921820095783077719&ssr=NzUuNDkuMTI1LjIwOQ==&sst=Mozilla/5.0%20(Macintosh;%20Intel%20Mac%20OS%20X%2010_15_7)%20AppleWebKit/537.36%20(KHTML,%20like%20Gecko)%20Chrome/124.0%20Safari/537.36&ssu=&ssv=&ssw=&ssx=eyJyZCI6ImlvcC5vcmciLCJfX3V6bWYiOiI3ZjkwMDBkNWQzZWRkNy04YzI3LTQ2NWQtODVkYy03ODVhYTEyYzVjMjUxLTE3ODI4MzI5MjE4NjgwLTAwNDkwYWNmNGIzNTIyOGQ0ZTExMCIsInV6bXgiOiI3ZjkwMDA1YzgyNWY3YS1hMTRiLTRlMWQtOTRkYi0xNTBjM2EyODRiOTYxLTE3ODI4MzI5MjE4NjgwLTY0YmY2MTY4ZTc2NDgyZWUxMCJ9",article,conference-abstract,True,high,"ECS Meeting Abstracts venue with single-page (1603-1603), 0 references — abstract-only meeting record.",False,200,
https://openalex.org/W3116592017,https://doi.org/10.1149/ma2020-02533841mtgabs,"https://validate.perfdrive.com/fb803c746e9148689b3984a31fccd902/?ssa=4529756e-ba16-4567-b50c-d760d85e0f27&ssb=45364250809&ssc=https%3A%2F%2Fiopscience.iop.org%2Farticle%2F10.1149%2FMA2020-02533841mtgabs&ssi=fbe79073-cnvj-4751-ab0e-718644addbf3&ssk=botmanager_support@radware.com&ssm=72609571364923278103408784896334&ssn=97a7c089d331669397042a1cbd59a4f9bc9cb3437b3c-73ec-4428-8f15bb&sso=3c8e7068-dc64a3be153b8faab767c6aba1ac0eba019f7d15494b2a5a&ssp=66970989411782895806178282886382820&ssq=29265163292288833748032922165390348984887&ssr=NzUuNDkuMTI1LjIwOQ==&sst=Mozilla/5.0%20(Macintosh;%20Intel%20Mac%20OS%20X%2010_15_7)%20AppleWebKit/537.36%20(KHTML,%20like%20Gecko)%20Chrome/124.0%20Safari/537.36&ssu=&ssv=&ssw=&ssx=eyJ1em14IjoiN2Y5MDAwNGJhYjQzNTEtOTIyZS00ZWIzLTk4MWMtNzU1NDU3N2FmYmUzMS0xNzgyODMyOTIyMTY4MC1lNzYxZGFmYzNjZDdiY2ZhMTAiLCJyZCI6ImlvcC5vcmciLCJfX3V6bWYiOiI3ZjkwMDBiMzQzN2IzYy03M2VjLTQ0MjgtODA2OC1kYzY0YTNiZTE1M2IxLTE3ODI4MzI5MjIxNjgwLTAwNDdhZmQ1NDJlMjdhN2UyYTcxMCJ9",article,conference-abstract,True,high,ECS Meeting Abstracts venue with single-page record (3841-3841) and 0 references indicates an abstract-only proceedings record.,False,200,
https://openalex.org/W4285398423,https://doi.org/10.1149/ma2022-01552332mtgabs,"https://validate.perfdrive.com/fb803c746e9148689b3984a31fccd902/?ssa=1d5911ac-f9f3-4d54-b346-76cfb7ae0c49&ssb=64988259376&ssc=https%3A%2F%2Fiopscience.iop.org%2Farticle%2F10.1149%2FMA2022-01552332mtgabs&ssi=1c5b8aa6-cnvj-48fc-abb3-b77b416bb968&ssk=botmanager_support@radware.com&ssm=13204861505269301102543708767764&ssn=402d97b5cfe0a65deb8fd7f04225a402ee6be9b0c75d-d8b4-4cbe-9afe8f&sso=c8381717-565f20430745559e66ac42156f865b138db96a1cba0f671d&ssp=57753435321782808052178286115660466&ssq=80271053292113047477832921820095783077719&ssr=NzUuNDkuMTI1LjIwOQ==&sst=Mozilla/5.0%20(Macintosh;%20Intel%20Mac%20OS%20X%2010_15_7)%20AppleWebKit/537.36%20(KHTML,%20like%20Gecko)%20Chrome/124.0%20Safari/537.36&ssu=&ssv=&ssw=&ssx=eyJyZCI6ImlvcC5vcmciLCJ1em14IjoiN2Y5MDAwZTdjZjg2OTAtZDEwNS00N2I2LTgzODktNjgyODU4NTMyZjBlMS0xNzgyODMyOTIxNjkxMC0xYWY0NWQxZWQxNmYzNjQxMTAiLCJfX3V6bWYiOiI3ZjkwMDBlOWIwYzc1ZC1kOGI0LTRjYmUtOTcxNy01NjVmMjA0MzA3NDUxLTE3ODI4MzI5MjE2OTEwLTAwNGM4MDRkNTk2YjU5MDU0YWYxMCJ9",article,conference-abstract,True,high,ECS Meeting Abstracts venue with single page and zero references indicates an abstract-only meeting record.,False,200,
https://openalex.org/W2271107758,https://doi.org/10.1149/ma2005-01/2/100,"https://validate.perfdrive.com/fb803c746e9148689b3984a31fccd902/?ssa=b5b2b021-1a41-421b-8bbc-c3bd52e8236f&ssb=45364250809&ssc=https%3A%2F%2Fiopscience.iop.org%2Farticle%2F10.1149%2FMA2005-01%2F2%2F100&ssi=9c38253a-cnvj-4c59-8ef6-2447d2d540a6&ssk=botmanager_support@radware.com&ssm=72609571364923278103408784896334&ssn=97a7c089c618749e7860d7f5b897a4f9bc9c5615e8b8-839f-4a06-bf15bb&sso=3c8e7f8c-c113df38224f8faab767e294e8386bfd05e1266b494b2a5a&ssp=66970989411782895806178282886382820&ssq=29265163292288833748032922165390348984887&ssr=NzUuNDkuMTI1LjIwOQ==&sst=Mozilla/5.0%20(Macintosh;%20Intel%20Mac%20OS%20X%2010_15_7)%20AppleWebKit/537.36%20(KHTML,%20like%20Gecko)%20Chrome/124.0%20Safari/537.36&ssu=&ssv=&ssw=&ssx=eyJ1em14IjoiN2Y5MDAwOWZhZjY4ZmMtODZhZi00ZGU3LWI5MTQtYjUwNTk5N2IzNWU5MS0xNzgyODMyOTIyMTQ1MC1iOWQyNmM0NmNhMDUxY2VhMTAiLCJfX3V6bWYiOiI3ZjkwMDA1NjE1ZThiOC04MzlmLTRhMDYtYmY4Yy1jMTEzZGYzODIyNGYxLTE3ODI4MzI5MjIxNDUwLTAwNDYxYTMzZDJlNGNmZDQ4YzgxMCIsInJkIjoiaW9wLm9yZyJ9",article,conference-abstract,True,high,"Venue ""ECS Meeting Abstracts"" with single-page (100-100) and 0 references indicates a meeting abstract.",False,200,
https://openalex.org/W1929102950,https://doi.org/10.1149/ma2010-03/1/3,"https://validate.perfdrive.com/fb803c746e9148689b3984a31fccd902/?ssa=7d707c85-6c36-4a40-8ab1-b87d3544db04&ssb=64988259376&ssc=https%3A%2F%2Fiopscience.iop.org%2Farticle%2F10.1149%2FMA2010-03%2F1%2F3&ssi=0420538c-cnvj-4bb9-b180-144a38f50f2b&ssk=botmanager_support@radware.com&ssm=13204861505269301102543708767764&ssn=402d97b552d1908bcc21bbce8ce0a402ee6b3109e536-7de1-4a16-9afe8f&sso=c8381db3-62274193a79d559e66acbbf6cffa01403e8e7673ba0f671d&ssp=57753435321782808052178286115660466&ssq=80271053292113047477832921820095783077719&ssr=NzUuNDkuMTI1LjIwOQ==&sst=Mozilla/5.0%20(Macintosh;%20Intel%20Mac%20OS%20X%2010_15_7)%20AppleWebKit/537.36%20(KHTML,%20like%20Gecko)%20Chrome/124.0%20Safari/537.36&ssu=&ssv=&ssw=&ssx=eyJyZCI6ImlvcC5vcmciLCJ1em14IjoiN2Y5MDAwZGRlMTY0YWMtMDczYy00YzdiLTllYTYtMjBlOWZkZjllYzIzMS0xNzgyODMyOTIxMzc5MC1lNTMzNTljYmZiNmIwY2UzMTAiLCJfX3V6bWYiOiI3ZjkwMDAzMTA5ZTUzNi03ZGUxLTRhMTYtOWRiMy02MjI3NDE5M2E3OWQxLTE3ODI4MzI5MjEzNzkwLTAwNDViMTdmOWEwMjE2MjUxNjIxMCJ9",article,conference-abstract,True,high,"Venue is ECS Meeting Abstracts with single-page (3-3) record and zero references, marking it an abstract-only meeting record.",False,200,
https://openalex.org/W4242818494,https://doi.org/10.1149/ma2006-02/32/1536,"https://validate.perfdrive.com/fb803c746e9148689b3984a31fccd902/?ssa=ac29bb0e-6c89-4f6f-99e9-837aa817467e&ssb=22454280890&ssc=https%3A%2F%2Fiopscience.iop.org%2Farticle%2F10.1149%2FMA2006-02%2F32%2F1536&ssi=9fbce6d2-cnvj-49fe-887c-f798acaf428d&ssk=botmanager_support@radware.com&ssm=88113936632246437102217491778105&ssn=badc0ec29bf38ffcd8039686078437f19b614447f8ed-33e9-47f3-b85bcf&sso=73f9a871-b070345f526e795a78d683050b9c7e4a47c3d8af4be3ff94&ssp=05833867731782875748178281335447471&ssq=35433673292085734753632920548198045066282&ssr=NzUuNDkuMTI1LjIwOQ==&sst=Mozilla/5.0%20(Macintosh;%20Intel%20Mac%20OS%20X%2010_15_7)%20AppleWebKit/537.36%20(KHTML,%20like%20Gecko)%20Chrome/124.0%20Safari/537.36&ssu=&ssv=&ssw=&ssx=eyJ1em14IjoiN2Y5MDAwNzkxZjA3ZmEtNTc1Zi00YjRjLWIwYzQtNjU3NWY2MGY5MmYxMS0xNzgyODMyOTIwODcxMC1jYTg4Yzk4NzY1MzE3ZDdmMTAiLCJyZCI6ImlvcC5vcmciLCJfX3V6bWYiOiI3ZjkwMDA0NDQ3ZjhlZC0zM2U5LTQ3ZjMtYjg3MS1iMDcwMzQ1ZjUyNmUxLTE3ODI4MzI5MjA4NzEwLTAwNGY2NzYzYjVjZTczZTdmMzkxMCJ9",article,conference-abstract,True,high,"Venue 'ECS Meeting Abstracts', single page (1536-1536), and 0 references indicate an abstract-only meeting record.",False,200,
https://openalex.org/W4412510416,https://doi.org/10.1149/ma2025-01141082mtgabs,"https://validate.perfdrive.com/fb803c746e9148689b3984a31fccd902/?ssa=9929a77f-3b74-4399-9f75-c34e949cf608&ssb=45364250809&ssc=https%3A%2F%2Fiopscience.iop.org%2Farticle%2F10.1149%2FMA2025-01141082mtgabs&ssi=9d131258-cnvj-40fa-84b8-455a0bd9558e&ssk=botmanager_support@radware.com&ssm=72609571364923278103408784896334&ssn=97a7c08958fd7b7478e28b141a3ea4f9bc9c47258613-e103-463e-af15bb&sso=3c8e73b2-a5c76c38391e8faab76769e509a8b073dca56e0c494b2a5a&ssp=66970989411782895806178282886382820&ssq=29265163292288833748032922165390348984887&ssr=NzUuNDkuMTI1LjIwOQ==&sst=Mozilla/5.0%20(Macintosh;%20Intel%20Mac%20OS%20X%2010_15_7)%20AppleWebKit/537.36%20(KHTML,%20like%20Gecko)%20Chrome/124.0%20Safari/537.36&ssu=&ssv=&ssw=&ssx=eyJfX3V6bWYiOiI3ZjkwMDA0NzI1ODYxMy1lMTAzLTQ2M2UtYTNiMi1hNWM3NmMzODM5MWUxLTE3ODI4MzI5MjIyNTgwLTAwNDY2ZmJlNzU3NWQ2ZjY5MWMxMCIsInV6bXgiOiI3ZjkwMDA1ZTY1YmFhMC0xMTdlLTQ0YWMtOWYzMi1hNTAyZGRmZmRlNzQxLTE3ODI4MzI5MjIyNTgwLWY4ZDU0MzU5ZGQ0NTIzNTQxMCIsInJkIjoiaW9wLm9yZyJ9",article,conference-abstract,True,high,ECS Meeting Abstracts venue with single-page (1082-1082) and 0 references indicates an abstract-only meeting record.,False,200,
https://openalex.org/W2726002704,https://doi.org/10.1149/ma2017-02/2/162,"https://validate.perfdrive.com/fb803c746e9148689b3984a31fccd902/?ssa=68b909b4-3895-4808-8895-1818f496e1d5&ssb=45364250809&ssc=https%3A%2F%2Fiopscience.iop.org%2Farticle%2F10.1149%2FMA2017-02%2F2%2F162&ssi=39e7a693-cnvj-4602-b092-51438e7c1ff0&ssk=botmanager_support@radware.com&ssm=72609571364923278103408784896334&ssn=97a7c0895115c9e873a40d6b0977a4f9bc9ce4f455af-516c-4650-9f15bb&sso=3c8e7e27-5b44d31afc218faab767287fd0eac541c8422c60494b2a5a&ssp=66970989411782895806178282886382820&ssq=29265163292288833748032922165390348984887&ssr=NzUuNDkuMTI1LjIwOQ==&sst=Mozilla/5.0%20(Macintosh;%20Intel%20Mac%20OS%20X%2010_15_7)%20AppleWebKit/537.36%20(KHTML,%20like%20Gecko)%20Chrome/124.0%20Safari/537.36&ssu=&ssv=&ssw=&ssx=eyJfX3V6bWYiOiI3ZjkwMDBlNGY0NTVhZi01MTZjLTQ2NTAtOWUyNy01YjQ0ZDMxYWZjMjExLTE3ODI4MzI5MjI1NDQwLTAwNGU4YjNlNDY0NjMwN2NjNTgxMCIsInV6bXgiOiI3ZjkwMDBiZTZlZjAzNi05NTA3LTQ2MDYtOTEyOS01MWM2ZjUzMDljYjkxLTE3ODI4MzI5MjI1NDQwLTlkOTg5NmIyMDA1YmViZmIxMCIsInJkIjoiaW9wLm9yZyJ9",article,conference-abstract,True,high,"ECS Meeting Abstracts venue, single-page (162-162), 0 references — an abstract-only meeting record.",False,200,
https://openalex.org/W2285358179,https://doi.org/10.1149/ma2014-02/2/147,"https://validate.perfdrive.com/fb803c746e9148689b3984a31fccd902/?ssa=9a358144-b79f-48f7-a9b2-a51754967fc3&ssb=45364250809&ssc=https%3A%2F%2Fiopscience.iop.org%2Farticle%2F10.1149%2FMA2014-02%2F2%2F147&ssi=e835335a-cnvj-4e29-8662-1a8d25351b85&ssk=botmanager_support@radware.com&ssm=72609571364923278103408784896334&ssn=97a7c089ccdf34f462371447967aa4f9bc9cbe85bc9e-0a2c-4008-8f15bb&sso=3c8e7f0a-29e7b4782ce08faab7677f2a66bc385c4068d459494b2a5a&ssp=66970989411782895806178282886382820&ssq=29265163292288833748032922165390348984887&ssr=NzUuNDkuMTI1LjIwOQ==&sst=Mozilla/5.0%20(Macintosh;%20Intel%20Mac%20OS%20X%2010_15_7)%20AppleWebKit/537.36%20(KHTML,%20like%20Gecko)%20Chrome/124.0%20Safari/537.36&ssu=&ssv=&ssw=&ssx=eyJfX3V6bWYiOiI3ZjkwMDBiZTg1YmM5ZS0wYTJjLTQwMDgtOGYwYS0yOWU3YjQ3ODJjZTAxLTE3ODI4MzI5MjIzMjMwLTAwNGFhZTFjMzhjMmQzMWUwNGQxMCIsInV6bXgiOiI3ZjkwMDAxZjUwZmIxMS05MDIwLTRlZjctOWRiZC02NzNiMTE4ZTM1YWIxLTE3ODI4MzI5MjIzMjMwLTJmMzg0MjcxZjliNjliOTkxMCIsInJkIjoiaW9wLm9yZyJ9",article,conference-abstract,True,high,ECS Meeting Abstracts venue with single-page (147-147) and 0 references marks an abstract-only meeting record.,False,200,
https://openalex.org/W4231665284,https://doi.org/10.1149/ma2019-02/41/1979,"https://validate.perfdrive.com/fb803c746e9148689b3984a31fccd902/?ssa=9f0a7791-8dae-42fb-979a-e48270440f2b&ssb=64988259376&ssc=https%3A%2F%2Fiopscience.iop.org%2Farticle%2F10.1149%2FMA2019-02%2F41%2F1979&ssi=0b444480-cnvj-461e-b6e3-2e1a14081757&ssk=botmanager_support@radware.com&ssm=13204861505269301102543708767764&ssn=402d97b54100e5a60ec118b33e50a402ee6b7e5826a1-b117-4d9d-aafe8f&sso=c83814a9-75799ad559c3559e66ac3d35089b3c9b36d2c061ba0f671d&ssp=57753435321782808052178286115660466&ssq=80271053292113047477832921820095783077719&ssr=NzUuNDkuMTI1LjIwOQ==&sst=Mozilla/5.0%20(Macintosh;%20Intel%20Mac%20OS%20X%2010_15_7)%20AppleWebKit/537.36%20(KHTML,%20like%20Gecko)%20Chrome/124.0%20Safari/537.36&ssu=&ssv=&ssw=&ssx=eyJ1em14IjoiN2Y5MDAwM2U5M2QzYTgtZDg5ZS00OGJjLTkzNWEtZDMyZjAyNTdkZWUzMS0xNzgyODMyOTIxODUzMC1hNjBjMmYyMjlmZTZkNTJkMTAiLCJyZCI6ImlvcC5vcmciLCJfX3V6bWYiOiI3ZjkwMDA3ZTU4MjZhMS1iMTE3LTRkOWQtYTRhOS03NTc5OWFkNTU5YzMxLTE3ODI4MzI5MjE4NTMwLTAwNGRiNmM4MzRjZWExNDZkODUxMCJ9",article,conference-abstract,True,high,Venue 'ECS Meeting Abstracts' with single-page (1979-1979) and 0 references marks this as a meeting abstract.,False,200,
https://openalex.org/W2738578348,https://doi.org/10.1149/ma2009-01/6/326,"https://validate.perfdrive.com/fb803c746e9148689b3984a31fccd902/?ssa=e865b81b-f023-4cdd-b612-60bda9f285a0&ssb=64988259376&ssc=https%3A%2F%2Fiopscience.iop.org%2Farticle%2F10.1149%2FMA2009-01%2F6%2F326&ssi=6aff5fef-cnvj-4606-a3d1-ce2e0c7c4c77&ssk=botmanager_support@radware.com&ssm=13204861505269301102543708767764&ssn=402d97b57952a62f2c0260fa46c8a402ee6bb7cec5f3-5a14-4ac2-aafe8f&sso=c8381aef-ae3a4257bfdd559e66ac77bdefe8cf6b50e9560fba0f671d&ssp=57753435321782808052178286115660466&ssq=80271053292113047477832921820095783077719&ssr=NzUuNDkuMTI1LjIwOQ==&sst=Mozilla/5.0%20(Macintosh;%20Intel%20Mac%20OS%20X%2010_15_7)%20AppleWebKit/537.36%20(KHTML,%20like%20Gecko)%20Chrome/124.0%20Safari/537.36&ssu=&ssv=&ssw=&ssx=eyJyZCI6ImlvcC5vcmciLCJ1em14IjoiN2Y5MDAwMjM5MmFhYTctZDg0OC00ZWVjLWE5ZjktYmEyYjIzZDg2MTUwMS0xNzgyODMyOTIxODM1MC1hYmYzMGQxYWY3YmYzODY5MTAiLCJfX3V6bWYiOiI3ZjkwMDBiN2NlYzVmMy01YTE0LTRhYzItYWFlZi1hZTNhNDI1N2JmZGQxLTE3ODI4MzI5MjE4MzUwLTAwNDAxMGQ0Yzk5NzEzZjY4NTQxMCJ9",article,conference-abstract,True,high,Venue 'ECS Meeting Abstracts' with single-page record and 0 references indicates a meeting abstract.,False,200,
https://openalex.org/W2759322388,https://doi.org/10.1149/ma2005-02/1/14,"https://validate.perfdrive.com/fb803c746e9148689b3984a31fccd902/?ssa=3b79fde5-950e-4ccf-bae3-4d743d5fad8b&ssb=92995248904&ssc=https%3A%2F%2Fiopscience.iop.org%2Farticle%2F10.1149%2FMA2005-02%2F1%2F14&ssi=f2e59eaa-cnvj-4d28-b124-396cf96318a7&ssk=botmanager_support@radware.com&ssm=24253727896030196106728448740416&ssn=8c6d6d53c960a36e8134a4072d1db8b67371331c4c4f-078e-435f-803f7c&sso=e7930f59-9e52dd7c5a56e885f92e8483f4416e275c06cd6c8ec3781f&ssp=86272121211782844047178286638361599&ssq=00222663292319279517132923348284323153497&ssr=NzUuNDkuMTI1LjIwOQ==&sst=Mozilla/5.0%20(Macintosh;%20Intel%20Mac%20OS%20X%2010_15_7)%20AppleWebKit/537.36%20(KHTML,%20like%20Gecko)%20Chrome/124.0%20Safari/537.36&ssu=&ssv=&ssw=&ssx=eyJfX3V6bWYiOiI3ZjkwMDAzMzFjNGM0Zi0wNzhlLTQzNWYtOGY1OS05ZTUyZGQ3YzVhNTYxLTE3ODI4MzI5MjMxMTcwLTAwNDQ2YzYwOThmNmJmMGFlNmQxMCIsInV6bXgiOiI3ZjkwMDA0ZDQ3NDg1ZS02NjRhLTRhMmItYmY0YS05ODg2MDUxOWRkMGUxLTE3ODI4MzI5MjMxMTcwLWQ2ZDIyMWMzYjA5ZGM0YjkxMCIsInJkIjoiaW9wLm9yZyJ9",article,conference-abstract,True,high,ECS Meeting Abstracts venue with single-page record and zero references indicates an abstract-only meeting record.,False,200,
https://openalex.org/W2280808816,https://doi.org/10.1149/ma2013-02/15/1593,"https://validate.perfdrive.com/fb803c746e9148689b3984a31fccd902/?ssa=9e9faafc-0dd0-4af2-86d2-7067350e49b7&ssb=47905217564&ssc=https%3A%2F%2Fiopscience.iop.org%2Farticle%2F10.1149%2FMA2013-02%2F15%2F1593&ssi=00451d81-cnvj-4046-86e8-1d7e8a1e89a1&ssk=botmanager_support@radware.com&ssm=28063092442707282103554937316921&ssn=97bcd39b60624721846832c7aae8e2a8ca65a75932a7-0f31-4e44-baae85&sso=6db04fe1-4215cb4c523acc2b318bbea0beb7d05c941b3e43733cb83a&ssp=55288923321782830214178289326272221&ssq=28688903291370087406732913566150645180077&ssr=NzUuNDkuMTI1LjIwOQ==&sst=Mozilla/5.0%20(Macintosh;%20Intel%20Mac%20OS%20X%2010_15_7)%20AppleWebKit/537.36%20(KHTML,%20like%20Gecko)%20Chrome/124.0%20Safari/537.36&ssu=&ssv=&ssw=&ssx=eyJfX3V6bWYiOiI3ZjkwMDBhNzU5MzJhNy0wZjMxLTRlNDQtYmZlMS00MjE1Y2I0YzUyM2ExLTE3ODI4MzI5MTM1NjgwLTAwNGM3MzMxMzI2YTRlNDc2M2YxMCIsInV6bXgiOiI3ZjkwMDA1ZWI2YjhmMC00NzhhLTQ1YzItYTlmOS1hM2EzYTdlMzI3ZGUxLTE3ODI4MzI5MTM1NjgwLWRhNDJjOTAzZDQ1NTJiMWExMCIsInJkIjoiaW9wLm9yZyJ9",article,conference-abstract,True,high,ECS Meeting Abstracts venue with single-page (1593-1593) and zero references indicates a meeting abstract.,False,200,
https://openalex.org/W2893879950,https://doi.org/10.1136/injuryprevention-2018-safety.213,https://doi.org/10.1136/injuryprevention-2018-safety.213,article,conference-abstract,True,high,Container 'Abstracts' with supplement page A77.2 and 0 references indicates an abstract-only conference record.,False,403,
https://openalex.org/W4242709180,https://doi.org/10.1149/ma2019-02/34/1513,"https://validate.perfdrive.com/fb803c746e9148689b3984a31fccd902/?ssa=86609952-7a69-4673-89a2-5fbb5250bada&ssb=92995248904&ssc=https%3A%2F%2Fiopscience.iop.org%2Farticle%2F10.1149%2FMA2019-02%2F34%2F1513&ssi=e2b7fdee-cnvj-452d-9a39-cc270cb9fdc4&ssk=botmanager_support@radware.com&ssm=24253727896030196106728448740416&ssn=8c6d6d53c4f7d43a7148d3c450c8b8b6737164f740f3-6a15-4083-a03f7c&sso=e7930695-a59116222020e885f92ef852e495d4a601e1fb0f8ec3781f&ssp=86272121211782844047178286638361599&ssq=00222663292319279517132923348284323153497&ssr=NzUuNDkuMTI1LjIwOQ==&sst=Mozilla/5.0%20(Macintosh;%20Intel%20Mac%20OS%20X%2010_15_7)%20AppleWebKit/537.36%20(KHTML,%20like%20Gecko)%20Chrome/124.0%20Safari/537.36&ssu=&ssv=&ssw=&ssx=eyJfX3V6bWYiOiI3ZjkwMDA2NGY3NDBmMy02YTE1LTQwODMtYTY5NS1hNTkxMTYyMjIwMjAxLTE3ODI4MzI5MjM0NzMwLTAwNDIzMWQ0ZWFlMGY2OTk0YmQxMCIsInV6bXgiOiI3ZjkwMDAwYjlmMTgxYy02YjdjLTQzNmQtYTFmMS1lYTRlZDU5NmE5MjAxLTE3ODI4MzI5MjM0NzMwLTM2MzM2YzU2YzZkNjc1ZGIxMCIsInJkIjoiaW9wLm9yZyJ9",article,conference-abstract,True,high,ECS Meeting Abstracts venue with single-page record and zero references signals an abstract-only conference record.,False,200,
https://openalex.org/W4206874744,https://doi.org/10.1149/ma2019-02/32/1379,"https://validate.perfdrive.com/fb803c746e9148689b3984a31fccd902/?ssa=5a70a8dc-83af-4064-bd72-e61b9fc0fbb9&ssb=45364250809&ssc=https%3A%2F%2Fiopscience.iop.org%2Farticle%2F10.1149%2FMA2019-02%2F32%2F1379&ssi=3bcfc779-cnvj-42df-b86a-1cfad10a2f5e&ssk=botmanager_support@radware.com&ssm=72609571364923278103408784896334&ssn=97a7c08915d65579031911e4c558a4f9bc9c46759a39-2799-441c-9f15bb&sso=3c8e759e-f321103cb0d48faab767ceb9ec8a36a3e6194ba5494b2a5a&ssp=66970989411782895806178282886382820&ssq=29265163292288833748032922165390348984887&ssr=NzUuNDkuMTI1LjIwOQ==&sst=Mozilla/5.0%20(Macintosh;%20Intel%20Mac%20OS%20X%2010_15_7)%20AppleWebKit/537.36%20(KHTML,%20like%20Gecko)%20Chrome/124.0%20Safari/537.36&ssu=&ssv=&ssw=&ssx=eyJfX3V6bWYiOiI3ZjkwMDA0Njc1OWEzOS0yNzk5LTQ0MWMtOTU5ZS1mMzIxMTAzY2IwZDQxLTE3ODI4MzI5MjIzMjcwLTAwNDFkNDIzY2Q3NjMzYWNlMGMxMCIsInV6bXgiOiI3ZjkwMDBkNjlhZjg5Yi02YzAxLTQ2OWEtYTBkMS0wOGFmMzIyYmVhY2ExLTE3ODI4MzI5MjIzMjcwLWJlZjdiOGY3ZjdjNDkzYzYxMCIsInJkIjoiaW9wLm9yZyJ9",article,conference-abstract,True,high,"ECS Meeting Abstracts venue, single-page (1379-1379), and 0 references indicate an abstract-only meeting record.",False,200,
https://openalex.org/W2892243743,https://doi.org/10.1136/bmjopen-2018-ems.25,https://doi.org/10.1136/bmjopen-2018-ems.25,article,conference-abstract,True,high,"Container 'Abstracts', numbered meeting abstract with abstract present in a supplement-style proceedings record.",False,403,
https://openalex.org/W4309797330,https://doi.org/10.1149/ma2022-0272554mtgabs,"https://validate.perfdrive.com/fb803c746e9148689b3984a31fccd902/?ssa=15167de5-90ee-4041-b06b-3df9b2fc4698&ssb=92995248904&ssc=https%3A%2F%2Fiopscience.iop.org%2Farticle%2F10.1149%2FMA2022-0272554mtgabs&ssi=04607c27-cnvj-4c0a-8e4f-172c3e6a0804&ssk=botmanager_support@radware.com&ssm=24253727896030196106728448740416&ssn=8c6d6d533251cad2714377b02221b8b67371747a9e37-e172-45ed-a03f7c&sso=e79300d7-27524011e01ae885f92e2430a697ba019fbc2a1c8ec3781f&ssp=86272121211782844047178286638361599&ssq=00222663292319279517132923348284323153497&ssr=NzUuNDkuMTI1LjIwOQ==&sst=Mozilla/5.0%20(Macintosh;%20Intel%20Mac%20OS%20X%2010_15_7)%20AppleWebKit/537.36%20(KHTML,%20like%20Gecko)%20Chrome/124.0%20Safari/537.36&ssu=&ssv=&ssw=&ssx=eyJ1em14IjoiN2Y5MDAwMjJhYjVmMjktNjQ1Yi00NGUyLTg1ZTUtZjg1NDk2YmEwNzBhMS0xNzgyODMyOTIzNjQ0MC1jZDIyMjQ0NGI5MDgwZWYwMTAiLCJyZCI6ImlvcC5vcmciLCJfX3V6bWYiOiI3ZjkwMDA3NDdhOWUzNy1lMTcyLTQ1ZWQtYTBkNy0yNzUyNDAxMWUwMWExLTE3ODI4MzI5MjM2NDQwLTAwNDA2OWFkYmE5MDM4ZDY5ODgxMCJ9",article,conference-abstract,True,high,"Published in ECS Meeting Abstracts, single-page with 0 references — an abstract-only meeting record.",False,200,
https://openalex.org/W4244432663,https://doi.org/10.1149/ma2016-02/50/3833,"https://validate.perfdrive.com/fb803c746e9148689b3984a31fccd902/?ssa=4b3abc2e-49e1-44d9-8efb-7476fc2cdbb3&ssb=34532253710&ssc=https%3A%2F%2Fiopscience.iop.org%2Farticle%2F10.1149%2FMA2016-02%2F50%2F3833&ssi=644ceb46-cnvj-4699-8619-26fe616550d7&ssk=botmanager_support@radware.com&ssm=44791193138755881104386783393533&ssn=d111da66602036edfe2eae3ed8b7749a56abe21f82d5-eee2-4fe0-92e001&sso=60db0b69-8fbebcb55472be1bbc09d912f8a0bb592198d841a4d45bf5&ssp=43530186491782871735178280925075750&ssq=48620323292416063897132924965784628144217&ssr=NzUuNDkuMTI1LjIwOQ==&sst=Mozilla/5.0%20(Macintosh;%20Intel%20Mac%20OS%20X%2010_15_7)%20AppleWebKit/537.36%20(KHTML,%20like%20Gecko)%20Chrome/124.0%20Safari/537.36&ssu=&ssv=&ssw=&ssx=eyJfX3V6bWYiOiI3ZjkwMDBlMjFmODJkNS1lZWUyLTRmZTAtOWI2OS04ZmJlYmNiNTU0NzIxLTE3ODI4MzI5MjQzNjgwLTAwNDE1NzRiNjJlMjkyNTBlMzkxMCIsInV6bXgiOiI3ZjkwMDBhZTg1MWFjYS04NDlkLTQ0ZDYtYmIxMi1mNGNhNGIyZTM5NzkxLTE3ODI4MzI5MjQzNjgwLTVjODUxZjZkMTE1NTA4OWYxMCIsInJkIjoiaW9wLm9yZyJ9",article,conference-abstract,True,high,Venue 'ECS Meeting Abstracts' with single-page (3833-3833) and 0 references signals a meeting abstract.,False,200,
https://openalex.org/W2520339550,https://doi.org/10.1149/ma2016-02/21/1615,"https://validate.perfdrive.com/fb803c746e9148689b3984a31fccd902/?ssa=ef1d1d3e-d899-42c1-99eb-9125d36f5bbf&ssb=92995248904&ssc=https%3A%2F%2Fiopscience.iop.org%2Farticle%2F10.1149%2FMA2016-02%2F21%2F1615&ssi=2cee08a1-cnvj-40f7-a1dc-68186ae04390&ssk=botmanager_support@radware.com&ssm=24253727896030196106728448740416&ssn=8c6d6d53b17a11e8cb2eb43e9074b8b67371648c46a2-3267-40a6-803f7c&sso=e793083d-352d8cbd88e0e885f92ec24bdee0f8fa233dbcfa8ec3781f&ssp=86272121211782844047178286638361599&ssq=00222663292319279517132923348284323153497&ssr=NzUuNDkuMTI1LjIwOQ==&sst=Mozilla/5.0%20(Macintosh;%20Intel%20Mac%20OS%20X%2010_15_7)%20AppleWebKit/537.36%20(KHTML,%20like%20Gecko)%20Chrome/124.0%20Safari/537.36&ssu=&ssv=&ssw=&ssx=eyJyZCI6ImlvcC5vcmciLCJ1em14IjoiN2Y5MDAwYjUwNTFhYjctNjdiYS00MDFlLTg5YzMtY2FiYzE0Y2FlNGUwMS0xNzgyODMyOTIzNTE3MC01M2Q3ZTgyNGRmOWYyY2FiMTAiLCJfX3V6bWYiOiI3ZjkwMDA2NDhjNDZhMi0zMjY3LTQwYTYtODgzZC0zNTJkOGNiZDg4ZTAxLTE3ODI4MzI5MjM1MTcwLTAwNDI1ZDJiMmYzODJmMmU3ZjgxMCJ9",article,conference-abstract,True,high,"ECS Meeting Abstracts venue, single-page (1615-1615), 0 references — an abstract-only meeting record.",False,200,
https://openalex.org/W4412510251,https://doi.org/10.1149/ma2025-01151148mtgabs,"https://validate.perfdrive.com/fb803c746e9148689b3984a31fccd902/?ssa=168f0de7-d08d-4a3b-b4e6-1e72839db393&ssb=34532253710&ssc=https%3A%2F%2Fiopscience.iop.org%2Farticle%2F10.1149%2FMA2025-01151148mtgabs&ssi=3862ab65-cnvj-4cb2-a2f5-30a4a6ed43c2&ssk=botmanager_support@radware.com&ssm=44791193138755881104386783393533&ssn=d111da66cc21a694c20dbc829c3c749a56ab2cacd4d1-7037-44f1-82e001&sso=60db0b96-1f8bf793fb56be1bbc09deb77d978cef589a5793a4d45bf5&ssp=43530186491782871735178280925075750&ssq=48620323292416063897132924965784628144217&ssr=NzUuNDkuMTI1LjIwOQ==&sst=Mozilla/5.0%20(Macintosh;%20Intel%20Mac%20OS%20X%2010_15_7)%20AppleWebKit/537.36%20(KHTML,%20like%20Gecko)%20Chrome/124.0%20Safari/537.36&ssu=&ssv=&ssw=&ssx=eyJyZCI6ImlvcC5vcmciLCJfX3V6bWYiOiI3ZjkwMDAyY2FjZDRkMS03MDM3LTQ0ZjEtOGI5Ni0xZjhiZjc5M2ZiNTYxLTE3ODI4MzI5MjQ2NzkwLTAwNDhiYzM1ZDRkNTg3NTNhMzcxMCIsInV6bXgiOiI3ZjkwMDA5MzVkMTI0Yi02YzY0LTQ1ZjMtOTNlYi05NWQ0YTZhYjI1ZWExLTE3ODI4MzI5MjQ2NzkwLTVkMTJlYjM4YjZkODMyYWMxMCJ9",article,conference-abstract,True,high,"ECS Meeting Abstracts venue with single-page (1148-1148), 0 references, and ""(Invited)"" meeting talk abstract.",False,200,
https://openalex.org/W2339991048,https://doi.org/10.1149/ma2015-01/31/1761,"https://validate.perfdrive.com/fb803c746e9148689b3984a31fccd902/?ssa=0942b48a-82f1-4c56-8ca6-53a771efb338&ssb=34532253710&ssc=https%3A%2F%2Fiopscience.iop.org%2Farticle%2F10.1149%2FMA2015-01%2F31%2F1761&ssi=c9ebe854-cnvj-43cd-a9d5-09b856bf02ad&ssk=botmanager_support@radware.com&ssm=44791193138755881104386783393533&ssn=d111da66ede023e4b7a205524a02749a56ab4ff44e13-a90d-4a89-92e001&sso=60db0706-9a4cf37f6c37be1bbc091a4f6ba3a59ccb0416dea4d45bf5&ssp=43530186491782871735178280925075750&ssq=48620323292416063897132924965784628144217&ssr=NzUuNDkuMTI1LjIwOQ==&sst=Mozilla/5.0%20(Macintosh;%20Intel%20Mac%20OS%20X%2010_15_7)%20AppleWebKit/537.36%20(KHTML,%20like%20Gecko)%20Chrome/124.0%20Safari/537.36&ssu=&ssv=&ssw=&ssx=eyJyZCI6ImlvcC5vcmciLCJfX3V6bWYiOiI3ZjkwMDA0ZmY0NGUxMy1hOTBkLTRhODktOTcwNi05YTRjZjM3ZjZjMzcxLTE3ODI4MzI5MjQ1MjkwLTAwNGJkZDFmYjE2M2RmZjkxOTAxMCIsInV6bXgiOiI3ZjkwMDA0YjQyZWQ5YS01NzBjLTRkMTktYWY2Ni01ZDExMjhhYmVlNDExLTE3ODI4MzI5MjQ1MjkwLTczYjUwYWU2OTdmZmNhZTExMCJ9",article,conference-abstract,True,high,"ECS Meeting Abstracts venue, single-page (1761-1761), 0 references — an abstract-only meeting record.",False,200,
https://openalex.org/W2790495928,https://doi.org/10.1149/ma2018-01/44/2537,"https://validate.perfdrive.com/fb803c746e9148689b3984a31fccd902/?ssa=a94c1a6e-2fa2-4da0-8477-79b6686e4bd0&ssb=34532253710&ssc=https%3A%2F%2Fiopscience.iop.org%2Farticle%2F10.1149%2FMA2018-01%2F44%2F2537&ssi=827f2ebd-cnvj-4c75-9b34-e16cbab3633a&ssk=botmanager_support@radware.com&ssm=44791193138755881104386783393533&ssn=d111da663af64f9e51da015723ba749a56ab74f9d1af-db1c-4169-a2e001&sso=60db075b-3694d39c7b35be1bbc09d6152ddef26938ff5bcfa4d45bf5&ssp=43530186491782871735178280925075750&ssq=48620323292416063897132924965784628144217&ssr=NzUuNDkuMTI1LjIwOQ==&sst=Mozilla/5.0%20(Macintosh;%20Intel%20Mac%20OS%20X%2010_15_7)%20AppleWebKit/537.36%20(KHTML,%20like%20Gecko)%20Chrome/124.0%20Safari/537.36&ssu=&ssv=&ssw=&ssx=eyJfX3V6bWYiOiI3ZjkwMDA3NGY5ZDFhZi1kYjFjLTQxNjktYTc1Yi0zNjk0ZDM5YzdiMzUxLTE3ODI4MzI5MjQ0ODMwLTAwNGM1NzMyOTk2YjJmNTljNTkxMCIsInV6bXgiOiI3ZjkwMDAwNDFmYTk3Yi1mNzcxLTRmYTItYWY2Mi0xMDBkMmY5MjAyOWIxLTE3ODI4MzI5MjQ0ODMwLTRiZWNhOTEzYjQ2NTRhOTYxMCIsInJkIjoiaW9wLm9yZyJ9",article,conference-abstract,True,high,Venue 'ECS Meeting Abstracts' with single-page record and 0 references indicates an abstract-only meeting record.,False,200,
https://openalex.org/W2345996446,https://doi.org/10.1149/ma2015-01/32/1820,"https://validate.perfdrive.com/fb803c746e9148689b3984a31fccd902/?ssa=e0e85856-1522-4936-bc98-ae441a959ef5&ssb=45364250809&ssc=https%3A%2F%2Fiopscience.iop.org%2Farticle%2F10.1149%2FMA2015-01%2F32%2F1820&ssi=86b30335-cnvj-499e-8b85-d0a53de9c19b&ssk=botmanager_support@radware.com&ssm=72609571364923278103408784896334&ssn=97a7c0899a67c8ce3314bcf1f87ba4f9bc9cb1285550-a90a-4be4-bf15bb&sso=3c8e7d34-5c04720d508f8faab767d062ae581038ab52d8e7494b2a5a&ssp=66970989411782895806178282886382820&ssq=29265163292288833748032922165390348984887&ssr=NzUuNDkuMTI1LjIwOQ==&sst=Mozilla/5.0%20(Macintosh;%20Intel%20Mac%20OS%20X%2010_15_7)%20AppleWebKit/537.36%20(KHTML,%20like%20Gecko)%20Chrome/124.0%20Safari/537.36&ssu=&ssv=&ssw=&ssx=eyJfX3V6bWYiOiI3ZjkwMDBiMTI4NTU1MC1hOTBhLTRiZTQtYmQzNC01YzA0NzIwZDUwOGYxLTE3ODI4MzI5MjI0NjYwLTAwNGY5NTlhNmM0YWYyMjI1NWYxMCIsInV6bXgiOiI3ZjkwMDAwMzM0ODljZi1iNzNiLTRlYWQtODgzNi05YWQyNTA4NjViOWYxLTE3ODI4MzI5MjI0NjYwLTQyZTU3ZmMwNWMwZDAxNjcxMCIsInJkIjoiaW9wLm9yZyJ9",article,conference-abstract,True,high,"ECS Meeting Abstracts venue, single-page (1820-1820), 0 references — an abstract-only meeting record.",False,200,
https://openalex.org/W2763032609,https://doi.org/10.1149/ma2007-01/3/161,"https://validate.perfdrive.com/fb803c746e9148689b3984a31fccd902/?ssa=e3fa9d4b-4a76-46e0-b438-476839815129&ssb=13202207714&ssc=https%3A%2F%2Fiopscience.iop.org%2Farticle%2F10.1149%2FMA2007-01%2F3%2F161&ssi=94034853-cnvj-4f92-b8c9-52ad0d49dcc8&ssk=botmanager_support@radware.com&ssm=27034856756879370102968876018830&ssn=be7915bd67d4ad43d251ed24fe734b75d7963610cc96-5401-4a26-a778b7&sso=27f824b9-603ded9fd56b7ac585e361f09c365ca2877d14a2c8e3faca&ssp=37383947651782879274178284417052897&ssq=02091293292557562203632925106686946927131&ssr=NzUuNDkuMTI1LjIwOQ==&sst=Mozilla/5.0%20(Macintosh;%20Intel%20Mac%20OS%20X%2010_15_7)%20AppleWebKit/537.36%20(KHTML,%20like%20Gecko)%20Chrome/124.0%20Safari/537.36&ssu=&ssv=&ssw=&ssx=eyJyZCI6ImlvcC5vcmciLCJ1em14IjoiN2Y5MDAwMTk1OTc0ZWEtYmMxZi00ZDIxLWIzMGItZjljMWE0MDZiNjc1MS0xNzgyODMyOTI1MDY1MC01ZGJhNDFiNGU4NzNhNjI2MTAiLCJfX3V6bWYiOiI3ZjkwMDAzNjEwY2M5Ni01NDAxLTRhMjYtYTRiOS02MDNkZWQ5ZmQ1NmIxLTE3ODI4MzI5MjUwNjUwLTAwNGU5YzAxZDgwOGM2YjhjYjAxMCJ9",article,conference-abstract,True,high,"Published in ECS Meeting Abstracts, single-page (161-161) with 0 references — a meeting abstract.",False,200,
https://openalex.org/W4412511924,https://doi.org/10.1149/ma2025-01381980mtgabs,"https://validate.perfdrive.com/fb803c746e9148689b3984a31fccd902/?ssa=438d105d-248d-4832-b7f6-eaba47e2fb25&ssb=13202207714&ssc=https%3A%2F%2Fiopscience.iop.org%2Farticle%2F10.1149%2FMA2025-01381980mtgabs&ssi=d560f0d3-cnvj-45fc-8f91-33b0406e30ea&ssk=botmanager_support@radware.com&ssm=27034856756879370102968876018830&ssn=be7915bdd22d72ec0255ac732eed4b75d796230b9fd5-499a-45fb-8778b7&sso=27f823c7-32537cb903bb7ac585e364b45739e2681f08f750c8e3faca&ssp=37383947651782879274178284417052897&ssq=02091293292557562203632925106686946927131&ssr=NzUuNDkuMTI1LjIwOQ==&sst=Mozilla/5.0%20(Macintosh;%20Intel%20Mac%20OS%20X%2010_15_7)%20AppleWebKit/537.36%20(KHTML,%20like%20Gecko)%20Chrome/124.0%20Safari/537.36&ssu=&ssv=&ssw=&ssx=eyJfX3V6bWYiOiI3ZjkwMDAyMzBiOWZkNS00OTlhLTQ1ZmItODNjNy0zMjUzN2NiOTAzYmIxLTE3ODI4MzI5MjU0NDcwLTAwNGUzMzI0ODRiYTczYmUyMTMxMCIsInJkIjoiaW9wLm9yZyIsInV6bXgiOiI3ZjkwMDAwNzgyNDU1Ni1kMjFjLTQwMDAtOGI0ZC1iNzgzMjE2YzMzYmMxLTE3ODI4MzI5MjU0NDcwLWU5Y2JhMWM3YmE2Y2YxZmYxMCJ9",article,conference-abstract,True,high,ECS Meeting Abstracts venue with single-page (1980-1980) and 0 references indicates a meeting abstract.,False,200,
https://openalex.org/W2300526734,https://doi.org/10.1149/ma2014-02/21/1019,"https://validate.perfdrive.com/fb803c746e9148689b3984a31fccd902/?ssa=c9d6fd48-89dc-4f1d-bfa9-d35161dd6d4f&ssb=13202207714&ssc=https%3A%2F%2Fiopscience.iop.org%2Farticle%2F10.1149%2FMA2014-02%2F21%2F1019&ssi=890530c0-cnvj-4cba-bc25-a0b9de526ec9&ssk=botmanager_support@radware.com&ssm=27034856756879370102968876018830&ssn=be7915bd28ea1349b852db050dbd4b75d79677b19c42-5028-4d33-9778b7&sso=27f82a57-88478afb659e7ac585e34c429e66d0e54686d0a1c8e3faca&ssp=37383947651782879274178284417052897&ssq=02091293292557562203632925106686946927131&ssr=NzUuNDkuMTI1LjIwOQ==&sst=Mozilla/5.0%20(Macintosh;%20Intel%20Mac%20OS%20X%2010_15_7)%20AppleWebKit/537.36%20(KHTML,%20like%20Gecko)%20Chrome/124.0%20Safari/537.36&ssu=&ssv=&ssw=&ssx=eyJyZCI6ImlvcC5vcmciLCJ1em14IjoiN2Y5MDAwZmJjZDJjMTUtNGExOS00YWQ1LTg4M2UtMjQ5NTA1YTE4MTExMS0xNzgyODMyOTI1MzIzMC0wOTI1YTAzMzQ0NWEwOTZmMTAiLCJfX3V6bWYiOiI3ZjkwMDA3N2IxOWM0Mi01MDI4LTRkMzMtOWE1Ny04ODQ3OGFmYjY1OWUxLTE3ODI4MzI5MjUzMjMwLTAwNDZiYWY3ZWRlNDYyZWVkNzAxMCJ9",article,conference-abstract,True,high,ECS Meeting Abstracts venue with single-page (1019-1019) and zero references indicates an abstract-only meeting record.,False,200,
https://openalex.org/W2304972663,https://doi.org/10.1149/ma2014-04/2/313,"https://validate.perfdrive.com/fb803c746e9148689b3984a31fccd902/?ssa=f2ed04b3-09b3-47a2-8e15-d1e012dc28b3&ssb=13202207714&ssc=https%3A%2F%2Fiopscience.iop.org%2Farticle%2F10.1149%2FMA2014-04%2F2%2F313&ssi=0b88b6f1-cnvj-4077-8a8f-18b5fb73b8a8&ssk=botmanager_support@radware.com&ssm=27034856756879370102968876018830&ssn=be7915bd4d7f3a42afe30088adef4b75d796e1d37818-4c4d-442e-a778b7&sso=27f82ce8-daa6181a7c047ac585e3a216f62480218a98ba9ec8e3faca&ssp=37383947651782879274178284417052897&ssq=02091293292557562203632925106686946927131&ssr=NzUuNDkuMTI1LjIwOQ==&sst=Mozilla/5.0%20(Macintosh;%20Intel%20Mac%20OS%20X%2010_15_7)%20AppleWebKit/537.36%20(KHTML,%20like%20Gecko)%20Chrome/124.0%20Safari/537.36&ssu=&ssv=&ssw=&ssx=eyJfX3V6bWYiOiI3ZjkwMDBlMWQzNzgxOC00YzRkLTQ0MmUtYWNlOC1kYWE2MTgxYTdjMDQxLTE3ODI4MzI5MjUwMzgwLTAwNDdiNTRhZWJlMzU5MjYwZWIxMCIsInJkIjoiaW9wLm9yZyIsInV6bXgiOiI3ZjkwMDAwZTRiNDRhNy0zZjcxLTQ2YWYtOGIyYS1mMDk2MGRkODU4ZjAxLTE3ODI4MzI5MjUwMzgwLWIxMWIwMWRkMDQyMmQ4MTYxMCJ9",article,conference-abstract,True,high,"Venue ""ECS Meeting Abstracts"" with single-page (313-313) and zero references indicates a meeting abstract.",False,200,
https://openalex.org/W2617321834,https://doi.org/10.1149/ma2005-01/1/7,"https://validate.perfdrive.com/fb803c746e9148689b3984a31fccd902/?ssa=c5f1dbc8-73ec-4316-85e9-3080d4d29c39&ssb=34532253710&ssc=https%3A%2F%2Fiopscience.iop.org%2Farticle%2F10.1149%2FMA2005-01%2F1%2F7&ssi=f4b2cea4-cnvj-4cf4-b018-801e7795f723&ssk=botmanager_support@radware.com&ssm=44791193138755881104386783393533&ssn=d111da66615b81995a1f863bd423749a56ab59747fd6-def2-446a-82e001&sso=60db0cc5-5aa5697af909be1bbc09170c76cdd20f08ab4592a4d45bf5&ssp=43530186491782871735178280925075750&ssq=48620323292416063897132924965784628144217&ssr=NzUuNDkuMTI1LjIwOQ==&sst=Mozilla/5.0%20(Macintosh;%20Intel%20Mac%20OS%20X%2010_15_7)%20AppleWebKit/537.36%20(KHTML,%20like%20Gecko)%20Chrome/124.0%20Safari/537.36&ssu=&ssv=&ssw=&ssx=eyJfX3V6bWYiOiI3ZjkwMDA1OTc0N2ZkNi1kZWYyLTQ0NmEtOGNjNS01YWE1Njk3YWY5MDkxLTE3ODI4MzI5MjQ2MTYwLTAwNDk0MjAwNDI3YTJmZTYwMDIxMCIsInV6bXgiOiI3ZjkwMDAyOThkYTM3Mi04M2I3LTRiM2YtOTViYi02ZjEwY2ZhOTE1ZGYxLTE3ODI4MzI5MjQ2MTYwLWE1ZDM0ODRhODE0ZWRjMzAxMCIsInJkIjoiaW9wLm9yZyJ9",article,conference-abstract,True,high,ECS Meeting Abstracts venue with single-page (7-7) record and 0 references indicates an abstract-only meeting record.,False,200,
https://openalex.org/W4253166420,https://doi.org/10.1149/ma2012-02/53/3611,"https://validate.perfdrive.com/fb803c746e9148689b3984a31fccd902/?ssa=fc2e09eb-86df-4f35-94d1-764e22dd7903&ssb=13202207714&ssc=https%3A%2F%2Fiopscience.iop.org%2Farticle%2F10.1149%2FMA2012-02%2F53%2F3611&ssi=b02c9cd7-cnvj-43b1-8a33-6890c06ef63e&ssk=botmanager_support@radware.com&ssm=27034856756879370102968876018830&ssn=be7915bdcfdee1f047a2dad8cb2c4b75d79677a2e5b6-72c8-42e4-a778b7&sso=27f8207c-1e656863e54b7ac585e33580e0fc7f017682d99ec8e3faca&ssp=37383947651782879274178284417052897&ssq=02091293292557562203632925106686946927131&ssr=NzUuNDkuMTI1LjIwOQ==&sst=Mozilla/5.0%20(Macintosh;%20Intel%20Mac%20OS%20X%2010_15_7)%20AppleWebKit/537.36%20(KHTML,%20like%20Gecko)%20Chrome/124.0%20Safari/537.36&ssu=&ssv=&ssw=&ssx=eyJfX3V6bWYiOiI3ZjkwMDA3N2EyZTViNi03MmM4LTQyZTQtYTA3Yy0xZTY1Njg2M2U1NGIxLTE3ODI4MzI5MjU1OTQwLTAwNDU5Mzk5NTExYTU1MGMxMTIxMCIsInV6bXgiOiI3ZjkwMDAxYTJmODQ2My1hY2JiLTRjODAtYmY2Ni1kNWJlNmM0YjEyNmExLTE3ODI4MzI5MjU1OTQwLTZmYzk0NjJhYjIzN2RkOGYxMCIsInJkIjoiaW9wLm9yZyJ9",article,conference-abstract,True,high,"Published in ECS Meeting Abstracts with single-page record (3611) and zero references, an abstract-only meeting record.",False,200,
https://openalex.org/W2346387744,https://doi.org/10.1149/ma2016-03/2/855,"https://validate.perfdrive.com/fb803c746e9148689b3984a31fccd902/?ssa=6db48b3c-3915-43b0-8f61-d38f4fc9467a&ssb=13202207714&ssc=https%3A%2F%2Fiopscience.iop.org%2Farticle%2F10.1149%2FMA2016-03%2F2%2F855&ssi=f4e3bf50-cnvj-4801-b6c9-8b1990e9673a&ssk=botmanager_support@radware.com&ssm=27034856756879370102968876018830&ssn=be7915bd2f4f34a2f3ee324978aa4b75d796876c9fed-7ac0-44a8-9778b7&sso=27f82193-021f483049a47ac585e341e292ac130359628919c8e3faca&ssp=37383947651782879274178284417052897&ssq=02091293292557562203632925106686946927131&ssr=NzUuNDkuMTI1LjIwOQ==&sst=Mozilla/5.0%20(Macintosh;%20Intel%20Mac%20OS%20X%2010_15_7)%20AppleWebKit/537.36%20(KHTML,%20like%20Gecko)%20Chrome/124.0%20Safari/537.36&ssu=&ssv=&ssw=&ssx=eyJ1em14IjoiN2Y5MDAwZjlmODVlMGQtNmY4Yy00N2FlLTg1OTAtNjljYTY2MTc1ZmNjMS0xNzgyODMyOTI1NjM2MC1lYmZmNmM2ZGJkMmI0MWY0MTAiLCJyZCI6ImlvcC5vcmciLCJfX3V6bWYiOiI3ZjkwMDA4NzZjOWZlZC03YWMwLTQ0YTgtOTE5My0wMjFmNDgzMDQ5YTQxLTE3ODI4MzI5MjU2MzYwLTAwNGJiMWZlN2JhODA2OTY2YzkxMCJ9",article,conference-abstract,True,high,"Published in ECS Meeting Abstracts with single page (855-855) and zero references, indicating an abstract-only meeting record.",False,200,
https://openalex.org/W2892828719,https://doi.org/10.1136/injuryprevention-2018-safety.13,https://doi.org/10.1136/injuryprevention-2018-safety.13,article,conference-abstract,True,high,"Zero refs, supplement container 'Abstracts' with A5.1 page and 'PA 02-2-...' abstract code indicate a conference meeting abstract.",False,403,
https://openalex.org/W4236622101,https://doi.org/10.1149/ma2008-02/50/3113,"https://validate.perfdrive.com/fb803c746e9148689b3984a31fccd902/?ssa=561330d3-92c4-43dd-9ddc-2be4f53d82ee&ssb=81534231808&ssc=https%3A%2F%2Fiopscience.iop.org%2Farticle%2F10.1149%2FMA2008-02%2F50%2F3113&ssi=f0a543b8-cnvj-40b1-8369-ac185a390632&ssk=botmanager_support@radware.com&ssm=66087053342914787102952675164584&ssn=594dbf9f73bf65676f4fb27f787828affaa7b3ce49b2-cbc9-47b9-8ee4df&sso=5b0f0a1c-a57f9ef2f7c6f10de4a84f2ea5c22687ca4521ed3bab02fe&ssp=32154773631782893638178280169378638&ssq=62912803292628040339232926848748288206072&ssr=NzUuNDkuMTI1LjIwOQ==&sst=Mozilla/5.0%20(Macintosh;%20Intel%20Mac%20OS%20X%2010_15_7)%20AppleWebKit/537.36%20(KHTML,%20like%20Gecko)%20Chrome/124.0%20Safari/537.36&ssu=&ssv=&ssw=&ssx=eyJfX3V6bWYiOiI3ZjkwMDBiM2NlNDliMi1jYmM5LTQ3YjktOGExYy1hNTdmOWVmMmY3YzYxLTE3ODI4MzI5MjYwMTYwLTAwNDM2OTI5OTU0MTQ4ZjllZWExMCIsInJkIjoiaW9wLm9yZyIsInV6bXgiOiI3ZjkwMDA3ZGRhMzY0NS0zNTdmLTQxYzUtOGRlNi05ZWQwNjQ1NzhjYTcxLTE3ODI4MzI5MjYwMTYwLTlkYTYyMDFhMDkyNzkzNmYxMCJ9",article,conference-abstract,True,high,ECS Meeting Abstracts venue with single-page record and zero references indicates a meeting abstract.,False,200,
https://openalex.org/W4391662641,https://doi.org/10.1149/ma2023-023449mtgabs,"https://validate.perfdrive.com/fb803c746e9148689b3984a31fccd902/?ssa=8869b5b7-180e-403d-b6f7-d6683aeb8088&ssb=34532253710&ssc=https%3A%2F%2Fiopscience.iop.org%2Farticle%2F10.1149%2FMA2023-023449mtgabs&ssi=766b3dc5-cnvj-48b9-b96f-8c6fc8e3360f&ssk=botmanager_support@radware.com&ssm=44791193138755881104386783393533&ssn=d111da662d097800501f761897e1749a56ab0fb4e7ae-44df-48d4-b2e001&sso=60db0d96-6136a3f06f74be1bbc0903178c8d1a54602678cba4d45bf5&ssp=43530186491782871735178280925075750&ssq=48620323292416063897132924965784628144217&ssr=NzUuNDkuMTI1LjIwOQ==&sst=Mozilla/5.0%20(Macintosh;%20Intel%20Mac%20OS%20X%2010_15_7)%20AppleWebKit/537.36%20(KHTML,%20like%20Gecko)%20Chrome/124.0%20Safari/537.36&ssu=&ssv=&ssw=&ssx=eyJyZCI6ImlvcC5vcmciLCJ1em14IjoiN2Y5MDAwMDE4YjNmNzEtZjlhMS00YzIxLWFjNzktYzcxYzQwOGY4ZWFiMS0xNzgyODMyOTI0OTEzMC0zYTc2NDZiYzdiODViZDg5MTAiLCJfX3V6bWYiOiI3ZjkwMDAwZmI0ZTdhZS00NGRmLTQ4ZDQtYmQ5Ni02MTM2YTNmMDZmNzQxLTE3ODI4MzI5MjQ5MTMwLTAwNDMwMzUzZjg2OGEzZTRhZDUxMCJ9",article,conference-abstract,True,high,ECS Meeting Abstracts venue with single-page (449-449) and 0 references indicates an abstract-only meeting record.,False,200,
https://openalex.org/W4309811641,https://doi.org/10.1149/ma2022-0220913mtgabs,"https://validate.perfdrive.com/fb803c746e9148689b3984a31fccd902/?ssa=0d27622b-3a39-4056-a025-6a5af77785b7&ssb=92394268913&ssc=https%3A%2F%2Fiopscience.iop.org%2Farticle%2F10.1149%2FMA2022-0220913mtgabs&ssi=28f75203-cnvj-488e-b7ef-98d7b525c67a&ssk=botmanager_support@radware.com&ssm=64930391021678304102616875798247&ssn=547cb6c0bb67580bb9f263e9dfa3a29c58d24f46a908-781c-4c43-aa6645&sso=fe7806a9-8a37593c3dc87718064a9c9597d8f8d594846a580ab3e96b&ssp=40130860921782852839178283380191209&ssq=34348523291157544189432911068901443592138&ssr=NzUuNDkuMTI1LjIwOQ==&sst=Mozilla/5.0%20(Macintosh;%20Intel%20Mac%20OS%20X%2010_15_7)%20AppleWebKit/537.36%20(KHTML,%20like%20Gecko)%20Chrome/124.0%20Safari/537.36&ssu=&ssv=&ssw=&ssx=eyJ1em14IjoiN2Y5MDAwNWQ5ZDMyMTgtZmNiNS00N2M5LThiZWUtZGVkYmU5M2UyZmYzMS0xNzgyODMyOTExODY1MC1lMTMyNGM3NWNiNThlYWE5MTAiLCJfX3V6bWYiOiI3ZjkwMDA0ZjQ2YTkwOC03ODFjLTRjNDMtYTZhOS04YTM3NTkzYzNkYzgxLTE3ODI4MzI5MTE4NjUwLTAwNGZiMmViYmZhNWQyZmViMGExMCIsInJkIjoiaW9wLm9yZyJ9",article,conference-abstract,True,high,"ECS Meeting Abstracts venue, single-page (913-913), 0 references, abstract-only meeting record.",False,200,
https://openalex.org/W4238883635,https://doi.org/10.1149/ma2012-01/35/1282,"https://validate.perfdrive.com/fb803c746e9148689b3984a31fccd902/?ssa=e4078253-0f77-494d-916b-7db13bcd0745&ssb=81534231808&ssc=https%3A%2F%2Fiopscience.iop.org%2Farticle%2F10.1149%2FMA2012-01%2F35%2F1282&ssi=f20cc93a-cnvj-44ae-bf74-8c46e3350dee&ssk=botmanager_support@radware.com&ssm=66087053342914787102952675164584&ssn=594dbf9f997b27315ad264ab659f28affaa7b94e31d5-d076-4505-aee4df&sso=5b0f05aa-1f330e5981d2f10de4a88c1a37189892a6a18dbf3bab02fe&ssp=32154773631782893638178280169378638&ssq=62912803292628040339232926848748288206072&ssr=NzUuNDkuMTI1LjIwOQ==&sst=Mozilla/5.0%20(Macintosh;%20Intel%20Mac%20OS%20X%2010_15_7)%20AppleWebKit/537.36%20(KHTML,%20like%20Gecko)%20Chrome/124.0%20Safari/537.36&ssu=&ssv=&ssw=&ssx=eyJyZCI6ImlvcC5vcmciLCJ1em14IjoiN2Y5MDAwYjgyOTMxYTUtNzU0NS00NzgzLTk3ZjctMDc5MDQwOWQwMmNkMS0xNzgyODMyOTI2OTQ5MC03OWEzOGU2MmI1ZGFmMjJjMTAiLCJfX3V6bWYiOiI3ZjkwMDBiOTRlMzFkNS1kMDc2LTQ1MDUtYTVhYS0xZjMzMGU1OTgxZDIxLTE3ODI4MzI5MjY5NDkwLTAwNDNhYTZiNjA3MmUwOTEzZGUxMCJ9",article,conference-abstract,True,high,ECS Meeting Abstracts venue with single-page (1282-1282) and zero references signals an abstract-only meeting record.,False,200,
https://openalex.org/W2598285407,https://doi.org/10.1149/ma2006-01/5/246,"https://validate.perfdrive.com/fb803c746e9148689b3984a31fccd902/?ssa=7f645e63-2e5c-4eeb-8736-05c39d79b2bc&ssb=81534231808&ssc=https%3A%2F%2Fiopscience.iop.org%2Farticle%2F10.1149%2FMA2006-01%2F5%2F246&ssi=eea777c2-cnvj-4569-99d3-f4306014ff83&ssk=botmanager_support@radware.com&ssm=66087053342914787102952675164584&ssn=594dbf9f5ce32b9c271918ab3b7328affaa74043c8ca-11fb-4af7-bee4df&sso=5b0f0b08-74e911b76e24f10de4a896151d255604e15bc27a3bab02fe&ssp=32154773631782893638178280169378638&ssq=62912803292628040339232926848748288206072&ssr=NzUuNDkuMTI1LjIwOQ==&sst=Mozilla/5.0%20(Macintosh;%20Intel%20Mac%20OS%20X%2010_15_7)%20AppleWebKit/537.36%20(KHTML,%20like%20Gecko)%20Chrome/124.0%20Safari/537.36&ssu=&ssv=&ssw=&ssx=eyJyZCI6ImlvcC5vcmciLCJfX3V6bWYiOiI3ZjkwMDA0MDQzYzhjYS0xMWZiLTRhZjctYmIwOC03NGU5MTFiNzZlMjQxLTE3ODI4MzI5MjY5NjUwLTAwNDcyZWM1NDdhZTY0ZTZmYTMxMCIsInV6bXgiOiI3ZjkwMDAzOGMxMjE0OC0yMTU4LTRjMjYtYjg2MS1iNDFiNWFjZjBjMWIxLTE3ODI4MzI5MjY5NjUwLWFkYTY5ZDUyNTAyMjE0ZjcxMCJ9",article,conference-abstract,True,high,ECS Meeting Abstracts venue with single-page (246-246) and 0 references indicates an abstract-only meeting record.,False,200,
https://openalex.org/W4401697411,https://doi.org/10.1149/ma2024-01341895mtgabs,"https://validate.perfdrive.com/fb803c746e9148689b3984a31fccd902/?ssa=8bf761cc-ba84-4c21-8c78-6cccac962168&ssb=81534231808&ssc=https%3A%2F%2Fiopscience.iop.org%2Farticle%2F10.1149%2FMA2024-01341895mtgabs&ssi=699046f2-cnvj-4a32-ae51-cef374942363&ssk=botmanager_support@radware.com&ssm=66087053342914787102952675164584&ssn=594dbf9fdff2067ba3b04d0fe21328affaa70ebe2d65-88d1-483a-aee4df&sso=5b0f0c01-cd6c295bffa7f10de4a8d57e1e1e3db981e52df13bab02fe&ssp=32154773631782893638178280169378638&ssq=62912803292628040339232926848748288206072&ssr=NzUuNDkuMTI1LjIwOQ==&sst=Mozilla/5.0%20(Macintosh;%20Intel%20Mac%20OS%20X%2010_15_7)%20AppleWebKit/537.36%20(KHTML,%20like%20Gecko)%20Chrome/124.0%20Safari/537.36&ssu=&ssv=&ssw=&ssx=eyJfX3V6bWYiOiI3ZjkwMDAwZWJlMmQ2NS04OGQxLTQ4M2EtYWMwMS1jZDZjMjk1YmZmYTcxLTE3ODI4MzI5MjY2MjcwLTAwNDM1ZTdmMjUzMTA2Njg3MWExMCIsInV6bXgiOiI3ZjkwMDA2NjA5NmZiZi05NzgyLTQ5ZDctYWM4OS0yYTgxYWZjMGIxZmQxLTE3ODI4MzI5MjY2MjcwLTIzYzdiNTJkZGM3NTdiOTUxMCIsInJkIjoiaW9wLm9yZyJ9",article,conference-abstract,True,high,ECS Meeting Abstracts venue with single-page record and 0 references signals an abstract-only conference record.,False,200,
https://openalex.org/W4405593869,https://doi.org/10.1149/ma2024-0217mtgabs,"https://validate.perfdrive.com/fb803c746e9148689b3984a31fccd902/?ssa=3b13bf78-98a7-44bb-9ee3-eb62bbd55a63&ssb=80862208576&ssc=https%3A%2F%2Fiopscience.iop.org%2Farticle%2F10.1149%2FMA2024-0217mtgabs&ssi=b6cc689f-cnvj-4986-9909-f05bc53b9c82&ssk=botmanager_support@radware.com&ssm=97808414175653484100456255247619&ssn=fab0d2b4cf900b3b4b65ccc90dc3f0c88e3b3e28e4dd-7bc5-4443-ab3d80&sso=b5632bbe-34161c09f9a71e9d55be3134779921355f1aa6dc3194b553&ssp=66171557681782833978178282144577725&ssq=67187503292759868124132927923240735525330&ssr=NzUuNDkuMTI1LjIwOQ==&sst=Mozilla/5.0%20(Macintosh;%20Intel%20Mac%20OS%20X%2010_15_7)%20AppleWebKit/537.36%20(KHTML,%20like%20Gecko)%20Chrome/124.0%20Safari/537.36&ssu=&ssv=&ssw=&ssx=eyJ1em14IjoiN2Y5MDAwODdlNWU4YTEtOTBjMy00ODI5LThiMWItY2UyMTQ0NjlmZTk1MS0xNzgyODMyOTI3MDczMC1kN2Y4MWQxZTBlMDBlN2UwMTAiLCJyZCI6ImlvcC5vcmciLCJfX3V6bWYiOiI3ZjkwMDAzZTI4ZTRkZC03YmM1LTQ0NDMtYWJiZS0zNDE2MWMwOWY5YTcxLTE3ODI4MzI5MjcwNzMwLTAwNGMwMTUwZGNkOTBjNzNiZTAxMCJ9",article,conference-abstract,True,high,ECS Meeting Abstracts venue with single page (7-7) and 0 references indicates an abstract-only record.,False,200,
https://openalex.org/W4391663507,https://doi.org/10.1149/ma2023-02622945mtgabs,"https://validate.perfdrive.com/fb803c746e9148689b3984a31fccd902/?ssa=e3b2d004-8b27-4264-96f2-98f8bba6c5f8&ssb=80862208576&ssc=https%3A%2F%2Fiopscience.iop.org%2Farticle%2F10.1149%2FMA2023-02622945mtgabs&ssi=1ced58a4-cnvj-47e1-badc-7dbc313eadff&ssk=botmanager_support@radware.com&ssm=97808414175653484100456255247619&ssn=fab0d2b4a87bc47c0879daaaa41df0c88e3b47fa13b4-fc54-4bba-9b3d80&sso=b56324a3-a062b1b6d9c61e9d55becedd124ce116a6a19c7f3194b553&ssp=66171557681782833978178282144577725&ssq=67187503292759868124132927923240735525330&ssr=NzUuNDkuMTI1LjIwOQ==&sst=Mozilla/5.0%20(Macintosh;%20Intel%20Mac%20OS%20X%2010_15_7)%20AppleWebKit/537.36%20(KHTML,%20like%20Gecko)%20Chrome/124.0%20Safari/537.36&ssu=&ssv=&ssw=&ssx=eyJfX3V6bWYiOiI3ZjkwMDA0N2ZhMTNiNC1mYzU0LTRiYmEtOTRhMy1hMDYyYjFiNmQ5YzYxLTE3ODI4MzI5MjcwNjcwLTAwNGVkMDU2YjZlNTUwYzgzZjkxMCIsInJkIjoiaW9wLm9yZyIsInV6bXgiOiI3ZjkwMDAzYmRhNzg3MC0wMGNmLTQyZDctYmZhYi0xODNlZGMxZjA3YmQxLTE3ODI4MzI5MjcwNjcwLWMwN2FlMjAxOGUwM2JjMGExMCJ9",article,conference-abstract,True,high,"ECS Meeting Abstracts venue, single-page (2945-2945), 0 references—an abstract-only meeting record.",False,200,
https://openalex.org/W4239929267,https://doi.org/10.1149/ma2019-01/29/1464,"https://validate.perfdrive.com/fb803c746e9148689b3984a31fccd902/?ssa=81c53ca1-1eef-4cd9-9bde-396c8a270d04&ssb=80862208576&ssc=https%3A%2F%2Fiopscience.iop.org%2Farticle%2F10.1149%2FMA2019-01%2F29%2F1464&ssi=5d346653-cnvj-41fd-814c-afd6f8580a5d&ssk=botmanager_support@radware.com&ssm=97808414175653484100456255247619&ssn=fab0d2b40f24619f06ad4fa83c7ff0c88e3b7be32813-c946-461e-ab3d80&sso=b56325b2-ab05843134f01e9d55be2f2033484cfbb7fc526a3194b553&ssp=66171557681782833978178282144577725&ssq=67187503292759868124132927923240735525330&ssr=NzUuNDkuMTI1LjIwOQ==&sst=Mozilla/5.0%20(Macintosh;%20Intel%20Mac%20OS%20X%2010_15_7)%20AppleWebKit/537.36%20(KHTML,%20like%20Gecko)%20Chrome/124.0%20Safari/537.36&ssu=&ssv=&ssw=&ssx=eyJyZCI6ImlvcC5vcmciLCJfX3V6bWYiOiI3ZjkwMDA3YmUzMjgxMy1jOTQ2LTQ2MWUtYTViMi1hYjA1ODQzMTM0ZjAxLTE3ODI4MzI5MjczNTcwLTAwNGEwYjIxYzgzOGRhYmFlYTUxMCIsInV6bXgiOiI3ZjkwMDA3ZjdhZDc3Mi0yN2QxLTQ5OTEtYjhjZC1jZmNmYjk3ZGJmMjgxLTE3ODI4MzI5MjczNTcwLTBlYjQyNTI1MjU2ZDNmNWUxMCJ9",article,conference-abstract,True,high,"Venue is ECS Meeting Abstracts with single-page (1464-1464) and zero references, indicating an abstract-only meeting record.",False,200,
https://openalex.org/W4386854075,https://doi.org/10.1149/ma2023-01341889mtgabs,"https://validate.perfdrive.com/fb803c746e9148689b3984a31fccd902/?ssa=6f2315ec-a0cd-4096-b25b-dcbbb1b88e52&ssb=81534231808&ssc=https%3A%2F%2Fiopscience.iop.org%2Farticle%2F10.1149%2FMA2023-01341889mtgabs&ssi=6abbe781-cnvj-4d17-8284-c125ba2b7437&ssk=botmanager_support@radware.com&ssm=66087053342914787102952675164584&ssn=594dbf9f28a06a11160e5cf0313828affaa773cdeb58-a0f4-46d1-8ee4df&sso=5b0f0ac9-3e966fd44eeff10de4a8ee9aaeb1d7d588cc39793bab02fe&ssp=32154773631782893638178280169378638&ssq=62912803292628040339232926848748288206072&ssr=NzUuNDkuMTI1LjIwOQ==&sst=Mozilla/5.0%20(Macintosh;%20Intel%20Mac%20OS%20X%2010_15_7)%20AppleWebKit/537.36%20(KHTML,%20like%20Gecko)%20Chrome/124.0%20Safari/537.36&ssu=&ssv=&ssw=&ssx=eyJfX3V6bWYiOiI3ZjkwMDA3M2NkZWI1OC1hMGY0LTQ2ZDEtOGFjOS0zZTk2NmZkNDRlZWYxLTE3ODI4MzI5MjYwODAwLTAwNDI2M2FjYTY4NDg1YjAxYWQxMCIsInV6bXgiOiI3ZjkwMDA5OTdmMDdiOC0wZjA4LTQ0ZmQtOTBjZS05NzI4Y2I5N2E0MGUxLTE3ODI4MzI5MjYwODAwLTZhZjA3MzYzZWQ2YjI3OTMxMCIsInJkIjoiaW9wLm9yZyJ9",article,conference-abstract,True,high,"ECS Meeting Abstracts venue, single-page (1889-1889), zero references — an abstract-only meeting record.",False,200,
https://openalex.org/W2742844615,https://doi.org/10.1149/ma2017-02/7/600,"https://validate.perfdrive.com/fb803c746e9148689b3984a31fccd902/?ssa=c5fa8a83-6636-4845-ad79-45732278ac43&ssb=13202207714&ssc=https%3A%2F%2Fiopscience.iop.org%2Farticle%2F10.1149%2FMA2017-02%2F7%2F600&ssi=5c86eb85-cnvj-4cc6-9bab-9905aa206a9a&ssk=botmanager_support@radware.com&ssm=27034856756879370102968876018830&ssn=be7915bdd38eab5b1f3813a11ca14b75d796f2eccf86-d854-44d6-8778b7&sso=27f82d1f-909b7828c5aa7ac585e387d3b31453f1dd64bcfdc8e3faca&ssp=37383947651782879274178284417052897&ssq=02091293292557562203632925106686946927131&ssr=NzUuNDkuMTI1LjIwOQ==&sst=Mozilla/5.0%20(Macintosh;%20Intel%20Mac%20OS%20X%2010_15_7)%20AppleWebKit/537.36%20(KHTML,%20like%20Gecko)%20Chrome/124.0%20Safari/537.36&ssu=&ssv=&ssw=&ssx=eyJyZCI6ImlvcC5vcmciLCJ1em14IjoiN2Y5MDAwNmVjOWU1YzgtNmVkYi00MDYxLWJjYzEtMzY4ZGI0YjFiNjYxMS0xNzgyODMyOTI1Njg3MC0zYzE2NjUzZjY1MjE2MzI5MTAiLCJfX3V6bWYiOiI3ZjkwMDBmMmVjY2Y4Ni1kODU0LTQ0ZDYtOGQxZi05MDliNzgyOGM1YWExLTE3ODI4MzI5MjU2ODcwLTAwNGY0MzJhNWZiM2Y0ZmE5YzkxMCJ9",article,conference-abstract,True,high,ECS Meeting Abstracts venue with single-page 600-600 and 0 references indicates an abstract-only conference record.,False,200,
https://openalex.org/W3156826050,https://doi.org/10.1136/bmjpo-2021-rcpch.84,https://doi.org/10.1136/bmjpo-2021-rcpch.84,article,conference-abstract,True,high,"Numbered title, 'Abstracts' supplement container, 0 references, and A43.2-style page indicate an abstract-only meeting record.",False,403,
https://openalex.org/W4312135151,https://doi.org/10.1136/injuryprev-2022-safety2022.241,https://doi.org/10.1136/injuryprev-2022-safety2022.241,article,conference-abstract,True,high,Container 'Abstracts' in a supplement with 0 references and A81-style page indicates an abstract-only meeting record.,False,403,
https://openalex.org/W4245264508,https://doi.org/10.1149/ma2019-01/30/1481,"https://validate.perfdrive.com/fb803c746e9148689b3984a31fccd902/?ssa=969d224d-cba0-4678-aec7-f959ca4f79af&ssb=80862208576&ssc=https%3A%2F%2Fiopscience.iop.org%2Farticle%2F10.1149%2FMA2019-01%2F30%2F1481&ssi=db879069-cnvj-4156-a503-af28efe51c38&ssk=botmanager_support@radware.com&ssm=97808414175653484100456255247619&ssn=fab0d2b417255f40ea7a9ad376ccf0c88e3b3d9392a4-62c7-46d7-8b3d80&sso=b5632882-bfb1ccb6d93b1e9d55bea683d61deab6b1151a513194b553&ssp=66171557681782833978178282144577725&ssq=67187503292759868124132927923240735525330&ssr=NzUuNDkuMTI1LjIwOQ==&sst=Mozilla/5.0%20(Macintosh;%20Intel%20Mac%20OS%20X%2010_15_7)%20AppleWebKit/537.36%20(KHTML,%20like%20Gecko)%20Chrome/124.0%20Safari/537.36&ssu=&ssv=&ssw=&ssx=eyJyZCI6ImlvcC5vcmciLCJ1em14IjoiN2Y5MDAwYzk3MTk4ZDItNmVkZi00MGVmLTgzYWItOTFhM2Y5YjczMDBjMS0xNzgyODMyOTI3MTQ5MC0xMDhlNDYxNDVjN2Y0NzY1MTAiLCJfX3V6bWYiOiI3ZjkwMDAzZDkzOTJhNC02MmM3LTQ2ZDctODg4Mi1iZmIxY2NiNmQ5M2IxLTE3ODI4MzI5MjcxNDkwLTAwNGZkYTFkZTE5Yzk0OTJiZjQxMCJ9",article,conference-abstract,True,high,ECS Meeting Abstracts venue with single-page (1481-1481) and 0 references signals an abstract-only conference record.,False,200,
https://openalex.org/W2344380841,https://doi.org/10.1149/ma2016-01/36/1827,"https://validate.perfdrive.com/fb803c746e9148689b3984a31fccd902/?ssa=fcedab9b-5407-41c5-a400-ce98cf218f2b&ssb=13202207714&ssc=https%3A%2F%2Fiopscience.iop.org%2Farticle%2F10.1149%2FMA2016-01%2F36%2F1827&ssi=dca1a810-cnvj-4671-afa5-552c0806ad5f&ssk=botmanager_support@radware.com&ssm=27034856756879370102968876018830&ssn=be7915bd47cae604a337303b83fb4b75d7968acb052b-d0e2-4f62-a778b7&sso=27f82923-c7429e68515f7ac585e3f6bcbe6a249b417c1797c8e3faca&ssp=37383947651782879274178284417052897&ssq=02091293292557562203632925106686946927131&ssr=NzUuNDkuMTI1LjIwOQ==&sst=Mozilla/5.0%20(Macintosh;%20Intel%20Mac%20OS%20X%2010_15_7)%20AppleWebKit/537.36%20(KHTML,%20like%20Gecko)%20Chrome/124.0%20Safari/537.36&ssu=&ssv=&ssw=&ssx=eyJyZCI6ImlvcC5vcmciLCJ1em14IjoiN2Y5MDAwYzU0ODg4YzAtODk5Ny00MDlmLTg4MDktYjFhMmY0ZjJiZDhjMS0xNzgyODMyOTI1Mzg2MC1mNGI5NTI2ZDU3NmFkMGI3MTAiLCJfX3V6bWYiOiI3ZjkwMDA4YWNiMDUyYi1kMGUyLTRmNjItYTkyMy1jNzQyOWU2ODUxNWYxLTE3ODI4MzI5MjUzODYwLTAwNDliNGY4MTI2YTRkZTNlNjIxMCJ9",article,conference-abstract,True,high,ECS Meeting Abstracts venue with single-page (1827-1827) and zero references indicates an abstract-only meeting record.,False,200,
https://openalex.org/W2240448254,https://doi.org/10.1149/ma2010-02/1/11,"https://validate.perfdrive.com/fb803c746e9148689b3984a31fccd902/?ssa=ef710717-4338-438a-b286-f76df86dc9ac&ssb=92995248904&ssc=https%3A%2F%2Fiopscience.iop.org%2Farticle%2F10.1149%2FMA2010-02%2F1%2F11&ssi=91522b72-cnvj-41ce-a7c0-8f6a109f89b3&ssk=botmanager_support@radware.com&ssm=24253727896030196106728448740416&ssn=8c6d6d53888ad423a2072c7c141cb8b67371d6f730f8-edc4-4d65-903f7c&sso=e7930623-58f147a55ac8e885f92e2ced109991c7b5438e768ec3781f&ssp=86272121211782844047178286638361599&ssq=00222663292319279517132923348284323153497&ssr=NzUuNDkuMTI1LjIwOQ==&sst=Mozilla/5.0%20(Macintosh;%20Intel%20Mac%20OS%20X%2010_15_7)%20AppleWebKit/537.36%20(KHTML,%20like%20Gecko)%20Chrome/124.0%20Safari/537.36&ssu=&ssv=&ssw=&ssx=eyJfX3V6bWYiOiI3ZjkwMDBkNmY3MzBmOC1lZGM0LTRkNjUtOTYyMy01OGYxNDdhNTVhYzgxLTE3ODI4MzI5MjM4NDIwLTAwNGMyNjkyMzQ4MTEwMzFkMmQxMCIsInV6bXgiOiI3ZjkwMDBjNzhjY2NlMS02NDU0LTQxNmYtYjAwMS03YTIwMmNjYjFjMWQxLTE3ODI4MzI5MjM4NDIwLTAwMzhhNzRlMGE4ZmRiN2IxMCIsInJkIjoiaW9wLm9yZyJ9",article,conference-abstract,True,high,Venue 'ECS Meeting Abstracts' with single-page record and 0 references indicates a meeting abstract.,False,200,
https://openalex.org/W4384568662,https://doi.org/10.1136/leader-2023-fmlm.2,https://doi.org/10.1136/leader-2023-fmlm.2,article,conference-abstract,True,high,"Single-page (A2-A2) record in an ""Abstracts"" supplement with 0 references and a numbered abstract title.",False,403,
https://openalex.org/W2963728498,https://doi.org/10.1149/ma2014-02/2/101,"https://validate.perfdrive.com/fb803c746e9148689b3984a31fccd902/?ssa=7dd914ff-384e-4e1a-806b-43b2c99c6519&ssb=80487273629&ssc=https%3A%2F%2Fiopscience.iop.org%2Farticle%2F10.1149%2FMA2014-02%2F2%2F101&ssi=55c4bd79-cnvj-4ed0-865e-85feb6d41268&ssk=botmanager_support@radware.com&ssm=90905451583178541105201179477937&ssn=deb120e245b8ef360247bcffd5879550c3b810058b4c-2d36-47fd-a5a505&sso=6e2cec7b-ec6e41b05b3d6052188d3df2dffdbbebd9ecec2ec6f6bb02&ssp=16013634031782828206178280665564618&ssq=01770063292840639717832928804779562776389&ssr=NzUuNDkuMTI1LjIwOQ==&sst=Mozilla/5.0%20(Macintosh;%20Intel%20Mac%20OS%20X%2010_15_7)%20AppleWebKit/537.36%20(KHTML,%20like%20Gecko)%20Chrome/124.0%20Safari/537.36&ssu=&ssv=&ssw=&ssx=eyJyZCI6ImlvcC5vcmciLCJfX3V6bWYiOiI3ZjkwMDAxMDA1OGI0Yy0yZDM2LTQ3ZmQtYWM3Yi1lYzZlNDFiMDViM2QxLTE3ODI4MzI5Mjg0ODAwLTAwNDkzZDk2MzgzZjNlMTBiMTcxMCIsInV6bXgiOiI3ZjkwMDA0M2Y5MzEwYi1jMGFiLTQ2YmQtODM1Mi1mMjBmNTNhZGIzNjMxLTE3ODI4MzI5Mjg0ODAwLWFkZDk5OGM5YzQxOWExYzAxMCJ9",article,conference-abstract,True,high,ECS Meeting Abstracts venue with single-page (101-101) and zero references indicates an abstract-only meeting record.,False,200,
https://openalex.org/W2611723660,https://doi.org/10.1149/ma2009-02/36/2767,"https://validate.perfdrive.com/fb803c746e9148689b3984a31fccd902/?ssa=05601675-5771-427a-aabb-fa1eccbab44a&ssb=80487273629&ssc=https%3A%2F%2Fiopscience.iop.org%2Farticle%2F10.1149%2FMA2009-02%2F36%2F2767&ssi=56334fed-cnvj-4a91-86cf-09f9178bf7eb&ssk=botmanager_support@radware.com&ssm=90905451583178541105201179477937&ssn=deb120e2afd012dbe1a439f226cb9550c3b8df3c8f85-5200-41c6-85a505&sso=6e2ce000-f91a8aa97e966052188d584451ea271b80f1562dc6f6bb02&ssp=16013634031782828206178280665564618&ssq=01770063292840639717832928804779562776389&ssr=NzUuNDkuMTI1LjIwOQ==&sst=Mozilla/5.0%20(Macintosh;%20Intel%20Mac%20OS%20X%2010_15_7)%20AppleWebKit/537.36%20(KHTML,%20like%20Gecko)%20Chrome/124.0%20Safari/537.36&ssu=&ssv=&ssw=&ssx=eyJyZCI6ImlvcC5vcmciLCJ1em14IjoiN2Y5MDAwYTgzMDE2MzUtNjY4Yy00YTJhLWEwMGEtOGU2YWI5YTZiZDgwMS0xNzgyODMyOTI4NTMxMC1jODM4ZDQ0ZDRlOTQyMTk4MTAiLCJfX3V6bWYiOiI3ZjkwMDBkZjNjOGY4NS01MjAwLTQxYzYtODAwMC1mOTFhOGFhOTdlOTYxLTE3ODI4MzI5Mjg1MzEwLTAwNGI5ZDAyYzIxYmVjMWVkNDIxMCJ9",article,conference-abstract,True,high,ECS Meeting Abstracts venue with single-page record and zero references indicates a meeting abstract.,False,200,
https://openalex.org/W3113407576,https://doi.org/10.1149/ma2020-02592910mtgabs,"https://validate.perfdrive.com/fb803c746e9148689b3984a31fccd902/?ssa=1e3423c5-5b92-4a16-bfa3-aa5707d786cd&ssb=81534231808&ssc=https%3A%2F%2Fiopscience.iop.org%2Farticle%2F10.1149%2FMA2020-02592910mtgabs&ssi=cd6d1a17-cnvj-469e-80fa-a284b85e36a1&ssk=botmanager_support@radware.com&ssm=66087053342914787102952675164584&ssn=594dbf9f422c5987b41c642ac87728affaa76bb7cc60-61d9-4769-9ee4df&sso=5b0f0f70-cd44ab6efee1f10de4a8d2089cde6a07f4217fef3bab02fe&ssp=32154773631782893638178280169378638&ssq=62912803292528040339232925848748288206072&ssr=NzUuNDkuMTI1LjIwOQ==&sst=Mozilla/5.0%20(Macintosh;%20Intel%20Mac%20OS%20X%2010_15_7)%20AppleWebKit/537.36%20(KHTML,%20like%20Gecko)%20Chrome/124.0%20Safari/537.36&ssu=&ssv=&ssw=&ssx=eyJyZCI6ImlvcC5vcmciLCJ1em14IjoiN2Y5MDAwM2MzZWIwZmUtZTgyYy00NTA3LTlmMGYtOTVlMDdhNmM3MDljMS0xNzgyODMyOTI2MDA2MC1mNzRhZTVmMmIxMmE2OTFhMTAiLCJfX3V6bWYiOiI3ZjkwMDA2YmI3Y2M2MC02MWQ5LTQ3NjktOWY3MC1jZDQ0YWI2ZWZlZTExLTE3ODI4MzI5MjYwMDYwLTAwNDljMTc2NThkN2ZkYzdhNzQxMCJ9",article,conference-abstract,True,high,"ECS Meeting Abstracts venue with single-page (2910-2910), 0 references — an abstract-only meeting record.",False,200,
https://openalex.org/W3183544867,https://doi.org/10.1149/ma2021-0121850mtgabs,"https://validate.perfdrive.com/fb803c746e9148689b3984a31fccd902/?ssa=dfcba8ae-9d13-4f01-a9e1-9ede6586875a&ssb=80487273629&ssc=https%3A%2F%2Fiopscience.iop.org%2Farticle%2F10.1149%2FMA2021-0121850mtgabs&ssi=398fbf53-cnvj-4388-b118-5739f7713da9&ssk=botmanager_support@radware.com&ssm=90905451583178541105201179477937&ssn=deb120e23e3b64e8fa2df809e5fe9550c3b89fb937b8-ac24-49d9-95a505&sso=6e2ce23a-881d450522f06052188d73b5f8a474b12bafa0d8c6f6bb02&ssp=16013634031782828206178280665564618&ssq=01770063292840639717832928804779562776389&ssr=NzUuNDkuMTI1LjIwOQ==&sst=Mozilla/5.0%20(Macintosh;%20Intel%20Mac%20OS%20X%2010_15_7)%20AppleWebKit/537.36%20(KHTML,%20like%20Gecko)%20Chrome/124.0%20Safari/537.36&ssu=&ssv=&ssw=&ssx=eyJyZCI6ImlvcC5vcmciLCJ1em14IjoiN2Y5MDAwYzM4YTRhM2YtNDg2Yi00MTFlLTg5ZmQtZDNkZDRhNjFjMDBlMS0xNzgyODMyOTI4ODczMC04MTcxZWYxYWRiNmM3YTA0MTAiLCJfX3V6bWYiOiI3ZjkwMDA5ZmI5MzdiOC1hYzI0LTQ5ZDktOTIzYS04ODFkNDUwNTIyZjAxLTE3ODI4MzI5Mjg4NzMwLTAwNGM4OGFkNGE5NWVmMTlkOTIxMCJ9",article,conference-abstract,True,high,"Published in 'ECS Meeting Abstracts' with single-page (850-850) and zero references, indicating a meeting abstract.",False,200,
https://openalex.org/W2937783768,https://doi.org/10.1149/ma2019-03/1/47,"https://validate.perfdrive.com/fb803c746e9148689b3984a31fccd902/?ssa=24a63439-3fb8-489f-970c-9baf21a927cd&ssb=80487273629&ssc=https%3A%2F%2Fiopscience.iop.org%2Farticle%2F10.1149%2FMA2019-03%2F1%2F47&ssi=d23cea8f-cnvj-4fc6-b117-d5ef4eebc54e&ssk=botmanager_support@radware.com&ssm=90905451583178541105201179477937&ssn=deb120e2b7d9588c7307ad389b489550c3b8e04c0ba1-f4f3-478d-a5a505&sso=6e2ced94-1ea971e0c17d6052188de363bc14ba7512d884f2c6f6bb02&ssp=16013634031782828206178280665564618&ssq=01770063292840639717832928804779562776389&ssr=NzUuNDkuMTI1LjIwOQ==&sst=Mozilla/5.0%20(Macintosh;%20Intel%20Mac%20OS%20X%2010_15_7)%20AppleWebKit/537.36%20(KHTML,%20like%20Gecko)%20Chrome/124.0%20Safari/537.36&ssu=&ssv=&ssw=&ssx=eyJfX3V6bWYiOiI3ZjkwMDBlMDRjMGJhMS1mNGYzLTQ3OGQtYWQ5NC0xZWE5NzFlMGMxN2QxLTE3ODI4MzI5Mjg2ODUwLTAwNGQ0ZWFhZTU0YWZmM2JiNjcxMCIsInV6bXgiOiI3ZjkwMDA5YTJkMDVhMi03NDgzLTQ2MjItOGJlZi05OTQyZTZhNjQ2YjExLTE3ODI4MzI5Mjg2ODUwLTJmM2VhYTUyM2JhMzQzOWIxMCIsInJkIjoiaW9wLm9yZyJ9",article,conference-abstract,True,high,Venue 'ECS Meeting Abstracts' with single-page (47-47) and 0 references signals an abstract-only meeting record.,False,200,
https://openalex.org/W2613051354,https://doi.org/10.1149/ma2017-01/5/501,"https://validate.perfdrive.com/fb803c746e9148689b3984a31fccd902/?ssa=b89102b0-7faa-43c7-9b77-564c4de9232d&ssb=80487273629&ssc=https%3A%2F%2Fiopscience.iop.org%2Farticle%2F10.1149%2FMA2017-01%2F5%2F501&ssi=bafbd34e-cnvj-4a43-9fa0-adf8c043a26e&ssk=botmanager_support@radware.com&ssm=90905451583178541105201179477937&ssn=deb120e22df0af796e6a51e853559550c3b81dd347ab-900c-48b1-85a505&sso=6e2ce85f-ce2b3604cb2a6052188dc8e20cd89f52bfc1d168c6f6bb02&ssp=16013634031782828206178280665564618&ssq=01770063292840639717832928804779562776389&ssr=NzUuNDkuMTI1LjIwOQ==&sst=Mozilla/5.0%20(Macintosh;%20Intel%20Mac%20OS%20X%2010_15_7)%20AppleWebKit/537.36%20(KHTML,%20like%20Gecko)%20Chrome/124.0%20Safari/537.36&ssu=&ssv=&ssw=&ssx=eyJyZCI6ImlvcC5vcmciLCJfX3V6bWYiOiI3ZjkwMDAxZGQzNDdhYi05MDBjLTQ4YjEtODg1Zi1jZTJiMzYwNGNiMmExLTE3ODI4MzI5Mjg5NDIwLTAwNDdiMzg4NmRmZGFhNWIxNWMxMCIsInV6bXgiOiI3ZjkwMDAxZDhjNTE3Yy1jM2RlLTQ0YzMtYjBiYS0wMDZmZmVhZWExNzExLTE3ODI4MzI5Mjg5NDIwLTM5ZDM5MjExMWRjMjUzZWIxMCJ9",article,conference-abstract,True,high,ECS Meeting Abstracts venue with single-page (501-501) and 0 references signals an abstract-only meeting record.,False,200,
https://openalex.org/W4285399176,https://doi.org/10.1149/ma2022-01412401mtgabs,"https://validate.perfdrive.com/fb803c746e9148689b3984a31fccd902/?ssa=035d92b9-6f8d-4ac0-b328-c135f9b3aa7d&ssb=88612275951&ssc=https%3A%2F%2Fiopscience.iop.org%2Farticle%2F10.1149%2FMA2022-01412401mtgabs&ssi=a396dac5-cnvj-40fd-95da-731db7d0d4df&ssk=botmanager_support@radware.com&ssm=29953053866326905105770599452992&ssn=da308f974a70b08b2677dbc25acafb75f7457bb7597d-88ea-4550-895550&sso=cf31a676-6575ed5082c63c4c5977ca09d55d610430d71f5d7c0a3bb3&ssp=58833054591782845322178287926896871&ssq=70419863292973193464732929515901035138317&ssr=NzUuNDkuMTI1LjIwOQ==&sst=Mozilla/5.0%20(Macintosh;%20Intel%20Mac%20OS%20X%2010_15_7)%20AppleWebKit/537.36%20(KHTML,%20like%20Gecko)%20Chrome/124.0%20Safari/537.36&ssu=&ssv=&ssw=&ssx=eyJyZCI6ImlvcC5vcmciLCJ1em14IjoiN2Y5MDAwZmM1YTg5MzMtODhiMS00ZTAyLWEzNmYtM2I4ZWY2YzQ2NDVkMS0xNzgyODMyOTI5MjkwMC04YjQ0MGNkYWNlY2ViNTEzMTAiLCJfX3V6bWYiOiI3ZjkwMDA3YmI3NTk3ZC04OGVhLTQ1NTAtODY3Ni02NTc1ZWQ1MDgyYzYxLTE3ODI4MzI5MjkyOTAwLTAwNDZhOTAwN2JjMzdiNjMyNDMxMCJ9",article,conference-abstract,True,high,ECS Meeting Abstracts venue with single-page (2401-2401) abstract-only record and 0 references.,False,200,
https://openalex.org/W4238672857,https://doi.org/10.1149/ma2009-02/2/178,"https://validate.perfdrive.com/fb803c746e9148689b3984a31fccd902/?ssa=934f8109-336d-4cc8-929b-f8c053ba6097&ssb=81534231808&ssc=https%3A%2F%2Fiopscience.iop.org%2Farticle%2F10.1149%2FMA2009-02%2F2%2F178&ssi=f465020b-cnvj-4669-9a35-9567e5e9028f&ssk=botmanager_support@radware.com&ssm=66087053342914787102952675164584&ssn=594dbf9f6459f831a71888828cb828affaa7d1ff5454-840f-4231-aee4df&sso=5b0f0610-7759fdf3f8e2f10de4a8349be08714af07c5937f3bab02fe&ssp=32154773631782893638178280169378638&ssq=62912803292628040339232926848748288206072&ssr=NzUuNDkuMTI1LjIwOQ==&sst=Mozilla/5.0%20(Macintosh;%20Intel%20Mac%20OS%20X%2010_15_7)%20AppleWebKit/537.36%20(KHTML,%20like%20Gecko)%20Chrome/124.0%20Safari/537.36&ssu=&ssv=&ssw=&ssx=eyJfX3V6bWYiOiI3ZjkwMDBkMWZmNTQ1NC04NDBmLTQyMzEtYTYxMC03NzU5ZmRmM2Y4ZTIxLTE3ODI4MzI5MjY2NTkwLTAwNGQzMjFmYWMyMTU1YjkzNDcxMCIsInJkIjoiaW9wLm9yZyIsInV6bXgiOiI3ZjkwMDBjMmM4NWZmZi1kY2YwLTRhODEtOTBkZC01NmQ5NTEwMDRmYWExLTE3ODI4MzI5MjY2NTkwLTQ3MTBhYjI1MWY3NTQwODUxMCJ9",article,conference-abstract,True,high,"ECS Meeting Abstracts venue, single page 178-178, 0 references — an abstract-only meeting record.",False,200,
https://openalex.org/W2600031701,https://doi.org/10.1149/ma2011-02/27/1887,"https://validate.perfdrive.com/fb803c746e9148689b3984a31fccd902/?ssa=37613111-e837-44ff-b27e-8be975f3a27a&ssb=88612275951&ssc=https%3A%2F%2Fiopscience.iop.org%2Farticle%2F10.1149%2FMA2011-02%2F27%2F1887&ssi=c67ae09e-cnvj-4c94-b0ed-74aa2861b604&ssk=botmanager_support@radware.com&ssm=29953053866326905105770599452992&ssn=da308f9775ff7c42a45bf79cca06fb75f745ab790a4a-6402-48da-895550&sso=cf31addd-770d251deb053c4c5977734232c158950aa3a94f7c0a3bb3&ssp=58833054591782845322178287926896871&ssq=70419863292973193464732929515901035138317&ssr=NzUuNDkuMTI1LjIwOQ==&sst=Mozilla/5.0%20(Macintosh;%20Intel%20Mac%20OS%20X%2010_15_7)%20AppleWebKit/537.36%20(KHTML,%20like%20Gecko)%20Chrome/124.0%20Safari/537.36&ssu=&ssv=&ssw=&ssx=eyJyZCI6ImlvcC5vcmciLCJ1em14IjoiN2Y5MDAwMmYyYzdmMzItMmRkNi00YzVjLTllMGEtNGE1YjMyOTdkMzRkMS0xNzgyODMyOTI5MDg2MC1jMWY0NjNkOWY5YTViYWExMTAiLCJfX3V6bWYiOiI3ZjkwMDBhYjc5MGE0YS02NDAyLTQ4ZGEtOGRkZC03NzBkMjUxZGViMDUxLTE3ODI4MzI5MjkwODYwLTAwNDM1ZWRlNjMyZWQ5MzcyMWUxMCJ9",article,conference-abstract,True,high,"Published in ECS Meeting Abstracts with single-page record and zero references, indicating an abstract-only meeting record.",False,200,
https://openalex.org/W4386866637,https://doi.org/10.1149/ma2023-011439mtgabs,"https://validate.perfdrive.com/fb803c746e9148689b3984a31fccd902/?ssa=e270f85e-2fd4-430c-9669-ed6934f9300f&ssb=88612275951&ssc=https%3A%2F%2Fiopscience.iop.org%2Farticle%2F10.1149%2FMA2023-011439mtgabs&ssi=e131e5ee-cnvj-4d2a-aa1d-ebd0f055518e&ssk=botmanager_support@radware.com&ssm=29953053866326905105770599452992&ssn=da308f97101f94ae072ef4f0b3a2fb75f7454cfb8dab-fe4d-4ec8-a95550&sso=cf31a549-a289b28ca72b3c4c5977d4a64c65bf8f4f13ee677c0a3bb3&ssp=58833054591782845322178287926896871&ssq=70419863292973193464732929515901035138317&ssr=NzUuNDkuMTI1LjIwOQ==&sst=Mozilla/5.0%20(Macintosh;%20Intel%20Mac%20OS%20X%2010_15_7)%20AppleWebKit/537.36%20(KHTML,%20like%20Gecko)%20Chrome/124.0%20Safari/537.36&ssu=&ssv=&ssw=&ssx=eyJfX3V6bWYiOiI3ZjkwMDA0Y2ZiOGRhYi1mZTRkLTRlYzgtYTU0OS1hMjg5YjI4Y2E3MmIxLTE3ODI4MzI5MjkwOTgwLTAwNDNkOWFjNjRjYTE4MWIwYjgxMCIsInJkIjoiaW9wLm9yZyIsInV6bXgiOiI3ZjkwMDA1MWJjYmYxNC04YzFmLTQ4ZmYtYmU2YS0yOTk1NmFhMGM2M2ExLTE3ODI4MzI5MjkwOTgwLWI4ZGZmZDBmOWM5NWFjYjUxMCJ9",article,conference-abstract,True,high,ECS Meeting Abstracts venue with single-page (439-439) and zero references indicates an abstract-only meeting record.,False,200,
https://openalex.org/W4238975379,https://doi.org/10.1149/ma2013-02/25/1924,"https://validate.perfdrive.com/fb803c746e9148689b3984a31fccd902/?ssa=667eca81-4176-4d16-be69-a4d746f17f23&ssb=88612275951&ssc=https%3A%2F%2Fiopscience.iop.org%2Farticle%2F10.1149%2FMA2013-02%2F25%2F1924&ssi=c7450faf-cnvj-414d-b3d8-a109f996a2e7&ssk=botmanager_support@radware.com&ssm=29953053866326905105770599452992&ssn=da308f97d52f2192f94245d25213fb75f745de7b1ff8-246b-4e0a-b95550&sso=cf31a5d2-f5647d1a2c463c4c5977240ec55b0f96e1e0ad267c0a3bb3&ssp=58833054591782845322178287926896871&ssq=70419863292973193464732929515901035138317&ssr=NzUuNDkuMTI1LjIwOQ==&sst=Mozilla/5.0%20(Macintosh;%20Intel%20Mac%20OS%20X%2010_15_7)%20AppleWebKit/537.36%20(KHTML,%20like%20Gecko)%20Chrome/124.0%20Safari/537.36&ssu=&ssv=&ssw=&ssx=eyJfX3V6bWYiOiI3ZjkwMDBkZTdiMWZmOC0yNDZiLTRlMGEtYjVkMi1mNTY0N2QxYTJjNDYxLTE3ODI4MzI5MjkzNTMwLTAwNGRlOWM0MWM1MWU0ZDg0MjQxMCIsInV6bXgiOiI3ZjkwMDA4MTc1MmFkMC1kZmE0LTQ4OTEtYjQ2OC1iMTEzNWY3ODMwNjkxLTE3ODI4MzI5MjkzNTMwLWI5NzI1Zjk2NmE4YzY2NDkxMCIsInJkIjoiaW9wLm9yZyJ9",article,conference-abstract,True,high,"Venue is ECS Meeting Abstracts with single-page record and 0 references, indicating an abstract-only meeting record.",False,200,
https://openalex.org/W4416600623,https://doi.org/10.1149/ma2025-02552660mtgabs,"https://validate.perfdrive.com/fb803c746e9148689b3984a31fccd902/?ssa=f3a341cd-3e82-45a5-91a7-c7366e70cbdb&ssb=88612275951&ssc=https%3A%2F%2Fiopscience.iop.org%2Farticle%2F10.1149%2FMA2025-02552660mtgabs&ssi=d151fae7-cnvj-4c66-8580-896428beb7ea&ssk=botmanager_support@radware.com&ssm=29953053866326905105770599452992&ssn=da308f97e6e87d5b1f73ceaa877afb75f745b36781f7-b7ca-47c9-995550&sso=cf31ab6f-f96b2e485a213c4c5977673cc632486b8679ff157c0a3bb3&ssp=58833054591782845322178287926896871&ssq=70419863292973193464732929515901035138317&ssr=NzUuNDkuMTI1LjIwOQ==&sst=Mozilla/5.0%20(Macintosh;%20Intel%20Mac%20OS%20X%2010_15_7)%20AppleWebKit/537.36%20(KHTML,%20like%20Gecko)%20Chrome/124.0%20Safari/537.36&ssu=&ssv=&ssw=&ssx=eyJfX3V6bWYiOiI3ZjkwMDBiMzY3ODFmNy1iN2NhLTQ3YzktOWI2Zi1mOTZiMmU0ODVhMjExLTE3ODI4MzI5Mjk0NzcwLTAwNGYwZTBlNWQ2Mjg0NzU3YzMxMCIsInJkIjoiaW9wLm9yZyIsInV6bXgiOiI3ZjkwMDA2NzVkNWUwOS02OWJmLTRiNTItOGU0Yy1lNTgxMGRkOGE3YWUxLTE3ODI4MzI5Mjk0NzcwLTk2NWMwYjAyNTYyOGU0YTQxMCJ9",article,conference-abstract,True,high,ECS Meeting Abstracts venue with single-page (2660-2660) and zero references indicates an abstract-only meeting record.,False,200,
https://openalex.org/W2738061253,https://doi.org/10.1149/ma2009-01/10/532,"https://validate.perfdrive.com/fb803c746e9148689b3984a31fccd902/?ssa=c8a0c1f7-6e0a-43f2-a966-eacbbd6de932&ssb=88612275951&ssc=https%3A%2F%2Fiopscience.iop.org%2Farticle%2F10.1149%2FMA2009-01%2F10%2F532&ssi=90ad6629-cnvj-480e-a8c2-0ce8f3db9ee5&ssk=botmanager_support@radware.com&ssm=29953053866326905105770599452992&ssn=da308f9795a9803483cb669aa961fb75f745c55de5e9-4b57-4bb3-a95550&sso=cf31a2d2-8754d5f8ee623c4c597730b27c2ebe182fe98ba97c0a3bb3&ssp=58833054591782845322178287926896871&ssq=70419863292973193464732929515901035138317&ssr=NzUuNDkuMTI1LjIwOQ==&sst=Mozilla/5.0%20(Macintosh;%20Intel%20Mac%20OS%20X%2010_15_7)%20AppleWebKit/537.36%20(KHTML,%20like%20Gecko)%20Chrome/124.0%20Safari/537.36&ssu=&ssv=&ssw=&ssx=eyJfX3V6bWYiOiI3ZjkwMDBjNTVkZTVlOS00YjU3LTRiYjMtYTJkMi04NzU0ZDVmOGVlNjIxLTE3ODI4MzI5Mjk4NDkwLTAwNGVkN2RkNjhhNTlhNzVmOWYxMCIsInJkIjoiaW9wLm9yZyIsInV6bXgiOiI3ZjkwMDA2ZmQxYzcwNC1jMWFiLTQ3YjUtYjkxMi1hNWM3Yjk3ZDE5ZDAxLTE3ODI4MzI5Mjk4NDkwLTA3MjMzZTQwNDIyYmVlMDIxMCJ9",article,conference-abstract,True,high,"ECS Meeting Abstracts venue, single-page (532-532), zero references — an abstract-only meeting record.",False,200,
https://openalex.org/W3024000320,https://doi.org/10.1149/ma2020-01282188mtgabs,"https://validate.perfdrive.com/fb803c746e9148689b3984a31fccd902/?ssa=7251f190-5472-4d32-87e2-ca5ccd15848d&ssb=88612275951&ssc=https%3A%2F%2Fiopscience.iop.org%2Farticle%2F10.1149%2FMA2020-01282188mtgabs&ssi=ad2eaf02-cnvj-46e2-93f2-574294574a6f&ssk=botmanager_support@radware.com&ssm=29953053866326905105770599452992&ssn=da308f974207b03749cff0b83215fb75f745b9593412-ebef-43b5-b95550&sso=cf31a168-5997be1653973c4c5977d2ff736f9537a39d2bf07c0a3bb3&ssp=58833054591782845322178287926896871&ssq=70419863292973193464732929515901035138317&ssr=NzUuNDkuMTI1LjIwOQ==&sst=Mozilla/5.0%20(Macintosh;%20Intel%20Mac%20OS%20X%2010_15_7)%20AppleWebKit/537.36%20(KHTML,%20like%20Gecko)%20Chrome/124.0%20Safari/537.36&ssu=&ssv=&ssw=&ssx=eyJyZCI6ImlvcC5vcmciLCJfX3V6bWYiOiI3ZjkwMDBiOTU5MzQxMi1lYmVmLTQzYjUtYjE2OC01OTk3YmUxNjUzOTcxLTE3ODI4MzI5Mjk1NTMwLTAwNGJjZGY4MGUxMWUxMWE3YWMxMCIsInV6bXgiOiI3ZjkwMDA5ZDQ2YzYyMC0wNGYxLTRiYzgtOWRkYi0zODNkMmIxNjhhOGExLTE3ODI4MzI5Mjk1NTMwLWYxMmYzYjgxY2M5MWRkZTkxMCJ9",article,conference-abstract,True,high,ECS Meeting Abstracts venue with single-page (2188-2188) and 0 references signals an abstract-only meeting record.,False,200,
https://openalex.org/W4412541392,https://doi.org/10.1149/ma2025-01473135mtgabs,"https://validate.perfdrive.com/fb803c746e9148689b3984a31fccd902/?ssa=efb37b87-0f0a-4d08-a9fc-c78f7754223a&ssb=88612275951&ssc=https%3A%2F%2Fiopscience.iop.org%2Farticle%2F10.1149%2FMA2025-01473135mtgabs&ssi=2cb871e2-cnvj-4b38-8d10-c184b0427cda&ssk=botmanager_support@radware.com&ssm=29953053866326905105770599452992&ssn=da308f97f43e887e5888bc951199fb75f745d2be47ee-5ae0-4e77-a95550&sso=cf31a4c8-33a757fa71523c4c5977fc3e7735444d81562f297c0a3bb3&ssp=58833054591782845322178287926896871&ssq=70419863292973193464732929515901035138317&ssr=NzUuNDkuMTI1LjIwOQ==&sst=Mozilla/5.0%20(Macintosh;%20Intel%20Mac%20OS%20X%2010_15_7)%20AppleWebKit/537.36%20(KHTML,%20like%20Gecko)%20Chrome/124.0%20Safari/537.36&ssu=&ssv=&ssw=&ssx=eyJyZCI6ImlvcC5vcmciLCJfX3V6bWYiOiI3ZjkwMDBkMmJlNDdlZS01YWUwLTRlNzctYTRjOC0zM2E3NTdmYTcxNTIxLTE3ODI4MzI5MjkyNTEwLTAwNDJkNmRhNDY5ZTNiOGE5ZmMxMCIsInV6bXgiOiI3ZjkwMDA3NzRlZTU4OS1mOWVhLTQxYjQtODA1My1iOGNkODBlY2Y4OTMxLTE3ODI4MzI5MjkyNTEwLWIxZTI0ZDliZDNlYmFmMGQxMCJ9",article,conference-abstract,True,high,"ECS Meeting Abstracts venue, single-page (3135-3135), zero references — an abstract-only meeting record.",False,200,
https://openalex.org/W2744976477,https://doi.org/10.1149/ma2017-02/3/184,"https://validate.perfdrive.com/fb803c746e9148689b3984a31fccd902/?ssa=23c5a439-bc8f-4c5e-a4c3-bcf27df09ae6&ssb=88612275951&ssc=https%3A%2F%2Fiopscience.iop.org%2Farticle%2F10.1149%2FMA2017-02%2F3%2F184&ssi=fb8f5929-cnvj-446e-b61d-462f6ffb541c&ssk=botmanager_support@radware.com&ssm=29953053866326905105770599452992&ssn=da308f974909db278e35c5734bf2fb75f7452b9589b8-7676-481a-b95550&sso=cf31a77a-2346ea13955c3c4c597738fbd4524b999c004fd17c0a3bb3&ssp=58833054591782845322178287926896871&ssq=70419863292973193464732929515901035138317&ssr=NzUuNDkuMTI1LjIwOQ==&sst=Mozilla/5.0%20(Macintosh;%20Intel%20Mac%20OS%20X%2010_15_7)%20AppleWebKit/537.36%20(KHTML,%20like%20Gecko)%20Chrome/124.0%20Safari/537.36&ssu=&ssv=&ssw=&ssx=eyJfX3V6bWYiOiI3ZjkwMDAyYjk1ODliOC03Njc2LTQ4MWEtYjc3YS0yMzQ2ZWExMzk1NWMxLTE3ODI4MzI5Mjk1NjUwLTAwNGQzYjlmYTkxOWI0NDZjMzYxMCIsInJkIjoiaW9wLm9yZyIsInV6bXgiOiI3ZjkwMDBhOTlmYzIwMS1jODI3LTQzMWMtODRkNi03MmZiNDI2MWY3ZmQxLTE3ODI4MzI5Mjk1NjUwLTUwNDFjZmEwNTc5MjgyOGQxMCJ9",article,conference-abstract,True,high,Single-page (184-184) record with 0 references in 'ECS Meeting Abstracts' venue signals a conference meeting abstract.,False,200,
https://openalex.org/W4405592397,https://doi.org/10.1149/ma2024-025554mtgabs,"https://validate.perfdrive.com/fb803c746e9148689b3984a31fccd902/?ssa=7b3f0bd2-a926-4a07-bf80-edc54178c76d&ssb=88612275951&ssc=https%3A%2F%2Fiopscience.iop.org%2Farticle%2F10.1149%2FMA2024-025554mtgabs&ssi=b961b915-cnvj-4270-82b0-6d970c7dc420&ssk=botmanager_support@radware.com&ssm=29953053866326905105770599452992&ssn=da308f97c18b884f8404fa0ec632fb75f74562b954b5-1f04-475a-b95550&sso=cf31a813-599c202536c13c4c5977958d0c9c5e229ad09bd17c0a3bb3&ssp=58833054591782845322178287926896871&ssq=70419863292973193464732929515901035138317&ssr=NzUuNDkuMTI1LjIwOQ==&sst=Mozilla/5.0%20(Macintosh;%20Intel%20Mac%20OS%20X%2010_15_7)%20AppleWebKit/537.36%20(KHTML,%20like%20Gecko)%20Chrome/124.0%20Safari/537.36&ssu=&ssv=&ssw=&ssx=eyJyZCI6ImlvcC5vcmciLCJ1em14IjoiN2Y5MDAwNjc3YzZhYWMtMmMzYy00ODM1LWE4NzQtMTM2Nzk5MWUwZDhlMS0xNzgyODMyOTI5ODc5MC01NjZlY2ZlNGUxNjNlNDAxMTAiLCJfX3V6bWYiOiI3ZjkwMDA2MmI5NTRiNS0xZjA0LTQ3NWEtYjgxMy01OTljMjAyNTM2YzExLTE3ODI4MzI5Mjk4NzkwLTAwNGM1ZTVkZDVlODY4NTQ3ODkxMCJ9",article,conference-abstract,True,high,ECS Meeting Abstracts venue with 0 refs and single-page abstract record.,False,200,
https://openalex.org/W4285398990,https://doi.org/10.1149/ma2022-012379mtgabs,"https://validate.perfdrive.com/fb803c746e9148689b3984a31fccd902/?ssa=9117157b-625f-406e-875b-567f1b482f17&ssb=99149235169&ssc=https%3A%2F%2Fiopscience.iop.org%2Farticle%2F10.1149%2FMA2022-012379mtgabs&ssi=badbd4de-cnvj-4bc4-b552-3250004ff7d3&ssk=botmanager_support@radware.com&ssm=32995751365257970108364182921966&ssn=e616ffadbecc5c9dd2444c1e47445fa46cac31f10d77-ea5f-4a72-aaf2ab&sso=29a3ddb7-85e1cd8b7c341f1a59f11362ad3934a24409fdb202d25b5c&ssp=59647318301782891372178289244864863&ssq=68488063293004849321532930276181246446082&ssr=NzUuNDkuMTI1LjIwOQ==&sst=Mozilla/5.0%20(Macintosh;%20Intel%20Mac%20OS%20X%2010_15_7)%20AppleWebKit/537.36%20(KHTML,%20like%20Gecko)%20Chrome/124.0%20Safari/537.36&ssu=&ssv=&ssw=&ssx=eyJfX3V6bWYiOiI3ZjkwMDAzMWYxMGQ3Ny1lYTVmLTRhNzItYWRiNy04NWUxY2Q4YjdjMzQxLTE3ODI4MzI5MzA5NTYwLTAwNDE1NTRhMTE1MDE4YjRlYjQxMCIsInJkIjoiaW9wLm9yZyIsInV6bXgiOiI3ZjkwMDA5NGQ3NDFhYS1lYmYxLTQ2YzgtYjczNi02YjQwMWUwZTlhNDkxLTE3ODI4MzI5MzA5NTYwLTc1NzhlN2JmNTU1NDRiYTQxMCJ9",article,conference-abstract,True,high,"Venue 'ECS Meeting Abstracts' with single-page (379-379), 0 references, and meeting-abstract DOI indicates an abstract-only record.",False,200,
https://openalex.org/W4386853293,https://doi.org/10.1149/ma2023-01382244mtgabs,"https://validate.perfdrive.com/fb803c746e9148689b3984a31fccd902/?ssa=aaec0aaa-5ddf-4566-93c4-be162d7999b9&ssb=92317269571&ssc=https%3A%2F%2Fiopscience.iop.org%2Farticle%2F10.1149%2FMA2023-01382244mtgabs&ssi=c42aa099-cnvj-4b9a-af09-159a8666ca44&ssk=botmanager_support@radware.com&ssm=65619905309635211101744950452674&ssn=11eedabc2070536c120ac1c51329df9fbd5819182a62-1989-476b-a2b2a6&sso=530983ab-e593d1041874cc8efaf2c217d79d8f3bb7bab4b60bc4fdb7&ssp=27189966461782814327178285597566117&ssq=06396093293132202746132931484592564782086&ssr=NzUuNDkuMTI1LjIwOQ==&sst=Mozilla/5.0%20(Macintosh;%20Intel%20Mac%20OS%20X%2010_15_7)%20AppleWebKit/537.36%20(KHTML,%20like%20Gecko)%20Chrome/124.0%20Safari/537.36&ssu=&ssv=&ssw=&ssx=eyJyZCI6ImlvcC5vcmciLCJ1em14IjoiN2Y5MDAwNmM1NDIwMGMtM2E3Yi00Yzg2LWI5YTgtYWIxZDdjNjE0MThiMS0xNzgyODMyOTMxMzc2MC1hN2U1ZGFkYjJjOWNhNjc1MTAiLCJfX3V6bWYiOiI3ZjkwMDAxOTE4MmE2Mi0xOTg5LTQ3NmItYTNhYi1lNTkzZDEwNDE4NzQxLTE3ODI4MzI5MzEzNzYwLTAwNGRmY2Q1ZTc5OGI2NjlmNzExMCJ9",article,conference-abstract,True,high,ECS Meeting Abstracts venue with single-page (2244-2244) and 0 references indicates a meeting abstract.,False,200,
https://openalex.org/W4234328737,https://doi.org/10.1149/ma2019-04/9/422,"https://validate.perfdrive.com/fb803c746e9148689b3984a31fccd902/?ssa=1e5bd8ff-e239-404c-9316-8f8b09790de7&ssb=92317269571&ssc=https%3A%2F%2Fiopscience.iop.org%2Farticle%2F10.1149%2FMA2019-04%2F9%2F422&ssi=46596a0e-cnvj-46b6-bdb9-5e2f31e29155&ssk=botmanager_support@radware.com&ssm=65619905309635211101744950452674&ssn=11eedabc6dfb49cb558d7466e75fdf9fbd5864fee7bf-bf47-48cc-92b2a6&sso=53098c34-2ec0caecbea0cc8efaf298f70646ab38d747d66d0bc4fdb7&ssp=27189966461782814327178285597566117&ssq=06396093293132202746132931484592564782086&ssr=NzUuNDkuMTI1LjIwOQ==&sst=Mozilla/5.0%20(Macintosh;%20Intel%20Mac%20OS%20X%2010_15_7)%20AppleWebKit/537.36%20(KHTML,%20like%20Gecko)%20Chrome/124.0%20Safari/537.36&ssu=&ssv=&ssw=&ssx=eyJyZCI6ImlvcC5vcmciLCJfX3V6bWYiOiI3ZjkwMDA2NGZlZTdiZi1iZjQ3LTQ4Y2MtOWMzNC0yZWMwY2FlY2JlYTAxLTE3ODI4MzI5MzExODgwLTAwNGYyNWQyYTViYmY0OGQxN2UxMCIsInV6bXgiOiI3ZjkwMDBlNzMxZTlkMi1hZTQyLTQ4NWItOGQxNy0yZjRmMjA3ODRiOTMxLTE3ODI4MzI5MzExODgwLTlkZGI1NTk1NGEwOWU4OWUxMCJ9",article,conference-abstract,True,high,ECS Meeting Abstracts venue with single-page (422-422) and 0 references indicates an abstract-only meeting record.,False,200,
https://openalex.org/W4250005429,https://doi.org/10.1136/injuryprev-2021-savir.58,https://doi.org/10.1136/injuryprev-2021-savir.58,article,conference-abstract,True,high,Withdrawn abstract record in a conference supplement (Suppl_3) with 0 refs and proceedings-article type.,False,403,
https://openalex.org/W4235567115,https://doi.org/10.1149/ma2011-01/11/529,"https://validate.perfdrive.com/fb803c746e9148689b3984a31fccd902/?ssa=b598a24b-0291-4753-af2e-1ff5242cc780&ssb=92317269571&ssc=https%3A%2F%2Fiopscience.iop.org%2Farticle%2F10.1149%2FMA2011-01%2F11%2F529&ssi=232129ee-cnvj-4ae4-9d7f-75ede3d9868f&ssk=botmanager_support@radware.com&ssm=65619905309635211101744950452674&ssn=11eedabc5322a579fab80de4595ddf9fbd58c5b004e7-8cbc-4894-b2b2a6&sso=53098d93-66ed149ae4d2cc8efaf22dace6053df939be951e0bc4fdb7&ssp=27189966461782814327178285597566117&ssq=06396093293132202746132931484592564782086&ssr=NzUuNDkuMTI1LjIwOQ==&sst=Mozilla/5.0%20(Macintosh;%20Intel%20Mac%20OS%20X%2010_15_7)%20AppleWebKit/537.36%20(KHTML,%20like%20Gecko)%20Chrome/124.0%20Safari/537.36&ssu=&ssv=&ssw=&ssx=eyJfX3V6bWYiOiI3ZjkwMDBjNWIwMDRlNy04Y2JjLTQ4OTQtYmQ5My02NmVkMTQ5YWU0ZDIxLTE3ODI4MzI5MzEyODkwLTAwNGJjZDE1MTMxMGIyMzlmODYxMCIsInV6bXgiOiI3ZjkwMDA4YzhjYWExMS1jYTg0LTQyODctOTNjOC1lYzUxZTkzY2ZjNTQxLTE3ODI4MzI5MzEyODkwLTcxMWU0ODIzZjVkZjRhNzkxMCIsInJkIjoiaW9wLm9yZyJ9",article,conference-abstract,True,high,ECS Meeting Abstracts venue with single-page (529-529) and 0 references indicates an abstract-only meeting record.,False,200,
https://openalex.org/W3114265335,https://doi.org/10.1149/ma2020-02402615mtgabs,"https://validate.perfdrive.com/fb803c746e9148689b3984a31fccd902/?ssa=7e2fb30f-967c-4961-983d-2142e9c4794e&ssb=92317269571&ssc=https%3A%2F%2Fiopscience.iop.org%2Farticle%2F10.1149%2FMA2020-02402615mtgabs&ssi=3a47cf35-cnvj-4724-a2bf-fffe78d36345&ssk=botmanager_support@radware.com&ssm=65619905309635211101744950452674&ssn=11eedabc5174ac4debf9140186e5df9fbd581a09cae7-2942-4806-92b2a6&sso=53098f75-856989ae58b7cc8efaf254c0b18be4209628e8110bc4fdb7&ssp=27189966461782814327178285597566117&ssq=06396093293132202746132931484592564782086&ssr=NzUuNDkuMTI1LjIwOQ==&sst=Mozilla/5.0%20(Macintosh;%20Intel%20Mac%20OS%20X%2010_15_7)%20AppleWebKit/537.36%20(KHTML,%20like%20Gecko)%20Chrome/124.0%20Safari/537.36&ssu=&ssv=&ssw=&ssx=eyJyZCI6ImlvcC5vcmciLCJfX3V6bWYiOiI3ZjkwMDAxYTA5Y2FlNy0yOTQyLTQ4MDYtOWY3NS04NTY5ODlhZTU4YjcxLTE3ODI4MzI5MzEwODgwLTAwNDkzZWVkZmY3MTk2Zjc1ZGQxMCIsInV6bXgiOiI3ZjkwMDA5Y2I4ZDQ3NC04YmE0LTQyZDQtODhkOC01YjFkNTkwYzBiMzExLTE3ODI4MzI5MzEwODgwLTVmMjRkYmZlNjFjNjQxMWExMCJ9",article,conference-abstract,True,high,"ECS Meeting Abstracts venue, single-page (2615-2615), 0 references — an abstract-only meeting record.",False,200,
https://openalex.org/W4225276656,https://doi.org/10.1136/bmjopen-2022-ems.31,https://doi.org/10.1136/bmjopen-2022-ems.31,article,conference-abstract,True,high,"Numbered item in 'Abstracts' supplement (Suppl_1, page A14.1) indicates an abstract-only meeting record despite proceedings-article tag.",False,403,
https://openalex.org/W4242179254,https://doi.org/10.1149/ma2017-01/20/1103,"https://validate.perfdrive.com/fb803c746e9148689b3984a31fccd902/?ssa=0da6d733-f8ed-4f7c-9801-5d0f93f1bb8b&ssb=92317269571&ssc=https%3A%2F%2Fiopscience.iop.org%2Farticle%2F10.1149%2FMA2017-01%2F20%2F1103&ssi=503cdff2-cnvj-4bda-b6ad-d40108ee001a&ssk=botmanager_support@radware.com&ssm=65619905309635211101744950452674&ssn=11eedabc30545bd4af1952cc89aedf9fbd581cbccedc-06c9-4558-92b2a6&sso=5309868d-2bcf55666dffcc8efaf2ffbd89881887622c60c80bc4fdb7&ssp=27189966461782814327178285597566117&ssq=06396093293132202746132931484592564782086&ssr=NzUuNDkuMTI1LjIwOQ==&sst=Mozilla/5.0%20(Macintosh;%20Intel%20Mac%20OS%20X%2010_15_7)%20AppleWebKit/537.36%20(KHTML,%20like%20Gecko)%20Chrome/124.0%20Safari/537.36&ssu=&ssv=&ssw=&ssx=eyJfX3V6bWYiOiI3ZjkwMDAxY2JjY2VkYy0wNmM5LTQ1NTgtOTY4ZC0yYmNmNTU2NjZkZmYxLTE3ODI4MzI5MzE3ODkwLTAwNGI4N2I1MDBkMDk2ZjAxMzIxMCIsInJkIjoiaW9wLm9yZyIsInV6bXgiOiI3ZjkwMDA5N2RkYmY2Mi1mNjQ0LTQ3YzQtYjZkZS1mMWI0ODU0N2Y5ZTkxLTE3ODI4MzI5MzE3ODkwLWRlNjYzMzVmOWJiYmQzMTcxMCJ9",article,conference-abstract,True,high,ECS Meeting Abstracts venue with single-page (1103-1103) and zero references indicates a meeting abstract.,False,200,
https://openalex.org/W4391640221,https://doi.org/10.1149/ma2023-02111064mtgabs,"https://validate.perfdrive.com/fb803c746e9148689b3984a31fccd902/?ssa=b6aa3226-89f7-4aa8-ad02-6f031b5f4d02&ssb=92317269571&ssc=https%3A%2F%2Fiopscience.iop.org%2Farticle%2F10.1149%2FMA2023-02111064mtgabs&ssi=1411bad8-cnvj-408a-98ad-0740ec961d87&ssk=botmanager_support@radware.com&ssm=65619905309635211101744950452674&ssn=11eedabc9725645e643088b203aadf9fbd5883b40e8a-9cea-4cb4-b2b2a6&sso=53098979-6ea9c7e48430cc8efaf270c73e652b2f5cfa3f980bc4fdb7&ssp=27189966461782814327178285597566117&ssq=06396093293132202746132931484592564782086&ssr=NzUuNDkuMTI1LjIwOQ==&sst=Mozilla/5.0%20(Macintosh;%20Intel%20Mac%20OS%20X%2010_15_7)%20AppleWebKit/537.36%20(KHTML,%20like%20Gecko)%20Chrome/124.0%20Safari/537.36&ssu=&ssv=&ssw=&ssx=eyJyZCI6ImlvcC5vcmciLCJfX3V6bWYiOiI3ZjkwMDA4M2I0MGU4YS05Y2VhLTRjYjQtYjk3OS02ZWE5YzdlNDg0MzAxLTE3ODI4MzI5MzE3OTkwLTAwNGIxMTFhMGQzNTA4MmU3NDAxMCIsInV6bXgiOiI3ZjkwMDAyNjVkODhhZS1kNjNlLTQ2YjYtOGUzNy03NTNjZWNmZWFkMTMxLTE3ODI4MzI5MzE3OTkwLTA1MzYwODI4MmQ2MTBkZjAxMCJ9",article,conference-abstract,True,high,ECS Meeting Abstracts venue with single-page (1064-1064) and zero references signals an abstract-only meeting record.,False,200,
https://openalex.org/W4405589549,https://doi.org/10.1149/ma2024-02483482mtgabs,"https://validate.perfdrive.com/fb803c746e9148689b3984a31fccd902/?ssa=5df9dace-f535-46f8-9d54-3aac407940f9&ssb=92317269571&ssc=https%3A%2F%2Fiopscience.iop.org%2Farticle%2F10.1149%2FMA2024-02483482mtgabs&ssi=6ca6c946-cnvj-4737-b157-e8f96d435985&ssk=botmanager_support@radware.com&ssm=65619905309635211101744950452674&ssn=11eedabc19e735529dc4c18d7d1adf9fbd58b307cc97-c842-42ad-a2b2a6&sso=5309875a-a4bd20124355cc8efaf27c4237a70b2e9aef88150bc4fdb7&ssp=27189966461782814327178285597566117&ssq=06396093293132202746132931484592564782086&ssr=NzUuNDkuMTI1LjIwOQ==&sst=Mozilla/5.0%20(Macintosh;%20Intel%20Mac%20OS%20X%2010_15_7)%20AppleWebKit/537.36%20(KHTML,%20like%20Gecko)%20Chrome/124.0%20Safari/537.36&ssu=&ssv=&ssw=&ssx=eyJyZCI6ImlvcC5vcmciLCJfX3V6bWYiOiI3ZjkwMDBiMzA3Y2M5Ny1jODQyLTQyYWQtYTc1YS1hNGJkMjAxMjQzNTUxLTE3ODI4MzI5MzEwMzUwLTAwNDYyYjg2MWI0NzdjZGI1ZTExMCIsInV6bXgiOiI3ZjkwMDA2NDQ1MzIxZi03YTI4LTRkNTctYWNmMC04MTEzOWZlYjE1OTExLTE3ODI4MzI5MzEwMzUwLTlkMmQ2NWVhYTA0NjIyODQxMCJ9",article,conference-abstract,True,high,ECS Meeting Abstracts venue with single-page record and zero references indicates a meeting abstract.,False,200,
https://openalex.org/W2344812130,https://doi.org/10.1149/ma2016-01/2/295,"https://validate.perfdrive.com/fb803c746e9148689b3984a31fccd902/?ssa=12a0ad41-6371-42cb-8f64-67a7b29d2d55&ssb=72697283104&ssc=https%3A%2F%2Fiopscience.iop.org%2Farticle%2F10.1149%2FMA2016-01%2F2%2F295&ssi=53c33dad-cnvj-414e-a369-43df8a41ae0b&ssk=botmanager_support@radware.com&ssm=12584681376979869109826209754018&ssn=4e01b74985521448805f0012005ddd174b098dbaee14-6991-45bb-947cb8&sso=fe12101e-034a554a731a26544714ce6d8aaec8485bcb63f358788b4c&ssp=95478552591782876037178281316976096&ssq=03552763293260600912532932111100453096064&ssr=NzUuNDkuMTI1LjIwOQ==&sst=Mozilla/5.0%20(Macintosh;%20Intel%20Mac%20OS%20X%2010_15_7)%20AppleWebKit/537.36%20(KHTML,%20like%20Gecko)%20Chrome/124.0%20Safari/537.36&ssu=&ssv=&ssw=&ssx=eyJ1em14IjoiN2Y5MDAwZDUxMjFjNTAtZjBmMy00MThmLTg1OTMtODFkYjI2YjUwNGFlMS0xNzgyODMyOTMyMjk2MC02NjIyODZjMGY4OWIwZDA4MTAiLCJyZCI6ImlvcC5vcmciLCJfX3V6bWYiOiI3ZjkwMDA4ZGJhZWUxNC02OTkxLTQ1YmItOTAxZS0wMzRhNTU0YTczMWExLTE3ODI4MzI5MzIyOTYwLTAwNDY0OTA4NDY4ZGE5YTMwNjgxMCJ9",article,conference-abstract,True,high,ECS Meeting Abstracts venue with single-page (295-295) and zero references signals an abstract-only meeting record.,False,200,
https://openalex.org/W4416572398,https://doi.org/10.1149/ma2025-02472365mtgabs,"https://validate.perfdrive.com/fb803c746e9148689b3984a31fccd902/?ssa=3f76ef01-d5aa-4d80-af27-8498aac7e7aa&ssb=92317269571&ssc=https%3A%2F%2Fiopscience.iop.org%2Farticle%2F10.1149%2FMA2025-02472365mtgabs&ssi=aaea37df-cnvj-4615-82c5-e04157292567&ssk=botmanager_support@radware.com&ssm=65619905309635211101744950452674&ssn=11eedabcfbb25931f99189251a3bdf9fbd582c0c620c-3009-4ad3-82b2a6&sso=53098284-f4c744d19317cc8efaf229c99d4f302e4c8dc3c20bc4fdb7&ssp=27189966461782814327178285597566117&ssq=06396093293132202746132931484592564782086&ssr=NzUuNDkuMTI1LjIwOQ==&sst=Mozilla/5.0%20(Macintosh;%20Intel%20Mac%20OS%20X%2010_15_7)%20AppleWebKit/537.36%20(KHTML,%20like%20Gecko)%20Chrome/124.0%20Safari/537.36&ssu=&ssv=&ssw=&ssx=eyJfX3V6bWYiOiI3ZjkwMDAyYzBjNjIwYy0zMDA5LTRhZDMtODI4NC1mNGM3NDRkMTkzMTcxLTE3ODI4MzI5MzE1MTYwLTAwNGU2NjAyNWVjMGZkNGU2MDkxMCIsInV6bXgiOiI3ZjkwMDBiMjAwZGEyOC0yMDJmLTRiNGUtOGU1MS05Nzg1YjMxNjA4MDIxLTE3ODI4MzI5MzE1MTYwLTU5YTYyOTU1ZWExZGUwY2ExMCIsInJkIjoiaW9wLm9yZyJ9",article,conference-abstract,True,high,ECS Meeting Abstracts venue with single-page record and zero references indicates a meeting abstract.,False,200,
https://openalex.org/W4309819106,https://doi.org/10.1149/ma2022-024437mtgabs,"https://validate.perfdrive.com/fb803c746e9148689b3984a31fccd902/?ssa=2f6f5ad7-9a48-4ea9-96ef-a621dc2ffe6c&ssb=72697283104&ssc=https%3A%2F%2Fiopscience.iop.org%2Farticle%2F10.1149%2FMA2022-024437mtgabs&ssi=e9d09042-cnvj-4e47-bb48-be376cedc8a7&ssk=botmanager_support@radware.com&ssm=12584681376979869109826209754018&ssn=4e01b74982a52cdf877aab83bb87dd174b0923a94acf-1d76-4488-847cb8&sso=fe121ae2-27ce39f6e6aa26544714d7cb3f4f91ea5753a1c658788b4c&ssp=95478552591782876037178281316976096&ssq=03552763293260600912532932111100453096064&ssr=NzUuNDkuMTI1LjIwOQ==&sst=Mozilla/5.0%20(Macintosh;%20Intel%20Mac%20OS%20X%2010_15_7)%20AppleWebKit/537.36%20(KHTML,%20like%20Gecko)%20Chrome/124.0%20Safari/537.36&ssu=&ssv=&ssw=&ssx=eyJfX3V6bWYiOiI3ZjkwMDAyM2E5NGFjZi0xZDc2LTQ0ODgtOGFlMi0yN2NlMzlmNmU2YWExLTE3ODI4MzI5MzIwODEwLTAwNDc4NjFiNjJhNGI1MzI5MGMxMCIsInV6bXgiOiI3ZjkwMDAxN2E3NDk4NC05MmI0LTQ5NDQtYmNhNC03NWFmYzUzMjYxNjcxLTE3ODI4MzI5MzIwODEwLTNiN2QxZjQ1N2Q2ZTQ1MDYxMCIsInJkIjoiaW9wLm9yZyJ9",article,conference-abstract,True,high,Venue 'ECS Meeting Abstracts' with single-page (437-437) and 0 references indicates an abstract-only meeting record.,False,200,
https://openalex.org/W4238763391,https://doi.org/10.1149/ma2010-02/30/1884,"https://validate.perfdrive.com/fb803c746e9148689b3984a31fccd902/?ssa=9ef64ab4-93b3-4773-9450-89d73ba35c5f&ssb=72697283104&ssc=https%3A%2F%2Fiopscience.iop.org%2Farticle%2F10.1149%2FMA2010-02%2F30%2F1884&ssi=17c71ea0-cnvj-4d31-b250-d8e64fd715e7&ssk=botmanager_support@radware.com&ssm=12584681376979869109826209754018&ssn=4e01b749cdfa46dd511885924c4ddd174b09b1fc2f25-d977-4be9-847cb8&sso=fe121afa-0b11d6a0e1792654471445bff02106e8d44892e558788b4c&ssp=95478552591782876037178281316976096&ssq=03552763293260600912532932111100453096064&ssr=NzUuNDkuMTI1LjIwOQ==&sst=Mozilla/5.0%20(Macintosh;%20Intel%20Mac%20OS%20X%2010_15_7)%20AppleWebKit/537.36%20(KHTML,%20like%20Gecko)%20Chrome/124.0%20Safari/537.36&ssu=&ssv=&ssw=&ssx=eyJyZCI6ImlvcC5vcmciLCJfX3V6bWYiOiI3ZjkwMDBiMWZjMmYyNS1kOTc3LTRiZTktOGFmYS0wYjExZDZhMGUxNzkxLTE3ODI4MzI5MzIwMzcwLTAwNDI3OGFiZjhiM2ZjYjM5NTIxMCIsInV6bXgiOiI3ZjkwMDBiNjkwYWYwOC1mY2RkLTRiZDItYmVhZS1iNGE3NzE5ZTZkN2MxLTE3ODI4MzI5MzIwMzcwLTljOWRmNjg0YWEwNTRmZTAxMCJ9",article,conference-abstract,True,high,Single-page record in ECS Meeting Abstracts with 0 references—an abstract-only meeting record.,False,200,
https://openalex.org/W4405591434,https://doi.org/10.1149/ma2024-027883mtgabs,"https://validate.perfdrive.com/fb803c746e9148689b3984a31fccd902/?ssa=c9abff03-8477-4f95-81c9-11ae29498d99&ssb=72697283104&ssc=https%3A%2F%2Fiopscience.iop.org%2Farticle%2F10.1149%2FMA2024-027883mtgabs&ssi=78d26b67-cnvj-4426-87bd-1c7e04e4733d&ssk=botmanager_support@radware.com&ssm=12584681376979869109826209754018&ssn=4e01b7499b64be01e815beb5e25edd174b09dc8412a2-d18e-481f-947cb8&sso=fe1216e9-4a79af79d2982654471439d1d5b3c3a823735c9d58788b4c&ssp=95478552591782876037178281316976096&ssq=03552763293260600912532932111100453096064&ssr=NzUuNDkuMTI1LjIwOQ==&sst=Mozilla/5.0%20(Macintosh;%20Intel%20Mac%20OS%20X%2010_15_7)%20AppleWebKit/537.36%20(KHTML,%20like%20Gecko)%20Chrome/124.0%20Safari/537.36&ssu=&ssv=&ssw=&ssx=eyJfX3V6bWYiOiI3ZjkwMDBkYzg0MTJhMi1kMThlLTQ4MWYtOTZlOS00YTc5YWY3OWQyOTgxLTE3ODI4MzI5MzI4MjQwLTAwNDg1MDk3NWM0YmRmZDFiZDQxMCIsInV6bXgiOiI3ZjkwMDA2Y2I3YjE5ZC02M2RmLTQ1YmUtODZjYy0wYjlkZmQ2YTA4ZGMxLTE3ODI4MzI5MzI4MjQwLTI0OTM4ZTkxNGNmZDIxMGUxMCIsInJkIjoiaW9wLm9yZyJ9",article,conference-abstract,True,high,"ECS Meeting Abstracts venue, single-page abstract with 0 references confirms a meeting abstract.",False,200,
https://openalex.org/W4245429404,https://doi.org/10.1149/ma2007-02/29/1433,"https://validate.perfdrive.com/fb803c746e9148689b3984a31fccd902/?ssa=e4b17036-ecbe-45c4-bbbe-289d3f2dd560&ssb=93223272413&ssc=https%3A%2F%2Fiopscience.iop.org%2Farticle%2F10.1149%2FMA2007-02%2F29%2F1433&ssi=8bb51e04-cnvj-41a7-bdbe-f4b82eadd53e&ssk=botmanager_support@radware.com&ssm=89178086390985829107502954859862&ssn=c0153f9251557e06de42abc8a00e29a0ea23ff1f5a96-4141-40f4-a94ab2&sso=a1aa93c0-9c3e9a238acbd79eeb4f25f57e446a6e427437f32de62519&ssp=41238900591782891571178289258330553&ssq=82111053293351987143932933135519064830008&ssr=NzUuNDkuMTI1LjIwOQ==&sst=Mozilla/5.0%20(Macintosh;%20Intel%20Mac%20OS%20X%2010_15_7)%20AppleWebKit/537.36%20(KHTML,%20like%20Gecko)%20Chrome/124.0%20Safari/537.36&ssu=&ssv=&ssw=&ssx=eyJyZCI6ImlvcC5vcmciLCJfX3V6bWYiOiI3ZjkwMDBmZjFmNWE5Ni00MTQxLTQwZjQtYTNjMC05YzNlOWEyMzhhY2IxLTE3ODI4MzI5MzMxMzUwLTAwNDkwNDI4M2M1NTMwYjBlZjUxMCIsInV6bXgiOiI3ZjkwMDA1ZmU4MzY0Yi1jNDg0LTQxMTAtOTBjOC1iNmY5NTZlN2Q0YzMxLTE3ODI4MzI5MzMxMzUwLTk5NWQ3NzVjYjZiMDY1ZGIxMCJ9",article,conference-abstract,True,high,Venue 'ECS Meeting Abstracts' with single-page (1433-1433) and 0 references indicates a meeting abstract.,False,200,
https://openalex.org/W2312942316,https://doi.org/10.1149/ma2014-03/3/382,"https://validate.perfdrive.com/fb803c746e9148689b3984a31fccd902/?ssa=9b5f8366-4770-4422-bb19-7b360848d6fc&ssb=72697283104&ssc=https%3A%2F%2Fiopscience.iop.org%2Farticle%2F10.1149%2FMA2014-03%2F3%2F382&ssi=034957d1-cnvj-4cbb-96ee-a98474e63c6d&ssk=botmanager_support@radware.com&ssm=12584681376979869109826209754018&ssn=4e01b749b3f2cd01e88d4ec10210dd174b0930f4141b-d694-4024-947cb8&sso=fe1210b4-f34680a19470265447141dd844f8a5f49de5a10c58788b4c&ssp=95478552591782876037178281316976096&ssq=03552763293260600912532932111100453096064&ssr=NzUuNDkuMTI1LjIwOQ==&sst=Mozilla/5.0%20(Macintosh;%20Intel%20Mac%20OS%20X%2010_15_7)%20AppleWebKit/537.36%20(KHTML,%20like%20Gecko)%20Chrome/124.0%20Safari/537.36&ssu=&ssv=&ssw=&ssx=eyJfX3V6bWYiOiI3ZjkwMDAzMGY0MTQxYi1kNjk0LTQwMjQtOTBiNC1mMzQ2ODBhMTk0NzAxLTE3ODI4MzI5MzIyMjAwLTAwNGRiODgxNGJkMmQ2NmIyODgxMCIsInV6bXgiOiI3ZjkwMDBkZTI4Zjc2YS1jMmY2LTQxMzQtOTEzOC1iYjg3ZDJiZGQxZGUxLTE3ODI4MzI5MzIyMjAwLWIxNjkzNDBkYjFiZjk1ODkxMCIsInJkIjoiaW9wLm9yZyJ9",article,conference-abstract,True,high,ECS Meeting Abstracts venue with single page (382-382) and 0 references indicates an abstract-only record.,False,200,
https://openalex.org/W1414603905,https://doi.org/10.1149/ma2015-02/37/1332,"https://validate.perfdrive.com/fb803c746e9148689b3984a31fccd902/?ssa=2271794f-8013-4d4e-b7e6-dadc31a85de3&ssb=93223272413&ssc=https%3A%2F%2Fiopscience.iop.org%2Farticle%2F10.1149%2FMA2015-02%2F37%2F1332&ssi=57923716-cnvj-4be6-9ff3-80ea37cd5724&ssk=botmanager_support@radware.com&ssm=89178086390985829107502954859862&ssn=c0153f92c0c7dca1a9048481416829a0ea2385ce36f6-47f4-4ce3-a94ab2&sso=a1aa9984-796c9a6cf47ed79eeb4f3a0d70b34168c17793512de62519&ssp=41238900591782891571178289258330553&ssq=82111053293351987143932933135519064830008&ssr=NzUuNDkuMTI1LjIwOQ==&sst=Mozilla/5.0%20(Macintosh;%20Intel%20Mac%20OS%20X%2010_15_7)%20AppleWebKit/537.36%20(KHTML,%20like%20Gecko)%20Chrome/124.0%20Safari/537.36&ssu=&ssv=&ssw=&ssx=eyJfX3V6bWYiOiI3ZjkwMDA4NWNlMzZmNi00N2Y0LTRjZTMtYTk4NC03OTZjOWE2Y2Y0N2UxLTE3ODI4MzI5MzMwODAwLTAwNGIwODRiODcwZTM5MWMxMmExMCIsInJkIjoiaW9wLm9yZyIsInV6bXgiOiI3ZjkwMDBiZjE0ODRkMC1iZThiLTRlZDYtYThlMC0xZjdkNDljODg4ZjgxLTE3ODI4MzI5MzMwODAwLThkMTQ4MWY0NjYxMmQyMDcxMCJ9",article,conference-abstract,True,high,ECS Meeting Abstracts venue with single-page (1332-1332) and 0 references indicates a meeting abstract.,False,200,
https://openalex.org/W4416599058,https://doi.org/10.1149/ma2025-02391838mtgabs,"https://validate.perfdrive.com/fb803c746e9148689b3984a31fccd902/?ssa=abda76a9-35a1-4e99-af01-0f43fe80d75b&ssb=81534231808&ssc=https%3A%2F%2Fiopscience.iop.org%2Farticle%2F10.1149%2FMA2025-02391838mtgabs&ssi=69e50c78-cnvj-482c-8d95-8cb524bf8f94&ssk=botmanager_support@radware.com&ssm=66087053342914787102952675164584&ssn=594dbf9f1999705e24324563a44a28affaa7ae2f0868-e8ee-4976-bee4df&sso=5b0f0b42-11028f50ba09f10de4a8204f7e20d0751ea640883bab02fe&ssp=32154773631782893638178280169378638&ssq=62912803292628040339232926848748288206072&ssr=NzUuNDkuMTI1LjIwOQ==&sst=Mozilla/5.0%20(Macintosh;%20Intel%20Mac%20OS%20X%2010_15_7)%20AppleWebKit/537.36%20(KHTML,%20like%20Gecko)%20Chrome/124.0%20Safari/537.36&ssu=&ssv=&ssw=&ssx=eyJfX3V6bWYiOiI3ZjkwMDBhZTJmMDg2OC1lOGVlLTQ5NzYtYmI0Mi0xMTAyOGY1MGJhMDkxLTE3ODI4MzI5MjYwNzUwLTAwNDEyMGUwNDJlNDUxMjYzOTExMCIsInV6bXgiOiI3ZjkwMDA3Y2RhMDMzMS1iNWUxLTQyMTctOWYwMC02YTlkMjllN2I2NDQxLTE3ODI4MzI5MjYwNzUwLWNjOWNjZTcwODcyMTFiNzQxMCIsInJkIjoiaW9wLm9yZyJ9",article,conference-abstract,True,high,ECS Meeting Abstracts venue with single-page record and 0 references indicates an abstract-only meeting record.,False,200,
https://openalex.org/W2740709998,https://doi.org/10.1149/ma2009-01/2/82,"https://validate.perfdrive.com/fb803c746e9148689b3984a31fccd902/?ssa=6a980d80-2853-4afa-a1e1-3dad5f84dd0b&ssb=72697283104&ssc=https%3A%2F%2Fiopscience.iop.org%2Farticle%2F10.1149%2FMA2009-01%2F2%2F82&ssi=1012d73e-cnvj-4a69-a40a-d7638b31ec5e&ssk=botmanager_support@radware.com&ssm=12584681376979869109826209754018&ssn=4e01b749414cb4fc0ad6d9a0c7a8dd174b09d5d1b0f9-acb5-4996-847cb8&sso=fe1218d5-722ba82d446926544714f8ef77242dc135d7a1fb58788b4c&ssp=95478552591782876037178281316976096&ssq=03552763293260600912532932111100453096064&ssr=NzUuNDkuMTI1LjIwOQ==&sst=Mozilla/5.0%20(Macintosh;%20Intel%20Mac%20OS%20X%2010_15_7)%20AppleWebKit/537.36%20(KHTML,%20like%20Gecko)%20Chrome/124.0%20Safari/537.36&ssu=&ssv=&ssw=&ssx=eyJfX3V6bWYiOiI3ZjkwMDBkNWQxYjBmOS1hY2I1LTQ5OTYtODhkNS03MjJiYTgyZDQ0NjkxLTE3ODI4MzI5MzI4MjcwLTAwNGExYzc1MjUxYjA4MmI0MDgxMCIsInV6bXgiOiI3ZjkwMDA4NDVlMTFjNi0xOGYzLTQ0ZDEtODA5ZS01ODQzNGEwZWYwMzExLTE3ODI4MzI5MzI4MjcwLTE0Njg5MDk5ODNhNGJkNTgxMCIsInJkIjoiaW9wLm9yZyJ9",article,conference-abstract,True,high,ECS Meeting Abstracts venue with single-page (82-82) and 0 references indicates an abstract-only meeting record.,False,200,
https://openalex.org/W2595691918,https://doi.org/10.1149/ma2012-02/12/1189,"https://validate.perfdrive.com/fb803c746e9148689b3984a31fccd902/?ssa=6e2144fa-7cf0-4780-9fff-9872779464e8&ssb=81534231808&ssc=https%3A%2F%2Fiopscience.iop.org%2Farticle%2F10.1149%2FMA2012-02%2F12%2F1189&ssi=41e0cccb-cnvj-49df-85e4-952944ba4418&ssk=botmanager_support@radware.com&ssm=66087053342914787102952675164584&ssn=594dbf9fad64db274909bc62089128affaa721909330-117f-4159-8ee4df&sso=5b0f072d-e16b66c4bd94f10de4a8c5c583c528f2a0d913023bab02fe&ssp=32154773631782893638178280169378638&ssq=62912803292628040339232926848748288206072&ssr=NzUuNDkuMTI1LjIwOQ==&sst=Mozilla/5.0%20(Macintosh;%20Intel%20Mac%20OS%20X%2010_15_7)%20AppleWebKit/537.36%20(KHTML,%20like%20Gecko)%20Chrome/124.0%20Safari/537.36&ssu=&ssv=&ssw=&ssx=eyJfX3V6bWYiOiI3ZjkwMDAyMTkwOTMzMC0xMTdmLTQxNTktODcyZC1lMTZiNjZjNGJkOTQxLTE3ODI4MzI5MjY0NDkwLTAwNDJmZmUwZDEyZjRlNjI3N2QxMCIsInJkIjoiaW9wLm9yZyIsInV6bXgiOiI3ZjkwMDBlYjQ4ODI2ZS04ZTU2LTQ4NTUtYmYzYy1mNDAyMTQwZDYzNGExLTE3ODI4MzI5MjY0NDkwLTU5ZjNkMDRkMTEwNDA5MjcxMCJ9",article,conference-abstract,True,high,Venue 'ECS Meeting Abstracts' with single-page (1189-1189) and 0 references signals a meeting abstract.,False,200,
https://openalex.org/W4243472507,https://doi.org/10.1149/ma2006-02/21/1054,"https://validate.perfdrive.com/fb803c746e9148689b3984a31fccd902/?ssa=6d08d39c-d263-4f17-b3e4-dbfdce0f03cc&ssb=00559214364&ssc=https%3A%2F%2Fiopscience.iop.org%2Farticle%2F10.1149%2FMA2006-02%2F21%2F1054&ssi=0127c256-cnvj-45c5-8df5-b70accf5d53b&ssk=botmanager_support@radware.com&ssm=50539854127378021102429870291143&ssn=3527e6a4eb2622bb5a9ee92dde16853ec2e2ad454b8b-9cd6-4053-9b2fb2&sso=37668f5f-5d9ffa60f68760c87ee9b230b8797a1dd91aa49c95865221&ssp=09889883991782879014178282511209743&ssq=36947713293486292628232934037783215947274&ssr=NzUuNDkuMTI1LjIwOQ==&sst=Mozilla/5.0%20(Macintosh;%20Intel%20Mac%20OS%20X%2010_15_7)%20AppleWebKit/537.36%20(KHTML,%20like%20Gecko)%20Chrome/124.0%20Safari/537.36&ssu=&ssv=&ssw=&ssx=eyJ1em14IjoiN2Y5MDAwNjcwNTkyOTQtOTMzNi00YmE1LThjMWQtODM3ZTdlMWYxZjRhMS0xNzgyODMyOTM0MzY5MC1lN2UwYTUxNzE4ZjE5MmJlMTAiLCJyZCI6ImlvcC5vcmciLCJfX3V6bWYiOiI3ZjkwMDBhZDQ1NGI4Yi05Y2Q2LTQwNTMtOWY1Zi01ZDlmZmE2MGY2ODcxLTE3ODI4MzI5MzQzNjkwLTAwNGJiMjEyYzdiODhlOGNjMDUxMCJ9",article,conference-abstract,True,high,Venue 'ECS Meeting Abstracts' with single-page (1054-1054) and 0 references indicates an abstract-only meeting record.,False,200,
https://openalex.org/W4236442489,https://doi.org/10.1149/ma2016-01/18/1076,"https://validate.perfdrive.com/fb803c746e9148689b3984a31fccd902/?ssa=fdded9f3-7044-4a35-b041-ac25c0c81391&ssb=80487273629&ssc=https%3A%2F%2Fiopscience.iop.org%2Farticle%2F10.1149%2FMA2016-01%2F18%2F1076&ssi=cbbee086-cnvj-4a01-9c22-fd2c29f536b1&ssk=botmanager_support@radware.com&ssm=90905451583178541105201179477937&ssn=deb120e2ce34e2ae0054670be09d9550c3b8fa0409ce-6ec3-4c62-85a505&sso=6e2ce5ab-63f9ace2ee366052188d6c06c0a49719e5146098c6f6bb02&ssp=16013634031782828206178280665564618&ssq=01770063292840639717832928804779562776389&ssr=NzUuNDkuMTI1LjIwOQ==&sst=Mozilla/5.0%20(Macintosh;%20Intel%20Mac%20OS%20X%2010_15_7)%20AppleWebKit/537.36%20(KHTML,%20like%20Gecko)%20Chrome/124.0%20Safari/537.36&ssu=&ssv=&ssw=&ssx=eyJyZCI6ImlvcC5vcmciLCJ1em14IjoiN2Y5MDAwODlmNjgyNDQtNjlmZS00ZTY2LWI3M2QtNGI2MDAwZjA3MTY3MS0xNzgyODMyOTI4MjMyMC1jNGZhNmYwM2QwMDgwZWMwMTAiLCJfX3V6bWYiOiI3ZjkwMDBmYTA0MDljZS02ZWMzLTRjNjItODVhYi02M2Y5YWNlMmVlMzYxLTE3ODI4MzI5MjgyMzIwLTAwNGJlOTkyYTg5ZTJmZjhkOWQxMCJ9",article,conference-abstract,True,high,ECS Meeting Abstracts venue with single-page (1076-1076) and 0 references indicates an abstract-only record.,False,200,
https://openalex.org/W4405590752,https://doi.org/10.1149/ma2024-02201803mtgabs,"https://validate.perfdrive.com/fb803c746e9148689b3984a31fccd902/?ssa=b9ec95a6-e6d2-4d36-b7ef-9869ab1fe637&ssb=72697283104&ssc=https%3A%2F%2Fiopscience.iop.org%2Farticle%2F10.1149%2FMA2024-02201803mtgabs&ssi=e66eb0e9-cnvj-4870-990a-1362eb791a8d&ssk=botmanager_support@radware.com&ssm=12584681376979869109826209754018&ssn=4e01b749cce94667a9c9d704b3b7dd174b094bc338b1-53b9-4776-b47cb8&sso=fe1215e7-1e4cd7d88312265447145ef35f3c9ede2e789b8058788b4c&ssp=95478552591782876037178281316976096&ssq=03552763293260600912532932111100453096064&ssr=NzUuNDkuMTI1LjIwOQ==&sst=Mozilla/5.0%20(Macintosh;%20Intel%20Mac%20OS%20X%2010_15_7)%20AppleWebKit/537.36%20(KHTML,%20like%20Gecko)%20Chrome/124.0%20Safari/537.36&ssu=&ssv=&ssw=&ssx=eyJ1em14IjoiN2Y5MDAwOTQ5ZDI4OTctZGYyZi00MjFiLTgwY2YtOGZhYmRhMGE4NjUwMS0xNzgyODMyOTMyNTgxMC0wOWRjZjBjODc5ODJmYjc2MTAiLCJfX3V6bWYiOiI3ZjkwMDA0YmMzMzhiMS01M2I5LTQ3NzYtYjVlNy0xZTRjZDdkODgzMTIxLTE3ODI4MzI5MzI1ODEwLTAwNDEyZDA0OTEzZmJiMTFmOWUxMCIsInJkIjoiaW9wLm9yZyJ9",article,conference-abstract,True,high,ECS Meeting Abstracts venue with single-page record and zero references indicates an abstract-only conference record.,False,200,
https://openalex.org/W4386853740,https://doi.org/10.1149/ma2023-01372186mtgabs,"https://validate.perfdrive.com/fb803c746e9148689b3984a31fccd902/?ssa=af30a64e-6d3c-42dd-bc9e-70091fb83f07&ssb=00559214364&ssc=https%3A%2F%2Fiopscience.iop.org%2Farticle%2F10.1149%2FMA2023-01372186mtgabs&ssi=604ecfae-cnvj-4601-8bf5-f1879756d08f&ssk=botmanager_support@radware.com&ssm=50539854127378021102429870291143&ssn=3527e6a45e2383d93419a24265c8853ec2e2c7cf2425-a138-4851-9b2fb2&sso=37668fd7-733eb701d86860c87ee9b88f62e60613ad7e03cd95865221&ssp=09889883991782879014178282511209743&ssq=36947713293486292628232934037783215947274&ssr=NzUuNDkuMTI1LjIwOQ==&sst=Mozilla/5.0%20(Macintosh;%20Intel%20Mac%20OS%20X%2010_15_7)%20AppleWebKit/537.36%20(KHTML,%20like%20Gecko)%20Chrome/124.0%20Safari/537.36&ssu=&ssv=&ssw=&ssx=eyJfX3V6bWYiOiI3ZjkwMDBjN2NmMjQyNS1hMTM4LTQ4NTEtOWZkNy03MzNlYjcwMWQ4NjgxLTE3ODI4MzI5MzQwOTIwLTAwNDFmZDIxNmQyYjAxMWNjMDYxMCIsInJkIjoiaW9wLm9yZyIsInV6bXgiOiI3ZjkwMDAxODcwMmM1MS01NTFhLTQ1ZTktYWFmNS0xMGE1ZjY1Njc2ZmIxLTE3ODI4MzI5MzQwOTIwLTM2MzU2N2FiNDgxNzZkNDMxMCJ9",article,conference-abstract,True,high,ECS Meeting Abstracts venue with single-page record and 0 references indicates an abstract-only conference record.,False,200,
https://openalex.org/W2282324398,https://doi.org/10.1149/ma2015-01/1/58,"https://validate.perfdrive.com/fb803c746e9148689b3984a31fccd902/?ssa=3e96d2cd-7952-42e1-8322-b4995ad8eca0&ssb=93223272413&ssc=https%3A%2F%2Fiopscience.iop.org%2Farticle%2F10.1149%2FMA2015-01%2F1%2F58&ssi=d1ff68ef-cnvj-44f3-acec-5a02e2a1a09d&ssk=botmanager_support@radware.com&ssm=89178086390985829107502954859862&ssn=c0153f92dc85dd973d86d67bf5f029a0ea23c28b03cd-6baf-4c77-894ab2&sso=a1aa910e-83be8e36db8bd79eeb4f4b0828b425b19622361b2de62519&ssp=41238900591782891571178289258330553&ssq=82111053293351987143932933135519064830008&ssr=NzUuNDkuMTI1LjIwOQ==&sst=Mozilla/5.0%20(Macintosh;%20Intel%20Mac%20OS%20X%2010_15_7)%20AppleWebKit/537.36%20(KHTML,%20like%20Gecko)%20Chrome/124.0%20Safari/537.36&ssu=&ssv=&ssw=&ssx=eyJfX3V6bWYiOiI3ZjkwMDBjMjhiMDNjZC02YmFmLTRjNzctODEwZS04M2JlOGUzNmRiOGIxLTE3ODI4MzI5MzMxMTcwLTAwNDMzNThmZDlhZmE4MTA1NWMxMCIsInJkIjoiaW9wLm9yZyIsInV6bXgiOiI3ZjkwMDA3ZmEyYzYyYy05Nzc3LTRlYjQtYWY0Zi1jZDQzNzliYTcyZGIxLTE3ODI4MzI5MzMxMTcwLTkxNjcwN2VlN2NhMzIwNzUxMCJ9",article,conference-abstract,True,high,"Published in ECS Meeting Abstracts on a single page with 0 references, indicating an abstract-only meeting record.",False,200,
https://openalex.org/W4416570005,https://doi.org/10.1149/ma2025-02582756mtgabs,"https://validate.perfdrive.com/fb803c746e9148689b3984a31fccd902/?ssa=7a8f7324-a453-4120-b6f2-278ccc77accd&ssb=00559214364&ssc=https%3A%2F%2Fiopscience.iop.org%2Farticle%2F10.1149%2FMA2025-02582756mtgabs&ssi=790161a3-cnvj-4ba5-9252-40454ecc779b&ssk=botmanager_support@radware.com&ssm=50539854127378021102429870291143&ssn=3527e6a4f68f2920d92431f376ce853ec2e207352a5b-16a2-4536-ab2fb2&sso=37668852-21f1f2244a2960c87ee96d31e9b7da3779f25a9d95865221&ssp=09889883991782879014178282511209743&ssq=36947713293486292628232934037783215947274&ssr=NzUuNDkuMTI1LjIwOQ==&sst=Mozilla/5.0%20(Macintosh;%20Intel%20Mac%20OS%20X%2010_15_7)%20AppleWebKit/537.36%20(KHTML,%20like%20Gecko)%20Chrome/124.0%20Safari/537.36&ssu=&ssv=&ssw=&ssx=eyJfX3V6bWYiOiI3ZjkwMDAwNzM1MmE1Yi0xNmEyLTQ1MzYtYTg1Mi0yMWYxZjIyNDRhMjkxLTE3ODI4MzI5MzQ1NzIwLTAwNDQ2Y2EzZDg2MmRkOWM2MGQxMCIsInV6bXgiOiI3ZjkwMDAyOWZmMjlmNi00NTU4LTQ0NDQtOWQ3YS0yZThlN2ZjYTc2NGMxLTE3ODI4MzI5MzQ1NzIwLTRiNzJlNmU4ZjFhZDAwNmYxMCIsInJkIjoiaW9wLm9yZyJ9",article,conference-abstract,True,high,ECS Meeting Abstracts venue with single-page record and 0 references signals abstract-only proceedings.,False,200,
https://openalex.org/W2269119625,https://doi.org/10.1149/ma2013-02/45/2603,"https://validate.perfdrive.com/fb803c746e9148689b3984a31fccd902/?ssa=9bd641aa-1f09-494c-a026-51ccb96e99e3&ssb=93223272413&ssc=https%3A%2F%2Fiopscience.iop.org%2Farticle%2F10.1149%2FMA2013-02%2F45%2F2603&ssi=7df3ad6b-cnvj-41fd-9527-3df8b89fa823&ssk=botmanager_support@radware.com&ssm=89178086390985829107502954859862&ssn=c0153f929cf2d3201ad4ca5d55ad29a0ea23e677a2e5-49d7-49f6-994ab2&sso=a1aa9857-0184f8a444b5d79eeb4fd8288870d5496ebd9cc22de62519&ssp=41238900591782891571178289258330553&ssq=82111053293351987143932933135519064830008&ssr=NzUuNDkuMTI1LjIwOQ==&sst=Mozilla/5.0%20(Macintosh;%20Intel%20Mac%20OS%20X%2010_15_7)%20AppleWebKit/537.36%20(KHTML,%20like%20Gecko)%20Chrome/124.0%20Safari/537.36&ssu=&ssv=&ssw=&ssx=eyJ1em14IjoiN2Y5MDAwYjZjZTBlZWQtZDAzNi00YmIyLWIyZGQtZGUxY2RhMDI4OGQ1MS0xNzgyODMyOTMzMTM2MC0wYWIzNWNjNWY3ZjAzYWQ5MTAiLCJfX3V6bWYiOiI3ZjkwMDBlNjc3YTJlNS00OWQ3LTQ5ZjYtOTg1Ny0wMTg0ZjhhNDQ0YjUxLTE3ODI4MzI5MzMxMzYwLTAwNGUzYWJkN2NmMmNkM2U4YWUxMCIsInJkIjoiaW9wLm9yZyJ9",article,conference-abstract,True,high,"Published in ECS Meeting Abstracts with 0 references and single-page record, signaling a meeting abstract.",False,200,
https://openalex.org/W3213966650,https://doi.org/10.1149/ma2021-02551589mtgabs,"https://validate.perfdrive.com/fb803c746e9148689b3984a31fccd902/?ssa=5c9757de-b532-4994-bf09-0c41da7c8d78&ssb=72697283104&ssc=https%3A%2F%2Fiopscience.iop.org%2Farticle%2F10.1149%2FMA2021-02551589mtgabs&ssi=0974c48a-cnvj-45ea-8fb1-e5a563103eae&ssk=botmanager_support@radware.com&ssm=12584681376979869109826209754018&ssn=4e01b7497111834182906d8855e9dd174b09f838d719-2631-4bd7-a47cb8&sso=fe121e2c-c1df7103c23f26544714947c53d2b024135fb98b58788b4c&ssp=95478552591782876037178281316976096&ssq=03552763293260600912532932111100453096064&ssr=NzUuNDkuMTI1LjIwOQ==&sst=Mozilla/5.0%20(Macintosh;%20Intel%20Mac%20OS%20X%2010_15_7)%20AppleWebKit/537.36%20(KHTML,%20like%20Gecko)%20Chrome/124.0%20Safari/537.36&ssu=&ssv=&ssw=&ssx=eyJyZCI6ImlvcC5vcmciLCJfX3V6bWYiOiI3ZjkwMDBmODM4ZDcxOS0yNjMxLTRiZDctYWUyYy1jMWRmNzEwM2MyM2YxLTE3ODI4MzI5MzI5NTEwLTAwNDNlMzg0MmM3NzBkYjVlYzMxMCIsInV6bXgiOiI3ZjkwMDA3Njk1M2E2OS0wNTMyLTQzOWItYjRjNC0yYjMyMmE1ZmJmMmExLTE3ODI4MzI5MzI5NTEwLTZhYmIxNDI2NjQ4YTc5MTQxMCJ9",article,conference-abstract,True,high,ECS Meeting Abstracts venue with single-page (1589-1589) and zero references indicates an abstract-only record.,False,200,
https://openalex.org/W2594628331,https://doi.org/10.1149/ma2009-01/11/566,"https://validate.perfdrive.com/fb803c746e9148689b3984a31fccd902/?ssa=831e97fa-15fe-40b5-a733-50c5c5272834&ssb=93223272413&ssc=https%3A%2F%2Fiopscience.iop.org%2Farticle%2F10.1149%2FMA2009-01%2F11%2F566&ssi=9f934670-cnvj-4489-92b7-be58cad6a3f5&ssk=botmanager_support@radware.com&ssm=89178086390985829107502954859862&ssn=c0153f9252c269409eb3855890a229a0ea23a29774fd-1543-4b0b-994ab2&sso=a1aa900c-9587cb2b2a56d79eeb4f2e047ca7374ca9e732f72de62519&ssp=41238900591782891571178289258330553&ssq=82111053293351987143932933135519064830008&ssr=NzUuNDkuMTI1LjIwOQ==&sst=Mozilla/5.0%20(Macintosh;%20Intel%20Mac%20OS%20X%2010_15_7)%20AppleWebKit/537.36%20(KHTML,%20like%20Gecko)%20Chrome/124.0%20Safari/537.36&ssu=&ssv=&ssw=&ssx=eyJfX3V6bWYiOiI3ZjkwMDBhMjk3NzRmZC0xNTQzLTRiMGItOTAwYy05NTg3Y2IyYjJhNTYxLTE3ODI4MzI5MzM3NDQwLTAwNDYwNThiMzY1MTQ2YmVmNDAxMCIsInJkIjoiaW9wLm9yZyIsInV6bXgiOiI3ZjkwMDBjNzI4NzA2MC1mMDlhLTQ3OWItODEwOS1jYmVlOGJhNDJkMTcxLTE3ODI4MzI5MzM3NDQwLWYzZWQ5NDA5NTE3MmUyMzkxMCJ9",article,conference-abstract,True,high,ECS Meeting Abstracts venue with single-page (566-566) and 0 references indicates an abstract-only conference record.,False,200,
https://openalex.org/W4386853503,https://doi.org/10.1149/ma2023-01392312mtgabs,"https://validate.perfdrive.com/fb803c746e9148689b3984a31fccd902/?ssa=6451e70d-999e-468e-81b7-b79b0389b3e0&ssb=07646237641&ssc=https%3A%2F%2Fiopscience.iop.org%2Farticle%2F10.1149%2FMA2023-01392312mtgabs&ssi=06b348fc-cnvj-436b-a895-40463140801e&ssk=botmanager_support@radware.com&ssm=58293239333302485107169217688513&ssn=c77128d581d49897efea4fa02fceae427d5ad038e7f7-9d5e-4c23-846526&sso=ee90b2bc-f351c058a9b0d4c28030ba548b3a9a5f4ae3d743596638bb&ssp=83508360211782804593178280071551904&ssq=41709163293550924247532935265171531448243&ssr=NzUuNDkuMTI1LjIwOQ==&sst=Mozilla/5.0%20(Macintosh;%20Intel%20Mac%20OS%20X%2010_15_7)%20AppleWebKit/537.36%20(KHTML,%20like%20Gecko)%20Chrome/124.0%20Safari/537.36&ssu=&ssv=&ssw=&ssx=eyJyZCI6ImlvcC5vcmciLCJfX3V6bWYiOiI3ZjkwMDBkMDM4ZTdmNy05ZDVlLTRjMjMtODJiYy1mMzUxYzA1OGE5YjAxLTE3ODI4MzI5MzU0MDkwLTAwNDY5NzRhNTQ4Y2MwYTgzMTQxMCIsInV6bXgiOiI3ZjkwMDA2ZjVlOGI1Zi00ODdkLTRmMjQtYWZiYS04NzZiZTAyODZiMmYxLTE3ODI4MzI5MzU0MDkwLTI3NzdkODVmNzQ2ZTdmMGIxMCJ9",article,conference-abstract,True,high,ECS Meeting Abstracts venue with single-page (2312-2312) and 0 references signals an abstract-only meeting record.,False,200,
https://openalex.org/W4391639660,https://doi.org/10.1149/ma2023-02131115mtgabs,"https://validate.perfdrive.com/fb803c746e9148689b3984a31fccd902/?ssa=9ce55bc1-7cad-4726-a2c1-562c8a7ea240&ssb=07646237641&ssc=https%3A%2F%2Fiopscience.iop.org%2Farticle%2F10.1149%2FMA2023-02131115mtgabs&ssi=3ad910a1-cnvj-47d2-90d6-45cb94039abc&ssk=botmanager_support@radware.com&ssm=58293239333302485107169217688513&ssn=c77128d50ee9af98cb3f4f7d3fadae427d5a461d14bc-2559-43e8-946526&sso=ee90b3eb-27807151ff7cd4c28030aa473e6d073ff35cad2e596638bb&ssp=83508360211782804593178280071551904&ssq=41709163293550924247532935265171531448243&ssr=NzUuNDkuMTI1LjIwOQ==&sst=Mozilla/5.0%20(Macintosh;%20Intel%20Mac%20OS%20X%2010_15_7)%20AppleWebKit/537.36%20(KHTML,%20like%20Gecko)%20Chrome/124.0%20Safari/537.36&ssu=&ssv=&ssw=&ssx=eyJ1em14IjoiN2Y5MDAwNGNmZTZmMGItZWZjNi00NDFlLWI4ZjMtNjkwMmJjMDk0ZDYzMS0xNzgyODMyOTM1NTE5MC05OWIzZWI3MTkxMWU2MTM1MTAiLCJyZCI6ImlvcC5vcmciLCJfX3V6bWYiOiI3ZjkwMDA0NjFkMTRiYy0yNTU5LTQzZTgtOTNlYi0yNzgwNzE1MWZmN2MxLTE3ODI4MzI5MzU1MTkwLTAwNDZhOTZjZGUwOThlMmVhODMxMCJ9",article,conference-abstract,True,high,"ECS Meeting Abstracts venue, single-page (1115-1115), 0 references — an abstract-only conference record.",False,200,
https://openalex.org/W4401696082,https://doi.org/10.1149/ma2024-018866mtgabs,"https://validate.perfdrive.com/fb803c746e9148689b3984a31fccd902/?ssa=97a72141-906e-4c6d-8008-aecef30cb9a9&ssb=72697283104&ssc=https%3A%2F%2Fiopscience.iop.org%2Farticle%2F10.1149%2FMA2024-018866mtgabs&ssi=9d8d9fc8-cnvj-4524-be87-d75da12ae99b&ssk=botmanager_support@radware.com&ssm=12584681376979869109826209754018&ssn=4e01b7490fe6487b0c30b60ea89fdd174b09e880fe59-70f8-4272-947cb8&sso=fe121580-0e6d474207f2265447148d2b8744d1a1f9ce167f58788b4c&ssp=95478552591782876037178281316976096&ssq=03552763293260600912532932111100453096064&ssr=NzUuNDkuMTI1LjIwOQ==&sst=Mozilla/5.0%20(Macintosh;%20Intel%20Mac%20OS%20X%2010_15_7)%20AppleWebKit/537.36%20(KHTML,%20like%20Gecko)%20Chrome/124.0%20Safari/537.36&ssu=&ssv=&ssw=&ssx=eyJyZCI6ImlvcC5vcmciLCJ1em14IjoiN2Y5MDAwNTZkZmJiN2EtODFjYi00ZDAyLWI5YjktNTRlZDYzODMxZmZkMS0xNzgyODMyOTMyOTUzMC01ZTY3YzQyNTIzN2E1YTg3MTAiLCJfX3V6bWYiOiI3ZjkwMDBlODgwZmU1OS03MGY4LTQyNzItOTU4MC0wZTZkNDc0MjA3ZjIxLTE3ODI4MzI5MzI5NTMwLTAwNDc4OGRhNjYzNGUwZmM0MGQxMCJ9",article,conference-abstract,True,high,ECS Meeting Abstracts venue with single-page (866-866) and 0 references indicates an abstract-only meeting record.,False,200,
https://openalex.org/W4253262374,https://doi.org/10.1149/ma2009-02/10/981,"https://validate.perfdrive.com/fb803c746e9148689b3984a31fccd902/?ssa=64dbe521-5b5d-45f0-809d-18d607c41592&ssb=07646237641&ssc=https%3A%2F%2Fiopscience.iop.org%2Farticle%2F10.1149%2FMA2009-02%2F10%2F981&ssi=2922a4e9-cnvj-4b64-a9a8-f4cdba79ca28&ssk=botmanager_support@radware.com&ssm=58293239333302485107169217688513&ssn=c77128d5e09f9f75d10ac1ddfcc5ae427d5a2cf499fe-c88a-470d-846526&sso=ee90b8c5-7f77f01e721bd4c28030b56ec51c14fc830a6aa2596638bb&ssp=83508360211782804593178280071551904&ssq=41709163293550924247532935265171531448243&ssr=NzUuNDkuMTI1LjIwOQ==&sst=Mozilla/5.0%20(Macintosh;%20Intel%20Mac%20OS%20X%2010_15_7)%20AppleWebKit/537.36%20(KHTML,%20like%20Gecko)%20Chrome/124.0%20Safari/537.36&ssu=&ssv=&ssw=&ssx=eyJ1em14IjoiN2Y5MDAwZGJiMGVmOGMtNTdlMi00MjE5LTgyMWMtZDhlYzBlMDlkYzBmMS0xNzgyODMyOTM1NDE1MC1kYjZkNWZhNjVkOTdlMGI5MTAiLCJyZCI6ImlvcC5vcmciLCJfX3V6bWYiOiI3ZjkwMDAyY2Y0OTlmZS1jODhhLTQ3MGQtODhjNS03Zjc3ZjAxZTcyMWIxLTE3ODI4MzI5MzU0MTUwLTAwNDllNDhlYWYyOGQ3ZmM2YzYxMCJ9",article,conference-abstract,True,high,"Venue ""ECS Meeting Abstracts"" with single-page (981-981) and zero references signals a meeting abstract.",False,200,
https://openalex.org/W4244088158,https://doi.org/10.1149/ma2011-01/6/237,"https://validate.perfdrive.com/fb803c746e9148689b3984a31fccd902/?ssa=f0ecdd14-da9e-4dc7-ac6b-117498e7a5fe&ssb=57121285069&ssc=https%3A%2F%2Fiopscience.iop.org%2Farticle%2F10.1149%2FMA2011-01%2F6%2F237&ssi=e0d14e18-cnvj-4013-9a5a-675fa9c3d094&ssk=botmanager_support@radware.com&ssm=21270966427080789109736177485863&ssn=f1f01f71a0cccc4d3fab4d5ff73a548d77f33e6910d9-e6fd-4221-a108fd&sso=04e613a1-7d2ed66d376def61f80f90d5432dafd6b540f3d38d538a04&ssp=99229477871782864957178284231946821&ssq=95193143293668528759232936286341359745025&ssr=NzUuNDkuMTI1LjIwOQ==&sst=Mozilla/5.0%20(Macintosh;%20Intel%20Mac%20OS%20X%2010_15_7)%20AppleWebKit/537.36%20(KHTML,%20like%20Gecko)%20Chrome/124.0%20Safari/537.36&ssu=&ssv=&ssw=&ssx=eyJ1em14IjoiN2Y5MDAwMzBiOWQwOTUtODFkNC00OGFjLTg4NDEtYjgxMjNiYTdjNjQ4MS0xNzgyODMyOTM2MzAxMC1jODA2YmRhMTIxN2Y2MTNmMTAiLCJyZCI6ImlvcC5vcmciLCJfX3V6bWYiOiI3ZjkwMDAzZTY5MTBkOS1lNmZkLTQyMjEtYTNhMS03ZDJlZDY2ZDM3NmQxLTE3ODI4MzI5MzYzMDEwLTAwNDkxYThiYTg1MTAyMWQ3MjkxMCJ9",article,conference-abstract,True,high,ECS Meeting Abstracts venue with single-page (237-237) and 0 references indicates an abstract-only meeting record.,False,200,
https://openalex.org/W4386866869,https://doi.org/10.1149/ma2023-015903mtgabs,"https://validate.perfdrive.com/fb803c746e9148689b3984a31fccd902/?ssa=b3270a68-dca6-478b-baec-b2204d18f1b7&ssb=57121285069&ssc=https%3A%2F%2Fiopscience.iop.org%2Farticle%2F10.1149%2FMA2023-015903mtgabs&ssi=c06818d8-cnvj-41e1-902b-33045c8b0cbc&ssk=botmanager_support@radware.com&ssm=21270966427080789109736177485863&ssn=f1f01f7193b5c9ba3907edd2ae8f548d77f39e135691-9070-49fe-8108fd&sso=04e61750-e97848fcff89ef61f80f1b99ba7a47939f3d71d48d538a04&ssp=99229477871782864957178284231946821&ssq=95193143293668528759232936286341359745025&ssr=NzUuNDkuMTI1LjIwOQ==&sst=Mozilla/5.0%20(Macintosh;%20Intel%20Mac%20OS%20X%2010_15_7)%20AppleWebKit/537.36%20(KHTML,%20like%20Gecko)%20Chrome/124.0%20Safari/537.36&ssu=&ssv=&ssw=&ssx=eyJ1em14IjoiN2Y5MDAwNzEyZTZkY2UtNmE1Mi00YmU3LTlmNDYtM2QzNmQwNDVhOTc2MS0xNzgyODMyOTM2ODc3MC1iOGYwN2ZmN2YwZTYxNjM2MTAiLCJyZCI6ImlvcC5vcmciLCJfX3V6bWYiOiI3ZjkwMDA5ZTEzNTY5MS05MDcwLTQ5ZmUtODc1MC1lOTc4NDhmY2ZmODkxLTE3ODI4MzI5MzY4NzcwLTAwNDMxNjkzMzdlZGU2ZmM4N2MxMCJ9",article,conference-abstract,True,high,"Venue is ECS Meeting Abstracts with single-page record and zero references, indicating an abstract-only meeting record.",False,200,
https://openalex.org/W4391663076,https://doi.org/10.1149/ma2023-02462231mtgabs,"https://validate.perfdrive.com/fb803c746e9148689b3984a31fccd902/?ssa=6aec6124-9b69-4fc9-8f3a-74777425d11a&ssb=58956261145&ssc=https%3A%2F%2Fiopscience.iop.org%2Farticle%2F10.1149%2FMA2023-02462231mtgabs&ssi=865cd07a-cnvj-4dd5-811b-8a7ee6f76c56&ssk=botmanager_support@radware.com&ssm=35075661745568225105422665155188&ssn=b0dc6af97426a62db805d0172e6548da79f1d2a7d9cd-e56b-49a7-bd0e6a&sso=e4e74209-3404032860e9325cbc5d179b78e3f84284430057cac84a8b&ssp=37858907191782821720178280127132469&ssq=66412243293738940279332937249564914235062&ssr=NzUuNDkuMTI1LjIwOQ==&sst=Mozilla/5.0%20(Macintosh;%20Intel%20Mac%20OS%20X%2010_15_7)%20AppleWebKit/537.36%20(KHTML,%20like%20Gecko)%20Chrome/124.0%20Safari/537.36&ssu=&ssv=&ssw=&ssx=eyJyZCI6ImlvcC5vcmciLCJ1em14IjoiN2Y5MDAwOWY5M2IyYWQtMTRlNy00MjMxLTk5ZTEtNDgzOGViYjE5ZGNiMS0xNzgyODMyOTM3MjY2MC04NjZlOTliYjJhOGI2NzI5MTAiLCJfX3V6bWYiOiI3ZjkwMDBkMmE3ZDljZC1lNTZiLTQ5YTctYjIwOS0zNDA0MDMyODYwZTkxLTE3ODI4MzI5MzcyNjYwLTAwNGNhZmZjNDAzODFlNGExZWUxMCJ9",article,conference-abstract,True,high,ECS Meeting Abstracts venue with single-page (2231-2231) and 0 references signals an abstract-only meeting record.,False,200,
https://openalex.org/W3114953825,https://doi.org/10.1149/ma2020-02683599mtgabs,"https://validate.perfdrive.com/fb803c746e9148689b3984a31fccd902/?ssa=912786dd-64d8-4e8b-ac97-ad24558c0bbd&ssb=58956261145&ssc=https%3A%2F%2Fiopscience.iop.org%2Farticle%2F10.1149%2FMA2020-02683599mtgabs&ssi=02c38463-cnvj-499e-8a4a-3ededac02cbb&ssk=botmanager_support@radware.com&ssm=35075661745568225105422665155188&ssn=b0dc6af968e28f2f7bb0586be91b48da79f11aa0aa14-e9e0-4f17-9d0e6a&sso=e4e7463e-80199ac310ae325cbc5d02c11261985b9260c34fcac84a8b&ssp=37858907191782821720178280127132469&ssq=66412243293738940279332937249564914235062&ssr=NzUuNDkuMTI1LjIwOQ==&sst=Mozilla/5.0%20(Macintosh;%20Intel%20Mac%20OS%20X%2010_15_7)%20AppleWebKit/537.36%20(KHTML,%20like%20Gecko)%20Chrome/124.0%20Safari/537.36&ssu=&ssv=&ssw=&ssx=eyJfX3V6bWYiOiI3ZjkwMDAxYWEwYWExNC1lOWUwLTRmMTctOTYzZS04MDE5OWFjMzEwYWUxLTE3ODI4MzI5Mzc1NTQwLTAwNDA3NmNhMTE0MTM5YTJhNTgxMCIsInJkIjoiaW9wLm9yZyIsInV6bXgiOiI3ZjkwMDAwMDBkYjFjNy0wZDE1LTQ3MTktYWU2ZC1iNTAxMGIyMGUyN2QxLTE3ODI4MzI5Mzc1NTQwLTc2OTcwMWU1YTc1OGI0MjcxMCJ9",article,conference-abstract,True,high,ECS Meeting Abstracts venue with single-page (3599-3599) and 0 references indicates a meeting abstract.,False,200,
https://openalex.org/W2742711951,https://doi.org/10.1149/ma2010-01/34/1602,"https://validate.perfdrive.com/fb803c746e9148689b3984a31fccd902/?ssa=7ad976ff-3c37-481e-bb05-d3a681f5c5e8&ssb=57121285069&ssc=https%3A%2F%2Fiopscience.iop.org%2Farticle%2F10.1149%2FMA2010-01%2F34%2F1602&ssi=383c4488-cnvj-43d9-833b-a39f8edbe5dc&ssk=botmanager_support@radware.com&ssm=21270966427080789109736177485863&ssn=f1f01f7138e5b4cb1d0100f7f726548d77f33510dd10-c474-4177-9108fd&sso=04e61236-f46c2034c143ef61f80f5327e8812c200c15d1ab8d538a04&ssp=99229477871782864957178284231946821&ssq=95193143293668528759232936286341359745025&ssr=NzUuNDkuMTI1LjIwOQ==&sst=Mozilla/5.0%20(Macintosh;%20Intel%20Mac%20OS%20X%2010_15_7)%20AppleWebKit/537.36%20(KHTML,%20like%20Gecko)%20Chrome/124.0%20Safari/537.36&ssu=&ssv=&ssw=&ssx=eyJfX3V6bWYiOiI3ZjkwMDAzNTEwZGQxMC1jNDc0LTQxNzctOTIzNi1mNDZjMjAzNGMxNDMxLTE3ODI4MzI5MzY3MjIwLTAwNDZhMzM2MmRhMDhkYTdlNDMxMCIsInJkIjoiaW9wLm9yZyIsInV6bXgiOiI3ZjkwMDA1NzdkN2U4Yi03YmE2LTQwZGMtYjNlZi0yMmQ3MWI5YjEwYmExLTE3ODI4MzI5MzY3MjIwLWYxYTkzOTZkM2ZhMjkzMDAxMCJ9",article,conference-abstract,True,high,Venue 'ECS Meeting Abstracts' with single-page record and zero references indicates a meeting abstract.,False,200,
https://openalex.org/W4253324841,https://doi.org/10.1149/ma2012-02/38/2860,"https://validate.perfdrive.com/fb803c746e9148689b3984a31fccd902/?ssa=df8a1e79-03e3-402d-a589-838a6db6f979&ssb=58956261145&ssc=https%3A%2F%2Fiopscience.iop.org%2Farticle%2F10.1149%2FMA2012-02%2F38%2F2860&ssi=8284a4f1-cnvj-4d59-8466-fae5b0256c26&ssk=botmanager_support@radware.com&ssm=35075661745568225105422665155188&ssn=b0dc6af9924b2fbeab85f2e429a748da79f15ebd5ba5-6415-4707-bd0e6a&sso=e4e74c82-8f17e0847abf325cbc5ddfe30ec2929d8b3bb4b0cac84a8b&ssp=37858907191782821720178280127132469&ssq=66412243293738940279332937249564914235062&ssr=NzUuNDkuMTI1LjIwOQ==&sst=Mozilla/5.0%20(Macintosh;%20Intel%20Mac%20OS%20X%2010_15_7)%20AppleWebKit/537.36%20(KHTML,%20like%20Gecko)%20Chrome/124.0%20Safari/537.36&ssu=&ssv=&ssw=&ssx=eyJfX3V6bWYiOiI3ZjkwMDA1ZWJkNWJhNS02NDE1LTQ3MDctYmM4Mi04ZjE3ZTA4NDdhYmYxLTE3ODI4MzI5Mzc2NDkwLTAwNDk0MWM4N2Q4MmJmMzk0ODYxMCIsInJkIjoiaW9wLm9yZyIsInV6bXgiOiI3ZjkwMDA0ZDhmMTg0OC0yMmZlLTRmODAtYTJhZi1hMzljMmM5YWY2MzIxLTE3ODI4MzI5Mzc2NDkwLWQyZjJiYmI3YTc1NDA2NWYxMCJ9",article,conference-abstract,True,high,ECS Meeting Abstracts venue with single-page (2860-2860) and 0 references indicates a meeting abstract.,False,200,
https://openalex.org/W2786975572,https://doi.org/10.1149/ma2018-01/5/624,"https://validate.perfdrive.com/fb803c746e9148689b3984a31fccd902/?ssa=05789281-4945-4335-ac4d-dd2565c713fa&ssb=57121285069&ssc=https%3A%2F%2Fiopscience.iop.org%2Farticle%2F10.1149%2FMA2018-01%2F5%2F624&ssi=b59b738a-cnvj-4c06-9393-b923ee5fd65c&ssk=botmanager_support@radware.com&ssm=21270966427080789109736177485863&ssn=f1f01f71c8232a8eb274217a23e7548d77f3a3304635-2aca-4452-a108fd&sso=04e6142a-02899caa7202ef61f80f40650dfd9884ef9580098d538a04&ssp=99229477871782864957178284231946821&ssq=95193143293668528759232936286341359745025&ssr=NzUuNDkuMTI1LjIwOQ==&sst=Mozilla/5.0%20(Macintosh;%20Intel%20Mac%20OS%20X%2010_15_7)%20AppleWebKit/537.36%20(KHTML,%20like%20Gecko)%20Chrome/124.0%20Safari/537.36&ssu=&ssv=&ssw=&ssx=eyJfX3V6bWYiOiI3ZjkwMDBhMzMwNDYzNS0yYWNhLTQ0NTItYTQyYS0wMjg5OWNhYTcyMDIxLTE3ODI4MzI5MzY5OTkwLTAwNDc2N2NhNTkzNzRhN2VkYmMxMCIsInV6bXgiOiI3ZjkwMDA5NzRkODUyZS1iM2Q4LTQ0NjMtOTI1Mi02YmVlYTc2MWY0OTIxLTE3ODI4MzI5MzY5OTkwLTBkMjA5ZjgzMWE0ZmE2NGYxMCIsInJkIjoiaW9wLm9yZyJ9",article,conference-abstract,True,high,ECS Meeting Abstracts venue with single page (624-624) and 0 references indicates an abstract-only meeting record.,False,200,
https://openalex.org/W4244927680,https://doi.org/10.1149/ma2009-02/34/2624,"https://validate.perfdrive.com/fb803c746e9148689b3984a31fccd902/?ssa=2a64c6f7-a180-4137-a57a-3f06602dec09&ssb=58956261145&ssc=https%3A%2F%2Fiopscience.iop.org%2Farticle%2F10.1149%2FMA2009-02%2F34%2F2624&ssi=0d829df9-cnvj-4bf7-b8c7-069575f0c7af&ssk=botmanager_support@radware.com&ssm=35075661745568225105422665155188&ssn=b0dc6af93302781dbd4da7f6b82248da79f186309467-68a5-405a-bd0e6a&sso=e4e74d4a-b2da68382329325cbc5de3909cf57efd25b8f0e2cac84a8b&ssp=37858907191782821720178280127132469&ssq=66412243293738940279332937249564914235062&ssr=NzUuNDkuMTI1LjIwOQ==&sst=Mozilla/5.0%20(Macintosh;%20Intel%20Mac%20OS%20X%2010_15_7)%20AppleWebKit/537.36%20(KHTML,%20like%20Gecko)%20Chrome/124.0%20Safari/537.36&ssu=&ssv=&ssw=&ssx=eyJfX3V6bWYiOiI3ZjkwMDA4NjMwOTQ2Ny02OGE1LTQwNWEtYmQ0YS1iMmRhNjgzODIzMjkxLTE3ODI4MzI5Mzc3MjIwLTAwNDgxZjUwODc0NDZjMzg1MWQxMCIsInV6bXgiOiI3ZjkwMDA3Y2M0MGNlMi1mNWJhLTQ2MmUtODllOS04OWMzOTMzYjNmY2UxLTE3ODI4MzI5Mzc3MjIwLTU3YTQyNmMxZDkxNTg3ZGYxMCIsInJkIjoiaW9wLm9yZyJ9",article,conference-abstract,True,high,Venue 'ECS Meeting Abstracts' with single-page (2624-2624) and 0 references indicates a meeting abstract.,False,200,
https://openalex.org/W4220959725,https://doi.org/10.1136/injuryprev-2022-savir.106,https://doi.org/10.1136/injuryprev-2022-savir.106,article,conference-abstract,True,high,"Container ""Abstracts"" in supplement Suppl_1 with 0 refs and abstract-only record marks this a meeting abstract.",False,403,
https://openalex.org/W4250627444,https://doi.org/10.1149/ma2019-02/28/1258,"https://validate.perfdrive.com/fb803c746e9148689b3984a31fccd902/?ssa=29e3c6f5-eca7-4235-8eb1-dfa1cf3c54a4&ssb=58956261145&ssc=https%3A%2F%2Fiopscience.iop.org%2Farticle%2F10.1149%2FMA2019-02%2F28%2F1258&ssi=7af2bfec-cnvj-4f8b-b3be-04744a3033bb&ssk=botmanager_support@radware.com&ssm=35075661745568225105422665155188&ssn=b0dc6af9254c524105e5bd32142f48da79f1d3922038-d19a-4d9f-9d0e6a&sso=e4e7491b-b52bf1c1899b325cbc5dd976146b47d3ca8fea41cac84a8b&ssp=37858907191782821720178280127132469&ssq=66412243293738940279332937249564914235062&ssr=NzUuNDkuMTI1LjIwOQ==&sst=Mozilla/5.0%20(Macintosh;%20Intel%20Mac%20OS%20X%2010_15_7)%20AppleWebKit/537.36%20(KHTML,%20like%20Gecko)%20Chrome/124.0%20Safari/537.36&ssu=&ssv=&ssw=&ssx=eyJ1em14IjoiN2Y5MDAwOWY0ZGEwZjItMjUyYy00MTg5LWI5NGItNjg4YTZlMDA4NWU1MS0xNzgyODMyOTM3NzA0MC02Mjk5NWU1MzdjNjlhOTVmMTAiLCJyZCI6ImlvcC5vcmciLCJfX3V6bWYiOiI3ZjkwMDBkMzkyMjAzOC1kMTlhLTRkOWYtOTkxYi1iNTJiZjFjMTg5OWIxLTE3ODI4MzI5Mzc3MDQwLTAwNGU4ODVkNjlkM2JkNGMzY2ExMCJ9",article,conference-abstract,True,high,Venue 'ECS Meeting Abstracts' with single-page (1258-1258) and zero references indicates a meeting abstract.,False,200,
https://openalex.org/W2597532607,https://doi.org/10.1149/ma2006-02/5/350,"https://validate.perfdrive.com/fb803c746e9148689b3984a31fccd902/?ssa=c6ce5412-b0e4-4958-9142-56530101dc3d&ssb=58956261145&ssc=https%3A%2F%2Fiopscience.iop.org%2Farticle%2F10.1149%2FMA2006-02%2F5%2F350&ssi=2be48c24-cnvj-4750-9a68-e8806f9e5708&ssk=botmanager_support@radware.com&ssm=35075661745568225105422665155188&ssn=b0dc6af9577e0eb94f512646f22248da79f172a3fd01-ada1-4abc-9d0e6a&sso=e4e74109-f96ba76eef69325cbc5d66f0c90b0c71f41501a4cac84a8b&ssp=37858907191782821720178280127132469&ssq=66412243293738940279332937249564914235062&ssr=NzUuNDkuMTI1LjIwOQ==&sst=Mozilla/5.0%20(Macintosh;%20Intel%20Mac%20OS%20X%2010_15_7)%20AppleWebKit/537.36%20(KHTML,%20like%20Gecko)%20Chrome/124.0%20Safari/537.36&ssu=&ssv=&ssw=&ssx=eyJ1em14IjoiN2Y5MDAwZDZlMmExYjktN2ZjNi00MzkzLTk4NjEtMTllMWM2NzZjZjM0MS0xNzgyODMyOTM3ODk2MC1hNTMwYzNiZTU4MjA1OWMwMTAiLCJyZCI6ImlvcC5vcmciLCJfX3V6bWYiOiI3ZjkwMDA3MmEzZmQwMS1hZGExLTRhYmMtOTEwOS1mOTZiYTc2ZWVmNjkxLTE3ODI4MzI5Mzc4OTYwLTAwNDI4YTc4ZDI2OThmODAxZTMxMCJ9",article,conference-abstract,True,high,Venue 'ECS Meeting Abstracts' with single-page (350-350) and 0 references indicates an abstract-only meeting record.,False,200,
https://openalex.org/W2617572704,https://doi.org/10.1149/ma2017-01/43/2014,"https://validate.perfdrive.com/fb803c746e9148689b3984a31fccd902/?ssa=ae1a1e60-b9e7-4eeb-8280-63201d020e68&ssb=87361225145&ssc=https%3A%2F%2Fiopscience.iop.org%2Farticle%2F10.1149%2FMA2017-01%2F43%2F2014&ssi=38c2d4da-cnvj-4b89-8440-009b9cb91278&ssk=botmanager_support@radware.com&ssm=94674434855565170109280402798244&ssn=e3df7b791aad862d099fec1180600ee65f7ef8569bda-9e58-40c1-a47263&sso=1f3318fa-158714e7f86eb23d89b4b187c60de24683a1691f6b78924d&ssp=24118647971782894210178283219166087&ssq=36983293293835142003432938396153408379571&ssr=NzUuNDkuMTI1LjIwOQ==&sst=Mozilla/5.0%20(Macintosh;%20Intel%20Mac%20OS%20X%2010_15_7)%20AppleWebKit/537.36%20(KHTML,%20like%20Gecko)%20Chrome/124.0%20Safari/537.36&ssu=&ssv=&ssw=&ssx=eyJ1em14IjoiN2Y5MDAwMjI2ODFlOWQtYTE0Yi00OTA1LTljYTgtZTcyODM5NDk4MTJlMS0xNzgyODMyOTM4MDExMC00YWI5ZGMwYzVlZDdjMmVjMTAiLCJfX3V6bWYiOiI3ZjkwMDBmODU2OWJkYS05ZTU4LTQwYzEtYThmYS0xNTg3MTRlN2Y4NmUxLTE3ODI4MzI5MzgwMTEwLTAwNDQ3NDU5ZWQ5NWJiMGQwOTExMCIsInJkIjoiaW9wLm9yZyJ9",article,conference-abstract,True,high,"Venue 'ECS Meeting Abstracts', single page (2014-2014), and 0 references indicate a meeting abstract.",False,200,
https://openalex.org/W4416595219,https://doi.org/10.1149/ma2025-02653505mtgabs,"https://validate.perfdrive.com/fb803c746e9148689b3984a31fccd902/?ssa=4324db65-782f-48f3-9007-45a131c9013f&ssb=87361225145&ssc=https%3A%2F%2Fiopscience.iop.org%2Farticle%2F10.1149%2FMA2025-02653505mtgabs&ssi=311bac10-cnvj-4a9c-816c-cb0ab8982d30&ssk=botmanager_support@radware.com&ssm=94674434855565170109280402798244&ssn=e3df7b7984063c40bdc1dfdeca0c0ee65f7eea5e9abf-c7b4-4ae4-b47263&sso=1f331735-763612227db2b23d89b40f4d2fc48162938356586b78924d&ssp=24118647971782894210178283219166087&ssq=36983293293835142003432938396153408379571&ssr=NzUuNDkuMTI1LjIwOQ==&sst=Mozilla/5.0%20(Macintosh;%20Intel%20Mac%20OS%20X%2010_15_7)%20AppleWebKit/537.36%20(KHTML,%20like%20Gecko)%20Chrome/124.0%20Safari/537.36&ssu=&ssv=&ssw=&ssx=eyJfX3V6bWYiOiI3ZjkwMDBlYTVlOWFiZi1jN2I0LTRhZTQtYjczNS03NjM2MTIyMjdkYjIxLTE3ODI4MzI5MzgyMDMwLTAwNGVmMjcyYmJjZDk2YzNjNmQxMCIsInJkIjoiaW9wLm9yZyIsInV6bXgiOiI3ZjkwMDBhMDQ0ODZlZS1hZTgyLTQxZWQtOTI3ZS1mZWYxNTEwYWE0YzcxLTE3ODI4MzI5MzgyMDMwLWM1ZWIxN2ZiMzIzMTc5ODgxMCJ9",article,conference-abstract,True,high,ECS Meeting Abstracts venue with single-page (3505-3505) and 0 references indicates an abstract-only meeting record.,False,200,
https://openalex.org/W2303246958,https://doi.org/10.1149/ma2010-02/10/891,"https://validate.perfdrive.com/fb803c746e9148689b3984a31fccd902/?ssa=dbc600e8-05b0-4c4b-b28b-e9fd411d44e1&ssb=58956261145&ssc=https%3A%2F%2Fiopscience.iop.org%2Farticle%2F10.1149%2FMA2010-02%2F10%2F891&ssi=5c5ea1a9-cnvj-4205-9a3e-510ace35f231&ssk=botmanager_support@radware.com&ssm=35075661745568225105422665155188&ssn=b0dc6af9d13f22d7650177a282a648da79f1f0b0637f-45ec-46cb-ad0e6a&sso=e4e74719-6bee4750b7c0325cbc5d1461d55153b3575b28e1cac84a8b&ssp=37858907191782821720178280127132469&ssq=66412243293738940279332937249564914235062&ssr=NzUuNDkuMTI1LjIwOQ==&sst=Mozilla/5.0%20(Macintosh;%20Intel%20Mac%20OS%20X%2010_15_7)%20AppleWebKit/537.36%20(KHTML,%20like%20Gecko)%20Chrome/124.0%20Safari/537.36&ssu=&ssv=&ssw=&ssx=eyJfX3V6bWYiOiI3ZjkwMDBmMGIwNjM3Zi00NWVjLTQ2Y2ItYTcxOS02YmVlNDc1MGI3YzAxLTE3ODI4MzI5MzcyNTkwLTAwNDRkNWIwOTdmZTc1ZDA0MmMxMCIsInV6bXgiOiI3ZjkwMDA2MTI5OTFjNi1iNjM2LTRlMDUtOGU0Zi1mZDE2ZmZiYzlmYjExLTE3ODI4MzI5MzcyNTkwLWVmNWI5NmZkYWI4ZTg0YmQxMCIsInJkIjoiaW9wLm9yZyJ9",article,conference-abstract,True,high,ECS Meeting Abstracts venue with single-page (891-891) and 0 references indicates an abstract-only record.,False,200,
https://openalex.org/W2136000482,https://doi.org/10.1149/ma2013-01/7/414,"https://validate.perfdrive.com/fb803c746e9148689b3984a31fccd902/?ssa=77fbf1f8-bac2-4f0f-8fe4-3afa0bfa8ca9&ssb=58956261145&ssc=https%3A%2F%2Fiopscience.iop.org%2Farticle%2F10.1149%2FMA2013-01%2F7%2F414&ssi=35783764-cnvj-47c5-bb08-f40f816dd159&ssk=botmanager_support@radware.com&ssm=35075661745568225105422665155188&ssn=b0dc6af971b50e67600b84296b3748da79f130435bcf-9726-481c-bd0e6a&sso=e4e74025-9e02465a654e325cbc5d3cb8930604245bf5e344cac84a8b&ssp=37858907191782821720178280127132469&ssq=66412243293738940279332937249564914235062&ssr=NzUuNDkuMTI1LjIwOQ==&sst=Mozilla/5.0%20(Macintosh;%20Intel%20Mac%20OS%20X%2010_15_7)%20AppleWebKit/537.36%20(KHTML,%20like%20Gecko)%20Chrome/124.0%20Safari/537.36&ssu=&ssv=&ssw=&ssx=eyJfX3V6bWYiOiI3ZjkwMDAzMDQzNWJjZi05NzI2LTQ4MWMtYjAyNS05ZTAyNDY1YTY1NGUxLTE3ODI4MzI5Mzc3ODYwLTAwNGNhNTgzMzk5NTBmZTVmZjExMCIsInV6bXgiOiI3ZjkwMDA2OWFiMjE3MS1kMDM1LTQ3ZDEtODA4My00OTQ3MGQyYmY0NzcxLTE3ODI4MzI5Mzc3ODYwLTgzMzljZjk3MzUxYTE0NjcxMCIsInJkIjoiaW9wLm9yZyJ9",article,conference-abstract,True,high,Venue 'ECS Meeting Abstracts' with single page 414-414 and 0 references signals an abstract-only meeting record.,False,200,
https://openalex.org/W2329387388,https://doi.org/10.1149/ma2014-02/21/1090,"https://validate.perfdrive.com/fb803c746e9148689b3984a31fccd902/?ssa=c168c3c7-b57b-47b0-844e-13f11e276b28&ssb=58956261145&ssc=https%3A%2F%2Fiopscience.iop.org%2Farticle%2F10.1149%2FMA2014-02%2F21%2F1090&ssi=927724ac-cnvj-4e88-9f01-22245592d89b&ssk=botmanager_support@radware.com&ssm=35075661745568225105422665155188&ssn=b0dc6af930a8452715f1ee66bf1a48da79f1458ef141-6e74-4ec1-bd0e6a&sso=e4e74785-e006ed7d1850325cbc5d4df56522e3e7d3dd3b99cac84a8b&ssp=37858907191782821720178280127132469&ssq=66412243293738940279332937249564914235062&ssr=NzUuNDkuMTI1LjIwOQ==&sst=Mozilla/5.0%20(Macintosh;%20Intel%20Mac%20OS%20X%2010_15_7)%20AppleWebKit/537.36%20(KHTML,%20like%20Gecko)%20Chrome/124.0%20Safari/537.36&ssu=&ssv=&ssw=&ssx=eyJyZCI6ImlvcC5vcmciLCJfX3V6bWYiOiI3ZjkwMDA0NThlZjE0MS02ZTc0LTRlYzEtYjc4NS1lMDA2ZWQ3ZDE4NTAxLTE3ODI4MzI5MzczMDYwLTAwNDllYTdmYWY5YmQyZmMxMDUxMCIsInV6bXgiOiI3ZjkwMDA4M2Y2ZjBkMy1jYjBlLTQ2MWEtOWU3Ny0xZjE5YjNhNTcyOGQxLTE3ODI4MzI5MzczMDYwLTY5ZGI0YTVlYzVlMmJjYzkxMCJ9",article,conference-abstract,True,high,"Venue is ECS Meeting Abstracts with single-page record and zero references, indicating an abstract-only conference record.",False,200,
https://openalex.org/W4401698614,https://doi.org/10.1149/ma2024-012254mtgabs,"https://validate.perfdrive.com/fb803c746e9148689b3984a31fccd902/?ssa=f4df8d97-9e89-4ab7-b03b-77f6f0cd3d56&ssb=58956261145&ssc=https%3A%2F%2Fiopscience.iop.org%2Farticle%2F10.1149%2FMA2024-012254mtgabs&ssi=53d800cb-cnvj-4496-b0be-86b84d02e9bd&ssk=botmanager_support@radware.com&ssm=35075661745568225105422665155188&ssn=b0dc6af910165289d0a9b4663e6e48da79f1f92b42e1-c17c-4218-9d0e6a&sso=e4e74696-79544c110a21325cbc5d8bcf60ab1dec963efc26cac84a8b&ssp=37858907191782821720178280127132469&ssq=66412243293738940279332937249564914235062&ssr=NzUuNDkuMTI1LjIwOQ==&sst=Mozilla/5.0%20(Macintosh;%20Intel%20Mac%20OS%20X%2010_15_7)%20AppleWebKit/537.36%20(KHTML,%20like%20Gecko)%20Chrome/124.0%20Safari/537.36&ssu=&ssv=&ssw=&ssx=eyJfX3V6bWYiOiI3ZjkwMDBmOTJiNDJlMS1jMTdjLTQyMTgtOTY5Ni03OTU0NGMxMTBhMjExLTE3ODI4MzI5MzcxNTUwLTAwNDE4ZGMxMmQ4MDEwNjExODgxMCIsInJkIjoiaW9wLm9yZyIsInV6bXgiOiI3ZjkwMDA3M2Y5MDBhZC1jMWNkLTRiMDktYmQ1OS01MTQ2YzFmMDI1ZTkxLTE3ODI4MzI5MzcxNTUwLTEzMjdiMzJiZjI0MzQ1OTAxMCJ9",article,conference-abstract,True,high,"ECS Meeting Abstracts venue with single-page, 0 refs, and abstract-only record signals a meeting abstract.",False,200,
https://openalex.org/W2280419422,https://doi.org/10.1149/ma2015-02/40/1639,"https://validate.perfdrive.com/fb803c746e9148689b3984a31fccd902/?ssa=d5db993b-bc22-4a12-8695-86b058134066&ssb=58956261145&ssc=https%3A%2F%2Fiopscience.iop.org%2Farticle%2F10.1149%2FMA2015-02%2F40%2F1639&ssi=f16bebad-cnvj-4a8a-898e-0e96f2030f0a&ssk=botmanager_support@radware.com&ssm=35075661745568225105422665155188&ssn=b0dc6af962e3b1a6a3ab555fc3f348da79f11f097ca0-4126-4828-9d0e6a&sso=e4e74a3e-2a8f0b9c9369325cbc5d648dc92d88151938c096cac84a8b&ssp=37858907191782821720178280127132469&ssq=66412243293738940279332937249564914235062&ssr=NzUuNDkuMTI1LjIwOQ==&sst=Mozilla/5.0%20(Macintosh;%20Intel%20Mac%20OS%20X%2010_15_7)%20AppleWebKit/537.36%20(KHTML,%20like%20Gecko)%20Chrome/124.0%20Safari/537.36&ssu=&ssv=&ssw=&ssx=eyJyZCI6ImlvcC5vcmciLCJ1em14IjoiN2Y5MDAwMmUwODZhOGQtMzkwZC00NGFmLWE1NjQtMzczNjg3M2M2ZjdjMS0xNzgyODMyOTM3NTE4MC0xODY1NmQxYjVmMDZjYWFlMTAiLCJfX3V6bWYiOiI3ZjkwMDAxZjA5N2NhMC00MTI2LTQ4MjgtOWEzZS0yYThmMGI5YzkzNjkxLTE3ODI4MzI5Mzc1MTgwLTAwNGUwNWNhN2Y3MjVjODU0ZDkxMCJ9",article,conference-abstract,True,high,"ECS Meeting Abstracts venue with single-page (1639-1639), 0 references, and abstract-only record signals a conference abstract.",False,200,
https://openalex.org/W2281154478,https://doi.org/10.1149/ma2010-02/27/1713,"https://validate.perfdrive.com/fb803c746e9148689b3984a31fccd902/?ssa=54afaea4-4180-40a0-b7e8-fbf59f3e157b&ssb=58956261145&ssc=https%3A%2F%2Fiopscience.iop.org%2Farticle%2F10.1149%2FMA2010-02%2F27%2F1713&ssi=451ccbc7-cnvj-44a5-8cc9-491c25d1fcf5&ssk=botmanager_support@radware.com&ssm=35075661745568225105422665155188&ssn=b0dc6af921307f632b442200899848da79f16191694a-d091-4617-bd0e6a&sso=e4e74329-1631d4a5381a325cbc5d596299113738854491a8cac84a8b&ssp=37858907191782821720178280127132469&ssq=66412243293738940279332937249564914235062&ssr=NzUuNDkuMTI1LjIwOQ==&sst=Mozilla/5.0%20(Macintosh;%20Intel%20Mac%20OS%20X%2010_15_7)%20AppleWebKit/537.36%20(KHTML,%20like%20Gecko)%20Chrome/124.0%20Safari/537.36&ssu=&ssv=&ssw=&ssx=eyJfX3V6bWYiOiI3ZjkwMDA2MTkxNjk0YS1kMDkxLTQ2MTctYjMyOS0xNjMxZDRhNTM4MWExLTE3ODI4MzI5Mzc3NTkwLTAwNDAyZmIxY2U5OGQ3MTNiYTExMCIsInJkIjoiaW9wLm9yZyIsInV6bXgiOiI3ZjkwMDBiMWE3NWRjZi0xNzI5LTRhOTQtYjk0NC1jZDc0YzgwODY4YTExLTE3ODI4MzI5Mzc3NTkwLTZiMDVkNzM4MmVmMmYxMzExMCJ9",article,conference-abstract,True,high,Venue 'ECS Meeting Abstracts' with single page (1713-1713) and 0 references indicates a meeting abstract.,False,200,
https://openalex.org/W3184873183,https://doi.org/10.1149/ma2021-01571552mtgabs,"https://validate.perfdrive.com/fb803c746e9148689b3984a31fccd902/?ssa=12012ace-49cb-4fea-b34d-cde4d26d221b&ssb=87361225145&ssc=https%3A%2F%2Fiopscience.iop.org%2Farticle%2F10.1149%2FMA2021-01571552mtgabs&ssi=275622e6-cnvj-4930-ba29-bcbb4c8933b7&ssk=botmanager_support@radware.com&ssm=94674434855565170109280402798244&ssn=e3df7b79b814f0d99c7c2371717e0ee65f7ed397a9f3-4295-496d-a47263&sso=1f3312fb-978cd48f9bcfb23d89b436d020ff71f00efcb55c6b78924d&ssp=24118647971782894210178283219166087&ssq=36983293293835142003432938396153408379571&ssr=NzUuNDkuMTI1LjIwOQ==&sst=Mozilla/5.0%20(Macintosh;%20Intel%20Mac%20OS%20X%2010_15_7)%20AppleWebKit/537.36%20(KHTML,%20like%20Gecko)%20Chrome/124.0%20Safari/537.36&ssu=&ssv=&ssw=&ssx=eyJyZCI6ImlvcC5vcmciLCJfX3V6bWYiOiI3ZjkwMDBkMzk3YTlmMy00Mjk1LTQ5NmQtYTJmYi05NzhjZDQ4ZjliY2YxLTE3ODI4MzI5Mzg3NTgwLTAwNDY5NDE3ZmViNWVlYmE2NjYxMCIsInV6bXgiOiI3ZjkwMDAyZGFmMjc0NS1hMDBkLTQ5ZTUtOTFjYS1mMmQzNmVlNTJhNDUxLTE3ODI4MzI5Mzg3NTgwLWVkODlhMWM5MGZkY2FjM2YxMCJ9",article,conference-abstract,True,high,ECS Meeting Abstracts venue with single-page (1552-1552) and 0 references indicates a meeting abstract.,False,200,
https://openalex.org/W3213835676,https://doi.org/10.1136/bmjresp-2021-bssconf.51,https://doi.org/10.1136/bmjresp-2021-bssconf.51,article,conference-abstract,True,high,"Numbered conference item in 'Abstracts' supplement (BSS conference) with abstract-style A-pages, indicating an abstract-only record.",False,403,
https://openalex.org/W2322816691,https://doi.org/10.1149/ma2015-01/1/77,"https://validate.perfdrive.com/fb803c746e9148689b3984a31fccd902/?ssa=e2aaac14-0866-450b-b951-435d8be6d6a8&ssb=80327219763&ssc=https%3A%2F%2Fiopscience.iop.org%2Farticle%2F10.1149%2FMA2015-01%2F1%2F77&ssi=ddce32f4-cnvj-48a9-baf8-0b76887b8b78&ssk=botmanager_support@radware.com&ssm=95965232248830338102793993052914&ssn=cb52b92491bd768cb6106f64d30280e5e0ade91ae18d-68dd-44b5-9ec93c&sso=fabfe152-2a942f87f9989c23b45eba391757635c52d23e7cae6ae570&ssp=31603219411782815974178285666541382&ssq=20491953293935196085732939502222396440500&ssr=NzUuNDkuMTI1LjIwOQ==&sst=Mozilla/5.0%20(Macintosh;%20Intel%20Mac%20OS%20X%2010_15_7)%20AppleWebKit/537.36%20(KHTML,%20like%20Gecko)%20Chrome/124.0%20Safari/537.36&ssu=&ssv=&ssw=&ssx=eyJ1em14IjoiN2Y5MDAwNzhjYTU3NGItM2M3MS00YTMzLTkzMTMtNmRiYzZiM2RhNmMyMS0xNzgyODMyOTM5MjEwMC0zNTRjOWIzNGQyOGY5YTFjMTAiLCJfX3V6bWYiOiI3ZjkwMDBlOTFhZTE4ZC02OGRkLTQ0YjUtOTE1Mi0yYTk0MmY4N2Y5OTgxLTE3ODI4MzI5MzkyMTAwLTAwNGU1ZjcyODJmMzU5Mzg0NTIxMCIsInJkIjoiaW9wLm9yZyJ9",article,conference-abstract,True,high,Venue 'ECS Meeting Abstracts' with single-page (77-77) and 0 references indicates a meeting abstract.,False,200,
https://openalex.org/W4405594084,https://doi.org/10.1149/ma2024-02151mtgabs,"https://validate.perfdrive.com/fb803c746e9148689b3984a31fccd902/?ssa=79f9223d-b933-457f-be05-6bea6beafdd9&ssb=87361225145&ssc=https%3A%2F%2Fiopscience.iop.org%2Farticle%2F10.1149%2FMA2024-02151mtgabs&ssi=bacd55bc-cnvj-4078-a9b2-e8bbb7640eb9&ssk=botmanager_support@radware.com&ssm=94674434855565170109280402798244&ssn=e3df7b79479b65be0d2130d258900ee65f7ec5bf7ce4-9ac0-42e9-b47263&sso=1f331a2e-d3e821ce5572b23d89b4b59a50d949653d8b21516b78924d&ssp=24118647971782894210178283219166087&ssq=36983293293835142003432938396153408379571&ssr=NzUuNDkuMTI1LjIwOQ==&sst=Mozilla/5.0%20(Macintosh;%20Intel%20Mac%20OS%20X%2010_15_7)%20AppleWebKit/537.36%20(KHTML,%20like%20Gecko)%20Chrome/124.0%20Safari/537.36&ssu=&ssv=&ssw=&ssx=eyJyZCI6ImlvcC5vcmciLCJ1em14IjoiN2Y5MDAwMWIzODVjZmYtOGIxMy00MTNlLWIwZGItNWViNGI5YjQ5NjYxMS0xNzgyODMyOTM4OTQ0MC01MzJhZWRkNGQ2YTYwY2FlMTAiLCJfX3V6bWYiOiI3ZjkwMDBjNWJmN2NlNC05YWMwLTQyZTktYmEyZS1kM2U4MjFjZTU1NzIxLTE3ODI4MzI5Mzg5NDQwLTAwNGJkZmUxMWYxNDExYTUxZGQxMCJ9",article,conference-abstract,True,high,ECS Meeting Abstracts venue with single-page (51-51) and zero references indicates a meeting abstract.,False,200,
https://openalex.org/W2281692611,https://doi.org/10.1149/ma2009-01/19/799,"https://validate.perfdrive.com/fb803c746e9148689b3984a31fccd902/?ssa=f5b39227-86f1-4e77-9c43-82adc3508674&ssb=87361225145&ssc=https%3A%2F%2Fiopscience.iop.org%2Farticle%2F10.1149%2FMA2009-01%2F19%2F799&ssi=85d80b45-cnvj-462b-a9a0-0acf27190ae5&ssk=botmanager_support@radware.com&ssm=94674434855565170109280402798244&ssn=e3df7b79fec193c4a75cad9b8c770ee65f7e33219edd-ad9c-498b-a47263&sso=1f331def-875873c9c274b23d89b4aa6783ebefe145f142646b78924d&ssp=24118647971782894210178283219166087&ssq=36983293293835142003432938396153408379571&ssr=NzUuNDkuMTI1LjIwOQ==&sst=Mozilla/5.0%20(Macintosh;%20Intel%20Mac%20OS%20X%2010_15_7)%20AppleWebKit/537.36%20(KHTML,%20like%20Gecko)%20Chrome/124.0%20Safari/537.36&ssu=&ssv=&ssw=&ssx=eyJ1em14IjoiN2Y5MDAwMTU5MjE0ZGYtOWFkYS00NjA0LWJmYzMtYzY0N2VlYWQwODNkMS0xNzgyODMyOTM4ODg4MC1iMGFjMjczZmQ3YzdiYTdlMTAiLCJfX3V6bWYiOiI3ZjkwMDAzMzIxOWVkZC1hZDljLTQ5OGItYWRlZi04NzU4NzNjOWMyNzQxLTE3ODI4MzI5Mzg4ODgwLTAwNDQ3NThjY2EyNGQ3ZTlhMmIxMCIsInJkIjoiaW9wLm9yZyJ9",article,conference-abstract,True,high,Venue 'ECS Meeting Abstracts' with single-page (799-799) and 0 references indicates a meeting abstract.,False,200,
https://openalex.org/W4405594189,https://doi.org/10.1149/ma2024-02189mtgabs,"https://validate.perfdrive.com/fb803c746e9148689b3984a31fccd902/?ssa=e749bcba-aa1c-4957-98e7-fced2b462b38&ssb=80327219763&ssc=https%3A%2F%2Fiopscience.iop.org%2Farticle%2F10.1149%2FMA2024-02189mtgabs&ssi=b082f291-cnvj-4cdc-9eb8-113d60a32e40&ssk=botmanager_support@radware.com&ssm=95965232248830338102793993052914&ssn=cb52b9244caafc7c4d5484b740c680e5e0ade4e67d00-3180-470e-aec93c&sso=fabfeaa6-eab076d216ba9c23b45e01fca3127df4b3cdfc9bae6ae570&ssp=31603219411782815974178285666541382&ssq=20491953293935196085732939502222396440500&ssr=NzUuNDkuMTI1LjIwOQ==&sst=Mozilla/5.0%20(Macintosh;%20Intel%20Mac%20OS%20X%2010_15_7)%20AppleWebKit/537.36%20(KHTML,%20like%20Gecko)%20Chrome/124.0%20Safari/537.36&ssu=&ssv=&ssw=&ssx=eyJfX3V6bWYiOiI3ZjkwMDBlNGU2N2QwMC0zMTgwLTQ3MGUtYWFhNi1lYWIwNzZkMjE2YmExLTE3ODI4MzI5MzkwMjkwLTAwNGE1ZWNiY2Q3OTE1YWI2MGMxMCIsInJkIjoiaW9wLm9yZyIsInV6bXgiOiI3ZjkwMDBiZGEzNWM2ZC01MTg4LTRiMWEtODllMC01Nzk1M2I0ZWE0ODYxLTE3ODI4MzI5MzkwMjkwLWZjMDA5OGIyY2IyNzk1NWMxMCJ9",article,conference-abstract,True,high,ECS Meeting Abstracts venue with single page (89-89) and 0 references indicates an abstract-only meeting record.,False,200,
https://openalex.org/W4416615416,https://doi.org/10.1149/ma2025-023502mtgabs,"https://validate.perfdrive.com/fb803c746e9148689b3984a31fccd902/?ssa=73e6caa4-248e-4f5e-bc6a-51cb158be50c&ssb=80327219763&ssc=https%3A%2F%2Fiopscience.iop.org%2Farticle%2F10.1149%2FMA2025-023502mtgabs&ssi=8a5a87fb-cnvj-4881-a1fa-85d2367c8aff&ssk=botmanager_support@radware.com&ssm=95965232248830338102793993052914&ssn=cb52b9248e69fdde453280849b3780e5e0add1600f5e-e0d2-49be-bec93c&sso=fabfe1b9-383fb1369aab9c23b45e7220e8c13c910696735dae6ae570&ssp=31603219411782815974178285666541382&ssq=20491953293935196085732939502222396440500&ssr=NzUuNDkuMTI1LjIwOQ==&sst=Mozilla/5.0%20(Macintosh;%20Intel%20Mac%20OS%20X%2010_15_7)%20AppleWebKit/537.36%20(KHTML,%20like%20Gecko)%20Chrome/124.0%20Safari/537.36&ssu=&ssv=&ssw=&ssx=eyJfX3V6bWYiOiI3ZjkwMDBkMTYwMGY1ZS1lMGQyLTQ5YmUtYjFiOS0zODNmYjEzNjlhYWIxLTE3ODI4MzI5MzkyNjgwLTAwNDk2YmZkZDRmODA0NjE4MDExMCIsInV6bXgiOiI3ZjkwMDAwMTg4ZWVhZC0zOTNmLTQzMjUtOTAxMy0xYTAxMmI0YzNlNzAxLTE3ODI4MzI5MzkyNjgwLWZjMjg3MjM1ZWI0NmY3YWIxMCIsInJkIjoiaW9wLm9yZyJ9",article,conference-abstract,True,high,Venue 'ECS Meeting Abstracts' with single-page (502-502) abstract and 0 references signals a meeting abstract.,False,200,
https://openalex.org/W2345729073,https://doi.org/10.1149/ma2016-03/2/341,"https://validate.perfdrive.com/fb803c746e9148689b3984a31fccd902/?ssa=e76c101c-2ab9-4e56-8373-03a55b664f76&ssb=80327219763&ssc=https%3A%2F%2Fiopscience.iop.org%2Farticle%2F10.1149%2FMA2016-03%2F2%2F341&ssi=67bc6421-cnvj-4c85-b348-035708cf528f&ssk=botmanager_support@radware.com&ssm=95965232248830338102793993052914&ssn=cb52b924cf25dddbb70ebb436f2880e5e0ad4c0794d9-2c48-46ef-bec93c&sso=fabfeba1-f1654a4836ef9c23b45e6cf76870354dbb83ee69ae6ae570&ssp=31603219411782815974178285666541382&ssq=20491953293935196085732939502222396440500&ssr=NzUuNDkuMTI1LjIwOQ==&sst=Mozilla/5.0%20(Macintosh;%20Intel%20Mac%20OS%20X%2010_15_7)%20AppleWebKit/537.36%20(KHTML,%20like%20Gecko)%20Chrome/124.0%20Safari/537.36&ssu=&ssv=&ssw=&ssx=eyJ1em14IjoiN2Y5MDAwMzFiZmM4YWQtN2IyMi00MzJkLWFhMTctMjJjNzY0ZTlmMWI2MS0xNzgyODMyOTM5Njc3MC1hMzBjOTIwOTc1YWE3NTQzMTAiLCJfX3V6bWYiOiI3ZjkwMDA0YzA3OTRkOS0yYzQ4LTQ2ZWYtYmJhMS1mMTY1NGE0ODM2ZWYxLTE3ODI4MzI5Mzk2NzcwLTAwNDU2M2IzYzQ3OWRiNDgwMmYxMCIsInJkIjoiaW9wLm9yZyJ9",article,conference-abstract,True,high,ECS Meeting Abstracts venue with single-page (341-341) and 0 references indicates a meeting abstract.,False,200,
https://openalex.org/W2677680392,https://doi.org/10.1149/ma2008-02/2/278,"https://validate.perfdrive.com/fb803c746e9148689b3984a31fccd902/?ssa=71f500d2-42e3-42ba-82ab-87cd97702c3d&ssb=80327219763&ssc=https%3A%2F%2Fiopscience.iop.org%2Farticle%2F10.1149%2FMA2008-02%2F2%2F278&ssi=67c3629b-cnvj-45aa-953b-b53d4630f3ec&ssk=botmanager_support@radware.com&ssm=95965232248830338102793993052914&ssn=cb52b92498bc24d387328e73fbae80e5e0ad1c536b6a-de69-486a-8ec93c&sso=fabfe257-1d907c3160a89c23b45e3d238385d640360c57bdae6ae570&ssp=31603219411782815974178285666541382&ssq=20491953293935196085732939502222396440500&ssr=NzUuNDkuMTI1LjIwOQ==&sst=Mozilla/5.0%20(Macintosh;%20Intel%20Mac%20OS%20X%2010_15_7)%20AppleWebKit/537.36%20(KHTML,%20like%20Gecko)%20Chrome/124.0%20Safari/537.36&ssu=&ssv=&ssw=&ssx=eyJyZCI6ImlvcC5vcmciLCJfX3V6bWYiOiI3ZjkwMDAxYzUzNmI2YS1kZTY5LTQ4NmEtODI1Ny0xZDkwN2MzMTYwYTgxLTE3ODI4MzI5Mzk0NDkwLTAwNDM4NzMzMmU0YmI3MTYyMGYxMCIsInV6bXgiOiI3ZjkwMDA0MzU1MDZlMy1kODVmLTQxZGItYmU4My0yZGM2YWI5YTAxYTcxLTE3ODI4MzI5Mzk0NDkwLTNiNTEyNTA0M2Q4OWU2YmMxMCJ9",article,conference-abstract,True,high,"Venue is ECS Meeting Abstracts with single-page (278-278) and zero references, indicating an abstract-only meeting record.",False,200,
https://openalex.org/W3113693913,https://doi.org/10.1149/ma2020-02362343mtgabs,"https://validate.perfdrive.com/fb803c746e9148689b3984a31fccd902/?ssa=3ed081e2-6a64-4c2f-a7c7-4b9ba8796842&ssb=80026203184&ssc=https%3A%2F%2Fiopscience.iop.org%2Farticle%2F10.1149%2FMA2020-02362343mtgabs&ssi=f342211a-cnvj-4c07-b812-77d27f0b2b71&ssk=botmanager_support@radware.com&ssm=02044833870038237106503432196079&ssn=1d9b42052d5f3250fb1f445f921ced3c492ee152f750-3925-47fb-9e320c&sso=6d4bb889-588619caba8be6c8afe2f1019681f24d4ee425ea108c17f6&ssp=17733221611782831849178285373558046&ssq=82267333294053924863732940744967983570100&ssr=NzUuNDkuMTI1LjIwOQ==&sst=Mozilla/5.0%20(Macintosh;%20Intel%20Mac%20OS%20X%2010_15_7)%20AppleWebKit/537.36%20(KHTML,%20like%20Gecko)%20Chrome/124.0%20Safari/537.36&ssu=&ssv=&ssw=&ssx=eyJfX3V6bWYiOiI3ZjkwMDBlMTUyZjc1MC0zOTI1LTQ3ZmItOTg4OS01ODg2MTljYWJhOGIxLTE3ODI4MzI5NDAxNjgwLTAwNDg4ZDQ2ZDc2ZTdlYzk5ZDYxMCIsInJkIjoiaW9wLm9yZyIsInV6bXgiOiI3ZjkwMDBjMmI1NTNhOS03MTc2LTRmMDItYWJiYS03ZGNjNzVkYzQ1MDgxLTE3ODI4MzI5NDAxNjgwLWVmZDgzYmZmMzA2Nzc0ZjgxMCJ9",article,conference-abstract,True,high,"ECS Meeting Abstracts venue, single page (2343-2343), and 0 references indicate an abstract-only meeting record.",False,200,
https://openalex.org/W4238594963,https://doi.org/10.1149/ma2016-02/30/1956,"https://validate.perfdrive.com/fb803c746e9148689b3984a31fccd902/?ssa=2374ed09-f08c-4ec5-b611-bfa62ca2abab&ssb=80327219763&ssc=https%3A%2F%2Fiopscience.iop.org%2Farticle%2F10.1149%2FMA2016-02%2F30%2F1956&ssi=c5b9f6fd-cnvj-4e57-b99c-e54ece63ff3b&ssk=botmanager_support@radware.com&ssm=95965232248830338102793993052914&ssn=cb52b92430d4851ca75a04e9368f80e5e0adfda48c0b-0c87-48d8-8ec93c&sso=fabfe214-4b32ccd48d859c23b45ec4e1a8cd000090b3a34dae6ae570&ssp=31603219411782815974178285666541382&ssq=20491953293935196085732939502222396440500&ssr=NzUuNDkuMTI1LjIwOQ==&sst=Mozilla/5.0%20(Macintosh;%20Intel%20Mac%20OS%20X%2010_15_7)%20AppleWebKit/537.36%20(KHTML,%20like%20Gecko)%20Chrome/124.0%20Safari/537.36&ssu=&ssv=&ssw=&ssx=eyJfX3V6bWYiOiI3ZjkwMDBmZGE0OGMwYi0wYzg3LTQ4ZDgtODIxNC00YjMyY2NkNDhkODUxLTE3ODI4MzI5MzkwMTYwLTAwNDdmM2RlYTIwNzY3ZGY3NjYxMCIsInV6bXgiOiI3ZjkwMDBjYTEzOWZiMi0zZmIwLTRhNWEtOTQwOS1hZjJiMThkZTZlNTIxLTE3ODI4MzI5MzkwMTYwLTZiZWI5MTJlNjA4YWZkMDMxMCIsInJkIjoiaW9wLm9yZyJ9",article,conference-abstract,True,high,ECS Meeting Abstracts venue with single-page (1956-1956) and 0 references indicates an abstract-only meeting record.,False,200,
https://openalex.org/W2299195299,https://doi.org/10.1149/ma2016-03/2/987,"https://validate.perfdrive.com/fb803c746e9148689b3984a31fccd902/?ssa=53f4e0b1-f6df-4997-9c7c-7736645059b9&ssb=80026203184&ssc=https%3A%2F%2Fiopscience.iop.org%2Farticle%2F10.1149%2FMA2016-03%2F2%2F987&ssi=4cddde21-cnvj-4c67-9f54-54da62d1e26f&ssk=botmanager_support@radware.com&ssm=02044833870038237106503432196079&ssn=1d9b42058fa0d18c8d62f4811699ed3c492e5e5978c9-bbdd-40b0-ae320c&sso=6d4bb8ff-390d39a7bf0be6c8afe2e938eee343653394e3fb108c17f6&ssp=17733221611782831849178285373558046&ssq=82267333294053924863732940744967983570100&ssr=NzUuNDkuMTI1LjIwOQ==&sst=Mozilla/5.0%20(Macintosh;%20Intel%20Mac%20OS%20X%2010_15_7)%20AppleWebKit/537.36%20(KHTML,%20like%20Gecko)%20Chrome/124.0%20Safari/537.36&ssu=&ssv=&ssw=&ssx=eyJfX3V6bWYiOiI3ZjkwMDA1ZTU5NzhjOS1iYmRkLTQwYjAtYThmZi0zOTBkMzlhN2JmMGIxLTE3ODI4MzI5NDAyMzYwLTAwNDA3YTdjZTZkMDQzYWM5MTQxMCIsInV6bXgiOiI3ZjkwMDBjMWVmMjQ1NC1kY2VhLTQ0YzItOWY3Ni0yYTIwYWYyMGRjNTgxLTE3ODI4MzI5NDAyMzYwLTY5YWZhMzI1MDQzN2U5MmIxMCIsInJkIjoiaW9wLm9yZyJ9",article,conference-abstract,True,high,"ECS Meeting Abstracts venue, single-page (987-987), 0 references — an abstract-only meeting record.",False,200,
https://openalex.org/W3114625864,https://doi.org/10.1149/ma2020-022371mtgabs,"https://validate.perfdrive.com/fb803c746e9148689b3984a31fccd902/?ssa=26713547-542e-4bf8-ad6c-3c7329255258&ssb=87361225145&ssc=https%3A%2F%2Fiopscience.iop.org%2Farticle%2F10.1149%2FMA2020-022371mtgabs&ssi=8179a351-cnvj-487e-9ad5-514acd3d2968&ssk=botmanager_support@radware.com&ssm=94674434855565170109280402798244&ssn=e3df7b79de879dde494faa036dc90ee65f7e5978a187-ddcb-415e-947263&sso=1f3319c5-24090fe2ffbbb23d89b47cca3b1971f4a8896be56b78924d&ssp=24118647971782894210178283219166087&ssq=36983293293835142003432938396153408379571&ssr=NzUuNDkuMTI1LjIwOQ==&sst=Mozilla/5.0%20(Macintosh;%20Intel%20Mac%20OS%20X%2010_15_7)%20AppleWebKit/537.36%20(KHTML,%20like%20Gecko)%20Chrome/124.0%20Safari/537.36&ssu=&ssv=&ssw=&ssx=eyJfX3V6bWYiOiI3ZjkwMDA1OTc4YTE4Ny1kZGNiLTQxNWUtOTljNS0yNDA5MGZlMmZmYmIxLTE3ODI4MzI5Mzg3NjIwLTAwNGY0MDQ2N2VmM2E3MTAxMGYxMCIsInV6bXgiOiI3ZjkwMDBmMjNmMzJmOC0yMmM5LTQ1ZTAtYWIwYS1kNTYzNzc4NTFlNTcxLTE3ODI4MzI5Mzg3NjIwLWRjNzZiNDMwY2ZiODJkYmQxMCIsInJkIjoiaW9wLm9yZyJ9",article,conference-abstract,True,high,ECS Meeting Abstracts venue with single page 371-371 and 0 references indicates an abstract-only record.,False,200,
https://openalex.org/W2280988096,https://doi.org/10.1149/ma2007-01/36/1323,"https://validate.perfdrive.com/fb803c746e9148689b3984a31fccd902/?ssa=036c4503-bbaf-4be8-a712-5ce566a1b5ff&ssb=80327219763&ssc=https%3A%2F%2Fiopscience.iop.org%2Farticle%2F10.1149%2FMA2007-01%2F36%2F1323&ssi=0a9da0db-cnvj-4eda-bae1-21be73246baf&ssk=botmanager_support@radware.com&ssm=95965232248830338102793993052914&ssn=cb52b9244aef1222ec1cfae44cc280e5e0ada136bc3d-c630-4c55-aec93c&sso=fabfe8a6-eff02cabc3ef9c23b45e0895d17a88905d00420fae6ae570&ssp=31603219411782815974178285666541382&ssq=20491953293935196085732939502222396440500&ssr=NzUuNDkuMTI1LjIwOQ==&sst=Mozilla/5.0%20(Macintosh;%20Intel%20Mac%20OS%20X%2010_15_7)%20AppleWebKit/537.36%20(KHTML,%20like%20Gecko)%20Chrome/124.0%20Safari/537.36&ssu=&ssv=&ssw=&ssx=eyJ1em14IjoiN2Y5MDAwN2U3YzZmNzQtMTE2Yy00MTQ5LTg2ZTAtZjM5YzI5MDVjMDAyMS0xNzgyODMyOTM5NDcyMC1iMDUyYWEyZTFmODBjYzQ0MTAiLCJfX3V6bWYiOiI3ZjkwMDBhMTM2YmMzZC1jNjMwLTRjNTUtYThhNi1lZmYwMmNhYmMzZWYxLTE3ODI4MzI5Mzk0NzIwLTAwNGM4Y2NkNjBmZWM4MDZhNzcxMCIsInJkIjoiaW9wLm9yZyJ9",article,conference-abstract,True,high,"Published in ECS Meeting Abstracts with single page (1323-1323) and 0 references, indicating an abstract-only meeting record.",False,200,
https://openalex.org/W4249143203,https://doi.org/10.1149/ma2019-01/2/246,"https://validate.perfdrive.com/fb803c746e9148689b3984a31fccd902/?ssa=23e85ed4-147f-42e8-90af-9e941068534e&ssb=80327219763&ssc=https%3A%2F%2Fiopscience.iop.org%2Farticle%2F10.1149%2FMA2019-01%2F2%2F246&ssi=dd810509-cnvj-471a-a504-49dc083dbdc2&ssk=botmanager_support@radware.com&ssm=95965232248830338102793993052914&ssn=cb52b924cfbde92461ba3d7130fb80e5e0adfdbff058-74da-4b84-bec93c&sso=fabfebca-bbfb129a93699c23b45eb60f1bb718629a382db7ae6ae570&ssp=31603219411782815974178285666541382&ssq=20491953293935196085732939502222396440500&ssr=NzUuNDkuMTI1LjIwOQ==&sst=Mozilla/5.0%20(Macintosh;%20Intel%20Mac%20OS%20X%2010_15_7)%20AppleWebKit/537.36%20(KHTML,%20like%20Gecko)%20Chrome/124.0%20Safari/537.36&ssu=&ssv=&ssw=&ssx=eyJfX3V6bWYiOiI3ZjkwMDBmZGJmZjA1OC03NGRhLTRiODQtYmJjYS1iYmZiMTI5YTkzNjkxLTE3ODI4MzI5MzkyNjcwLTAwNGIyYTQ3ZDBmZDA4OGMzOTQxMCIsInJkIjoiaW9wLm9yZyIsInV6bXgiOiI3ZjkwMDBmMmIzYTllNy0zM2VjLTRlMDctYTVkNS1lMTkyNzYyOTM5ZmYxLTE3ODI4MzI5MzkyNjcwLTBiZjZjNzU2YTMxZTZmMmQxMCJ9",article,conference-abstract,True,high,"ECS Meeting Abstracts venue, single page, 0 references — an abstract-only meeting record.",False,200,
https://openalex.org/W4254097794,https://doi.org/10.1149/ma2016-01/43/2138,"https://validate.perfdrive.com/fb803c746e9148689b3984a31fccd902/?ssa=a3eaa756-129e-4e07-8b51-9db9fcfb0ae8&ssb=94802296710&ssc=https%3A%2F%2Fiopscience.iop.org%2Farticle%2F10.1149%2FMA2016-01%2F43%2F2138&ssi=900439c2-cnvj-4ba1-8e45-f43a411a8663&ssk=botmanager_support@radware.com&ssm=40418908514094231106836251991364&ssn=1f91616b5c83aeb1c067f920aef1e81130415c59501e-6b75-477f-9a4308&sso=ab0ed7bd-64ba056bd49f974376d8b0f420e111f06a170c11273c5b7e&ssp=31707546401782839937178281197083318&ssq=40703443294111550539832941289842305050847&ssr=NzUuNDkuMTI1LjIwOQ==&sst=Mozilla/5.0%20(Macintosh;%20Intel%20Mac%20OS%20X%2010_15_7)%20AppleWebKit/537.36%20(KHTML,%20like%20Gecko)%20Chrome/124.0%20Safari/537.36&ssu=&ssv=&ssw=&ssx=eyJfX3V6bWYiOiI3ZjkwMDA1YzU5NTAxZS02Yjc1LTQ3N2YtOTdiZC02NGJhMDU2YmQ0OWYxLTE3ODI4MzI5NDEzNDUwLTAwNDRkZDViOWZmYTVjNmFjYTMxMCIsInJkIjoiaW9wLm9yZyIsInV6bXgiOiI3ZjkwMDA5NmJmN2Q0Ny1mZDhlLTQ3OWItODdiMi0wMzUwMzM0Y2ZkNTMxLTE3ODI4MzI5NDEzNDUwLWVkNjYyZDJlZmFkZTM5NTMxMCJ9",article,conference-abstract,True,high,Venue 'ECS Meeting Abstracts' with single-page (2138-2138) and 0 references indicates an abstract-only meeting record.,False,200,
https://openalex.org/W4235731707,https://doi.org/10.1149/ma2014-02/21/1225,"https://validate.perfdrive.com/fb803c746e9148689b3984a31fccd902/?ssa=6e095540-ccc0-4e96-9955-01772a17874c&ssb=94802296710&ssc=https%3A%2F%2Fiopscience.iop.org%2Farticle%2F10.1149%2FMA2014-02%2F21%2F1225&ssi=12c6d562-cnvj-4547-88c3-9ea037994f94&ssk=botmanager_support@radware.com&ssm=40418908514094231106836251991364&ssn=1f91616bf9b74b80d26c8cc70826e8113041edb66607-5dd3-46d7-aa4308&sso=ab0edbbf-38902f45fc6c974376d8e076e23caef818cc9651273c5b7e&ssp=31707546401782839937178281197083318&ssq=40703443294111550539832941289842305050847&ssr=NzUuNDkuMTI1LjIwOQ==&sst=Mozilla/5.0%20(Macintosh;%20Intel%20Mac%20OS%20X%2010_15_7)%20AppleWebKit/537.36%20(KHTML,%20like%20Gecko)%20Chrome/124.0%20Safari/537.36&ssu=&ssv=&ssw=&ssx=eyJfX3V6bWYiOiI3ZjkwMDBlZGI2NjYwNy01ZGQzLTQ2ZDctYWJiZi0zODkwMmY0NWZjNmMxLTE3ODI4MzI5NDE3NjUwLTAwNDZjYWFlYTMyNTcwYmYwNzMxMCIsInJkIjoiaW9wLm9yZyIsInV6bXgiOiI3ZjkwMDBmNzNjNTJlNS00MmVkLTRhOTgtODFjMS1hYzU5NDE0NzQyODMxLTE3ODI4MzI5NDE3NjUwLTQ5NDI4YWYzYmVlZmJmY2QxMCJ9",article,conference-abstract,True,high,ECS Meeting Abstracts venue with single-page record and 0 references indicates an abstract-only proceedings entry.,False,200,
https://openalex.org/W4251419241,https://doi.org/10.1149/ma2012-02/43/3221,"https://validate.perfdrive.com/fb803c746e9148689b3984a31fccd902/?ssa=53781501-9388-4e7d-b31d-e1a8bd04ef3e&ssb=94802296710&ssc=https%3A%2F%2Fiopscience.iop.org%2Farticle%2F10.1149%2FMA2012-02%2F43%2F3221&ssi=8c817864-cnvj-4e98-b68f-6af85a5db358&ssk=botmanager_support@radware.com&ssm=40418908514094231106836251991364&ssn=1f91616ba51a74429d92bc172cb5e811304116592ade-944f-44af-ba4308&sso=ab0edf3f-23196d3b8479974376d897f0e2feeea533f12236273c5b7e&ssp=31707546401782839937178281197083318&ssq=40703443294111550539832941289842305050847&ssr=NzUuNDkuMTI1LjIwOQ==&sst=Mozilla/5.0%20(Macintosh;%20Intel%20Mac%20OS%20X%2010_15_7)%20AppleWebKit/537.36%20(KHTML,%20like%20Gecko)%20Chrome/124.0%20Safari/537.36&ssu=&ssv=&ssw=&ssx=eyJyZCI6ImlvcC5vcmciLCJ1em14IjoiN2Y5MDAwNTcwYzU2MjItYTgxNC00MTMwLWJlMDItNmY1ZGI4MTBmZjk4MS0xNzgyODMyOTQxODkwMC03YWIyNmY0OTU1NTI5YzczMTAiLCJfX3V6bWYiOiI3ZjkwMDAxNjU5MmFkZS05NDRmLTQ0YWYtYmYzZi0yMzE5NmQzYjg0NzkxLTE3ODI4MzI5NDE4OTAwLTAwNDM3ZGZmY2U3ZDAzYjY3NjAxMCJ9",article,conference-abstract,True,high,ECS Meeting Abstracts venue with single-page record and 0 references indicates a meeting abstract.,False,200,
https://openalex.org/W2603387421,https://doi.org/10.1149/ma2010-02/1/48,"https://validate.perfdrive.com/fb803c746e9148689b3984a31fccd902/?ssa=f6d0a1b7-ee67-4d7d-a566-c4d9b6871638&ssb=80026203184&ssc=https%3A%2F%2Fiopscience.iop.org%2Farticle%2F10.1149%2FMA2010-02%2F1%2F48&ssi=022d1fc7-cnvj-4d5e-8415-843e4eb1aa54&ssk=botmanager_support@radware.com&ssm=02044833870038237106503432196079&ssn=1d9b4205aebada8663ec24078dc7ed3c492e3d3c6655-a272-43aa-ae320c&sso=6d4bb9f5-ba4b01ff1a52e6c8afe27b6cf20148d7aed6b8b2108c17f6&ssp=17733221611782831849178285373558046&ssq=82267333294053924863732940744967983570100&ssr=NzUuNDkuMTI1LjIwOQ==&sst=Mozilla/5.0%20(Macintosh;%20Intel%20Mac%20OS%20X%2010_15_7)%20AppleWebKit/537.36%20(KHTML,%20like%20Gecko)%20Chrome/124.0%20Safari/537.36&ssu=&ssv=&ssw=&ssx=eyJfX3V6bWYiOiI3ZjkwMDAzZDNjNjY1NS1hMjcyLTQzYWEtYTlmNS1iYTRiMDFmZjFhNTIxLTE3ODI4MzI5NDA5MTYwLTAwNGM3ZjkzYjE1NjQ3NjQ5ZDcxMCIsInJkIjoiaW9wLm9yZyIsInV6bXgiOiI3ZjkwMDAwMjM0MWMwZS02ZDk1LTQzODQtOWU3YS1iNGUwZTQ3YTk1OGYxLTE3ODI4MzI5NDA5MTYwLTg0MDM4MzM2YzRjYjdlMTAxMCJ9",article,conference-abstract,True,high,Venue 'ECS Meeting Abstracts' with single-page (48-48) and zero references indicates a meeting abstract.,False,200,
https://openalex.org/W4416611989,https://doi.org/10.1149/ma2025-031345mtgabs,"https://validate.perfdrive.com/fb803c746e9148689b3984a31fccd902/?ssa=f816cc72-9394-49d9-9820-9b1c179f1440&ssb=26503229484&ssc=https%3A%2F%2Fiopscience.iop.org%2Farticle%2F10.1149%2FMA2025-031345mtgabs&ssi=a89a43cc-cnvj-43cc-9c6d-31e0bc58468b&ssk=botmanager_support@radware.com&ssm=07906321673762381107724414854987&ssn=2687e4e5c182846123ebde94124686aedfabe131d32f-a4ce-4362-9c88fa&sso=836cac7c-30552fc2ddc6c49cad63959c80b5a5b4b1e6e0857caf9beb&ssp=07756873101782896402178285898558504&ssq=23241773294210562069732942861379865112636&ssr=NzUuNDkuMTI1LjIwOQ==&sst=Mozilla/5.0%20(Macintosh;%20Intel%20Mac%20OS%20X%2010_15_7)%20AppleWebKit/537.36%20(KHTML,%20like%20Gecko)%20Chrome/124.0%20Safari/537.36&ssu=&ssv=&ssw=&ssx=eyJyZCI6ImlvcC5vcmciLCJfX3V6bWYiOiI3ZjkwMDBlMTMxZDMyZi1hNGNlLTQzNjItOWM3Yy0zMDU1MmZjMmRkYzYxLTE3ODI4MzI5NDIxMTEwLTAwNGIzZGYxZmViOWJhNTdhYzAxMCIsInV6bXgiOiI3ZjkwMDA0OTYxMDYwMS0yN2YxLTQwNWQtOGQ2Ny1lMGY4Yjc5MWJkMDMxLTE3ODI4MzI5NDIxMTEwLTM3ODc5ZGFlOGIzYzQ1NjAxMCJ9",article,conference-abstract,True,high,ECS Meeting Abstracts venue with single-page (345-345) and zero references signals an abstract-only meeting record.,False,200,
https://openalex.org/W2601017606,https://doi.org/10.1149/ma2014-01/2/265,"https://validate.perfdrive.com/fb803c746e9148689b3984a31fccd902/?ssa=263cade1-05df-41e7-a076-88f138815bcc&ssb=94802296710&ssc=https%3A%2F%2Fiopscience.iop.org%2Farticle%2F10.1149%2FMA2014-01%2F2%2F265&ssi=ca7a7e25-cnvj-49b4-8e17-8dcf8bc80875&ssk=botmanager_support@radware.com&ssm=40418908514094231106836251991364&ssn=1f91616be3b5c52efba88e374bb5e8113041bb2f94f1-3f24-468b-ba4308&sso=ab0ed321-184dd59f6c96974376d818895b6d47f6d8f07fe2273c5b7e&ssp=31707546401782839937178281197083318&ssq=40703443294111550539832941289842305050847&ssr=NzUuNDkuMTI1LjIwOQ==&sst=Mozilla/5.0%20(Macintosh;%20Intel%20Mac%20OS%20X%2010_15_7)%20AppleWebKit/537.36%20(KHTML,%20like%20Gecko)%20Chrome/124.0%20Safari/537.36&ssu=&ssv=&ssw=&ssx=eyJyZCI6ImlvcC5vcmciLCJ1em14IjoiN2Y5MDAwNmE4ZWVjZmQtZjJiOC00N2I4LWI2YTUtYzcxMjUwODdlOGU5MS0xNzgyODMyOTQxODM5MC1jOTU4MWQ4N2ZiYTJhNGEzMTAiLCJfX3V6bWYiOiI3ZjkwMDBiYjJmOTRmMS0zZjI0LTQ2OGItYjMyMS0xODRkZDU5ZjZjOTYxLTE3ODI4MzI5NDE4MzkwLTAwNDRkNjc1M2Y5YzQ1OTg4MjkxMCJ9",article,conference-abstract,True,high,ECS Meeting Abstracts venue with single-page (265-265) and zero references signals an abstract-only meeting record.,False,200,
https://openalex.org/W4288737828,https://doi.org/10.1136/bmjoq-2022-iss.2,https://bmjopenquality.bmj.com/content/11/Suppl_2/A1.2,article,conference-abstract,True,high,"Published in an 'Abstracts' supplement (Suppl_2, page A1.2) describing a study design, signaling abstract-only proceedings record.",False,200,
https://openalex.org/W623881195,https://doi.org/10.1149/ma2011-02/23/1781,"https://validate.perfdrive.com/fb803c746e9148689b3984a31fccd902/?ssa=547a5a01-b55c-4b30-b068-8af1974ab7a4&ssb=26503229484&ssc=https%3A%2F%2Fiopscience.iop.org%2Farticle%2F10.1149%2FMA2011-02%2F23%2F1781&ssi=4d86d32e-cnvj-46db-9949-8907b1a4ff53&ssk=botmanager_support@radware.com&ssm=07906321673762381107724414854987&ssn=2687e4e583e77eadb1e612d7a25186aedfab6abfdaac-7067-45ad-bc88fa&sso=836ca170-db77ebe260b4c49cad63f3a11d26b75e3c2649f97caf9beb&ssp=07756873101782896402178285898558504&ssq=23241773294210562069732942861379865112636&ssr=NzUuNDkuMTI1LjIwOQ==&sst=Mozilla/5.0%20(Macintosh;%20Intel%20Mac%20OS%20X%2010_15_7)%20AppleWebKit/537.36%20(KHTML,%20like%20Gecko)%20Chrome/124.0%20Safari/537.36&ssu=&ssv=&ssw=&ssx=eyJyZCI6ImlvcC5vcmciLCJ1em14IjoiN2Y5MDAwYjU3YTA5YjEtNTBkOS00ZWQwLTlkZmEtMWVmNDBmYmMwZjA4MS0xNzgyODMyOTQyMDU0MC00ZWE4NTUwMzE0MzgwMDQ3MTAiLCJfX3V6bWYiOiI3ZjkwMDA2YWJmZGFhYy03MDY3LTQ1YWQtYjE3MC1kYjc3ZWJlMjYwYjQxLTE3ODI4MzI5NDIwNTQwLTAwNDFmYzRhNmUxODI0MzQwMDUxMCJ9",article,conference-abstract,True,high,Venue 'ECS Meeting Abstracts' with single-page record and 0 references signals a meeting abstract.,False,200,
https://openalex.org/W2182529533,https://doi.org/10.1149/ma2011-02/17/1278,"https://validate.perfdrive.com/fb803c746e9148689b3984a31fccd902/?ssa=e3411bc1-9dcb-42a9-8341-e76c43b25a61&ssb=80327219763&ssc=https%3A%2F%2Fiopscience.iop.org%2Farticle%2F10.1149%2FMA2011-02%2F17%2F1278&ssi=c82fa3dd-cnvj-40e9-b040-a83f0e1f959d&ssk=botmanager_support@radware.com&ssm=95965232248830338102793993052914&ssn=cb52b9243d3f7e8a9f4265ae52f980e5e0ad2e18c3cf-a090-4a96-9ec93c&sso=fabfe853-869f907cace49c23b45ed78d09c4de340d656301ae6ae570&ssp=31603219411782815974178285666541382&ssq=20491953293935196085732939502222396440500&ssr=NzUuNDkuMTI1LjIwOQ==&sst=Mozilla/5.0%20(Macintosh;%20Intel%20Mac%20OS%20X%2010_15_7)%20AppleWebKit/537.36%20(KHTML,%20like%20Gecko)%20Chrome/124.0%20Safari/537.36&ssu=&ssv=&ssw=&ssx=eyJfX3V6bWYiOiI3ZjkwMDAyZTE4YzNjZi1hMDkwLTRhOTYtOTg1My04NjlmOTA3Y2FjZTQxLTE3ODI4MzI5Mzk0MTEwLTAwNDY0ZDk4ODVmODRjOWUwODIxMCIsInJkIjoiaW9wLm9yZyIsInV6bXgiOiI3ZjkwMDAwZDZmZDliNS05OWM2LTRhZDktYTUyNi0xMzNhM2ZjN2YwZWMxLTE3ODI4MzI5Mzk0MTEwLTk5ODYyZDIxODhjZjFiMjUxMCJ9",article,conference-abstract,True,high,"Venue 'ECS Meeting Abstracts', single-page (1278-1278), and 0 references indicate an abstract-only meeting record.",False,200,
https://openalex.org/W4324137906,https://doi.org/10.1136/oem-2023-epicoh.74,https://doi.org/10.1136/oem-2023-epicoh.74,article,conference-abstract,True,high,"Container 'Abstracts', 0 refs, supplement page A31.2 in EPICOH meeting proceedings indicates an abstract-only record.",False,403,
https://openalex.org/W2343826273,https://doi.org/10.1149/ma2016-01/32/1592,"https://validate.perfdrive.com/fb803c746e9148689b3984a31fccd902/?ssa=608d2895-3f5e-4fef-94ae-73fc287d9faf&ssb=26503229484&ssc=https%3A%2F%2Fiopscience.iop.org%2Farticle%2F10.1149%2FMA2016-01%2F32%2F1592&ssi=ef45bce1-cnvj-4000-8819-4f73650ee032&ssk=botmanager_support@radware.com&ssm=07906321673762381107724414854987&ssn=2687e4e5663a37906d7ecd0cf8bc86aedfab64b2acb4-a2b1-4c75-9c88fa&sso=836ca32d-674a18f05822c49cad63395c39b9d314af6f075f7caf9beb&ssp=07756873101782896402178285898558504&ssq=23241773294210562069732942861379865112636&ssr=NzUuNDkuMTI1LjIwOQ==&sst=Mozilla/5.0%20(Macintosh;%20Intel%20Mac%20OS%20X%2010_15_7)%20AppleWebKit/537.36%20(KHTML,%20like%20Gecko)%20Chrome/124.0%20Safari/537.36&ssu=&ssv=&ssw=&ssx=eyJyZCI6ImlvcC5vcmciLCJ1em14IjoiN2Y5MDAwMzc2MzQzNzAtNzNmZi00MTBiLTllMzctNjBkNDRmMjdiZWFlMS0xNzgyODMyOTQyMjc3MC03MDMwZDU2OWMzZDUzNzVlMTAiLCJfX3V6bWYiOiI3ZjkwMDA2NGIyYWNiNC1hMmIxLTRjNzUtOTMyZC02NzRhMThmMDU4MjIxLTE3ODI4MzI5NDIyNzcwLTAwNGQ3MTg4NDhmYmJkMDc2NTQxMCJ9",article,conference-abstract,True,high,ECS Meeting Abstracts venue with single-page abstract and zero references indicates a meeting abstract.,False,200,
https://openalex.org/W4246534648,https://doi.org/10.1149/ma2014-02/25/1437,"https://validate.perfdrive.com/fb803c746e9148689b3984a31fccd902/?ssa=bd916cdf-837c-4d5f-9ad0-e1094e1e3502&ssb=80327219763&ssc=https%3A%2F%2Fiopscience.iop.org%2Farticle%2F10.1149%2FMA2014-02%2F25%2F1437&ssi=a5076c28-cnvj-46b0-ada0-3e726972162a&ssk=botmanager_support@radware.com&ssm=95965232248830338102793993052914&ssn=cb52b9244a0d7259d1a6096a163680e5e0ad356dd4c9-d90f-48c3-bec93c&sso=fabfebd1-3d7bc0db5a6d9c23b45ef6fd81bdc6ea5e132534ae6ae570&ssp=31603219411782815974178285666541382&ssq=20491953293935196085732939502222396440500&ssr=NzUuNDkuMTI1LjIwOQ==&sst=Mozilla/5.0%20(Macintosh;%20Intel%20Mac%20OS%20X%2010_15_7)%20AppleWebKit/537.36%20(KHTML,%20like%20Gecko)%20Chrome/124.0%20Safari/537.36&ssu=&ssv=&ssw=&ssx=eyJfX3V6bWYiOiI3ZjkwMDAzNTZkZDRjOS1kOTBmLTQ4YzMtYmJkMS0zZDdiYzBkYjVhNmQxLTE3ODI4MzI5Mzk2MzUwLTAwNDAzMmQxYzI3MmNmMjhlYTYxMCIsInJkIjoiaW9wLm9yZyIsInV6bXgiOiI3ZjkwMDA0MjZlMTc2OC00YmQxLTRlNTgtODJlOC0wNGM0Yzc1MDAyZjMxLTE3ODI4MzI5Mzk2MzUwLWQ0ZTg3N2Y5ZjU1MTExYzAxMCJ9",article,conference-abstract,True,high,Venue 'ECS Meeting Abstracts' with single-page record and zero references indicates a meeting abstract.,False,200,
https://openalex.org/W4416602669,https://doi.org/10.1149/ma2025-031161mtgabs,"https://validate.perfdrive.com/fb803c746e9148689b3984a31fccd902/?ssa=bde937ab-116e-41c2-82da-9a66a15f35e4&ssb=26503229484&ssc=https%3A%2F%2Fiopscience.iop.org%2Farticle%2F10.1149%2FMA2025-031161mtgabs&ssi=bb2514d7-cnvj-418c-990a-3ae1049ca059&ssk=botmanager_support@radware.com&ssm=07906321673762381107724414854987&ssn=2687e4e53fd22849a877974ba06686aedfab9db48f75-50c2-474d-ac88fa&sso=836ca109-acad422b0e3ac49cad63042b239856ed2ef315ee7caf9beb&ssp=07756873101782896402178285898558504&ssq=23241773294210562069732942861379865112636&ssr=NzUuNDkuMTI1LjIwOQ==&sst=Mozilla/5.0%20(Macintosh;%20Intel%20Mac%20OS%20X%2010_15_7)%20AppleWebKit/537.36%20(KHTML,%20like%20Gecko)%20Chrome/124.0%20Safari/537.36&ssu=&ssv=&ssw=&ssx=eyJyZCI6ImlvcC5vcmciLCJ1em14IjoiN2Y5MDAwYzA4MWJhNGItNzI1ZC00MDY3LWE0Y2UtNWU1NmYxZDFiNzkyMS0xNzgyODMyOTQyMjgzMC1jZWZlNjc3MzkzYjcwZTc1MTAiLCJfX3V6bWYiOiI3ZjkwMDA5ZGI0OGY3NS01MGMyLTQ3NGQtYTEwOS1hY2FkNDIyYjBlM2ExLTE3ODI4MzI5NDIyODMwLTAwNDliYmY1MzFjMmM2MDkwMDExMCJ9",article,conference-abstract,True,high,"Venue 'ECS Meeting Abstracts' with single-page (161-161), 0 refs, and DOI '...mtgabs' indicate a meeting abstract.",False,200,
https://openalex.org/W4405588832,https://doi.org/10.1149/ma2024-02674745mtgabs,"https://validate.perfdrive.com/fb803c746e9148689b3984a31fccd902/?ssa=da720b4d-e24c-48f8-8536-4b56cc7515ce&ssb=94802296710&ssc=https%3A%2F%2Fiopscience.iop.org%2Farticle%2F10.1149%2FMA2024-02674745mtgabs&ssi=f367b27c-cnvj-4e3a-a6fa-2fa4feabf397&ssk=botmanager_support@radware.com&ssm=40418908514094231106836251991364&ssn=1f91616b286b38fd6fb61531290ae811304145587602-3b01-45d7-ba4308&sso=ab0ed63d-82a1d36aa9c7974376d8b960a22a9b42d570f82e273c5b7e&ssp=31707546401782839937178281197083318&ssq=40703443294111550539832941289842305050847&ssr=NzUuNDkuMTI1LjIwOQ==&sst=Mozilla/5.0%20(Macintosh;%20Intel%20Mac%20OS%20X%2010_15_7)%20AppleWebKit/537.36%20(KHTML,%20like%20Gecko)%20Chrome/124.0%20Safari/537.36&ssu=&ssv=&ssw=&ssx=eyJyZCI6ImlvcC5vcmciLCJ1em14IjoiN2Y5MDAwMTVhOTk2NDgtYjdiZi00ZWVjLWEyMGMtZDEzYTMyYTgyMGU3MS0xNzgyODMyOTQxNjI5MC05OGViNjM5MDQ0OTA0ODEwMTAiLCJfX3V6bWYiOiI3ZjkwMDA0NTU4NzYwMi0zYjAxLTQ1ZDctYjYzZC04MmExZDM2YWE5YzcxLTE3ODI4MzI5NDE2MjkwLTAwNGRlZGNhOWQ5M2Y2MmQyNGExMCJ9",article,conference-abstract,True,high,Venue 'ECS Meeting Abstracts' with single-page (4745-4745) and 0 references indicates a meeting abstract.,False,200,
https://openalex.org/W4230090481,https://doi.org/10.1149/ma2008-02/11/924,"https://validate.perfdrive.com/fb803c746e9148689b3984a31fccd902/?ssa=c083114a-3d5a-4e9d-8e23-45df2d2ac022&ssb=26503229484&ssc=https%3A%2F%2Fiopscience.iop.org%2Farticle%2F10.1149%2FMA2008-02%2F11%2F924&ssi=0c0de9fb-cnvj-4e24-b447-e3bdc45f5cc4&ssk=botmanager_support@radware.com&ssm=07906321673762381107724414854987&ssn=2687e4e5b8efa7d45a48e01c819f86aedfab537410c4-b77f-42e1-bc88fa&sso=836ca9ec-4f5dfc5225edc49cad63fcc0d1df2676b201b8317caf9beb&ssp=07756873101782896402178285898558504&ssq=23241773294210562069732942861379865112636&ssr=NzUuNDkuMTI1LjIwOQ==&sst=Mozilla/5.0%20(Macintosh;%20Intel%20Mac%20OS%20X%2010_15_7)%20AppleWebKit/537.36%20(KHTML,%20like%20Gecko)%20Chrome/124.0%20Safari/537.36&ssu=&ssv=&ssw=&ssx=eyJyZCI6ImlvcC5vcmciLCJfX3V6bWYiOiI3ZjkwMDA1Mzc0MTBjNC1iNzdmLTQyZTEtYjllYy00ZjVkZmM1MjI1ZWQxLTE3ODI4MzI5NDIyNTYwLTAwNDE1ZTY3NzM0MGIzNTY4ODkxMCIsInV6bXgiOiI3ZjkwMDAyZTdlZDIzMS0wMzIwLTQ2Y2EtYjkyNy03ZDdiNGM4YzBlYzAxLTE3ODI4MzI5NDIyNTYwLTQwMmQyN2RhMmNiNGEzODAxMCJ9",article,conference-abstract,True,high,ECS Meeting Abstracts venue with single-page (924-924) and 0 references indicates an abstract-only meeting record.,False,200,
https://openalex.org/W4416569844,https://doi.org/10.1149/ma2025-02643016mtgabs,"https://validate.perfdrive.com/fb803c746e9148689b3984a31fccd902/?ssa=8abd84cf-b5da-40a6-9843-56259242532e&ssb=94802296710&ssc=https%3A%2F%2Fiopscience.iop.org%2Farticle%2F10.1149%2FMA2025-02643016mtgabs&ssi=99066408-cnvj-4a4b-b5f4-1710a6c7a876&ssk=botmanager_support@radware.com&ssm=40418908514094231106836251991364&ssn=1f91616b35ccfc1328d75dbf6ad1e811304169837409-45fa-4294-aa4308&sso=ab0eda26-d3b5f84d3696974376d84d1a017928ffe73ad37c273c5b7e&ssp=31707546401782839937178281197083318&ssq=40703443294111550539832941289842305050847&ssr=NzUuNDkuMTI1LjIwOQ==&sst=Mozilla/5.0%20(Macintosh;%20Intel%20Mac%20OS%20X%2010_15_7)%20AppleWebKit/537.36%20(KHTML,%20like%20Gecko)%20Chrome/124.0%20Safari/537.36&ssu=&ssv=&ssw=&ssx=eyJyZCI6ImlvcC5vcmciLCJ1em14IjoiN2Y5MDAwZjNlZDc1NzYtZmNlZi00ZjE3LTgxYWUtYjNjZDUyZmFkMTgxMS0xNzgyODMyOTQxMDc2MC04MGFhMTliNGYwMDVkNjM0MTAiLCJfX3V6bWYiOiI3ZjkwMDA2OTgzNzQwOS00NWZhLTQyOTQtYWEyNi1kM2I1Zjg0ZDM2OTYxLTE3ODI4MzI5NDEwNzYwLTAwNGM5MWE4YjVkMzEwNDhlMzYxMCJ9",article,conference-abstract,True,high,ECS Meeting Abstracts venue with single-page (3016-3016) and 0 references signals an abstract-only meeting record.,False,200,
https://openalex.org/W4405593344,https://doi.org/10.1149/ma2024-023344mtgabs,"https://validate.perfdrive.com/fb803c746e9148689b3984a31fccd902/?ssa=9e7cd200-8bee-4a1e-85ad-c8299f2cef15&ssb=94802296710&ssc=https%3A%2F%2Fiopscience.iop.org%2Farticle%2F10.1149%2FMA2024-023344mtgabs&ssi=9f1d800d-cnvj-43dd-aa42-73cef33eac6e&ssk=botmanager_support@radware.com&ssm=40418908514094231106836251991364&ssn=1f91616b8b3e625307dea6114d2de8113041a94dcb62-f0f2-4a89-aa4308&sso=ab0ed336-17b91bd6538e974376d81082cdb61c4f50c15485273c5b7e&ssp=31707546401782839937178281197083318&ssq=40703443294111550539832941289842305050847&ssr=NzUuNDkuMTI1LjIwOQ==&sst=Mozilla/5.0%20(Macintosh;%20Intel%20Mac%20OS%20X%2010_15_7)%20AppleWebKit/537.36%20(KHTML,%20like%20Gecko)%20Chrome/124.0%20Safari/537.36&ssu=&ssv=&ssw=&ssx=eyJyZCI6ImlvcC5vcmciLCJ1em14IjoiN2Y5MDAwMjFlOTkwOWMtYjVlZi00MGJmLWE4MTAtYWIzMDk2Zjg1ZTkwMS0xNzgyODMyOTQxOTI3MC03MWMzOTliOTY1MThkMGNhMTAiLCJfX3V6bWYiOiI3ZjkwMDBhOTRkY2I2Mi1mMGYyLTRhODktYTMzNi0xN2I5MWJkNjUzOGUxLTE3ODI4MzI5NDE5MjcwLTAwNDQxMTFiMzRjMjQ1MjkwOWExMCJ9",article,conference-abstract,True,high,Venue 'ECS Meeting Abstracts' with single-page (344-344) and zero references signals an abstract-only meeting record.,False,200,
https://openalex.org/W4416602751,https://doi.org/10.1149/ma2025-02261445mtgabs,"https://validate.perfdrive.com/fb803c746e9148689b3984a31fccd902/?ssa=60aa00c2-6523-48f4-8860-cb1109ecebc6&ssb=94802296710&ssc=https%3A%2F%2Fiopscience.iop.org%2Farticle%2F10.1149%2FMA2025-02261445mtgabs&ssi=2850b72c-cnvj-4611-a99e-09bee3fdf23f&ssk=botmanager_support@radware.com&ssm=40418908514094231106836251991364&ssn=1f91616b14a0c0c522eb2f373f87e81130411ce00dc8-058c-400f-8a4308&sso=ab0eda53-d043cfee21ca974376d8a145a6b17fc9fb02eec5273c5b7e&ssp=31707546401782839937178281197083318&ssq=40703443294111550539832941289842305050847&ssr=NzUuNDkuMTI1LjIwOQ==&sst=Mozilla/5.0%20(Macintosh;%20Intel%20Mac%20OS%20X%2010_15_7)%20AppleWebKit/537.36%20(KHTML,%20like%20Gecko)%20Chrome/124.0%20Safari/537.36&ssu=&ssv=&ssw=&ssx=eyJfX3V6bWYiOiI3ZjkwMDAxY2UwMGRjOC0wNThjLTQwMGYtOGE1My1kMDQzY2ZlZTIxY2ExLTE3ODI4MzI5NDE5NTgwLTAwNGVlNjllZGE2YmQ1MTFmZjcxMCIsInJkIjoiaW9wLm9yZyIsInV6bXgiOiI3ZjkwMDA1NWJmMjJkZS02MTY5LTQ1YzYtYjdiOC1lZDJiYjNiMjNhMWQxLTE3ODI4MzI5NDE5NTgwLWUzYjYyMDQ4ZWU5ODM4MTExMCJ9",article,conference-abstract,True,high,ECS Meeting Abstracts venue with single-page (1445-1445) and zero references indicates an abstract-only proceedings record.,False,200,
https://openalex.org/W4240691388,https://doi.org/10.1149/ma2019-02/57/2455,"https://validate.perfdrive.com/fb803c746e9148689b3984a31fccd902/?ssa=543cca43-e061-4ffd-ac17-cb51f0dac137&ssb=26503229484&ssc=https%3A%2F%2Fiopscience.iop.org%2Farticle%2F10.1149%2FMA2019-02%2F57%2F2455&ssi=6c283963-cnvj-4979-942a-4fa5b14ad253&ssk=botmanager_support@radware.com&ssm=07906321673762381107724414854987&ssn=2687e4e5619fe0b8699750181dd586aedfab8210644d-0eeb-49bb-bc88fa&sso=836ca914-ad979f42e9d4c49cad630cdfd44c4781f8eebd6a7caf9beb&ssp=07756873101782896402178285898558504&ssq=23241773294210562069732942861379865112636&ssr=NzUuNDkuMTI1LjIwOQ==&sst=Mozilla/5.0%20(Macintosh;%20Intel%20Mac%20OS%20X%2010_15_7)%20AppleWebKit/537.36%20(KHTML,%20like%20Gecko)%20Chrome/124.0%20Safari/537.36&ssu=&ssv=&ssw=&ssx=eyJfX3V6bWYiOiI3ZjkwMDA4MjEwNjQ0ZC0wZWViLTQ5YmItYjkxNC1hZDk3OWY0MmU5ZDQxLTE3ODI4MzI5NDI0MDkwLTAwNDY0YTEwNGM2ZjA1Y2VhMGIxMCIsInV6bXgiOiI3ZjkwMDA3NWNlZDQwOS04OTQ2LTQ0YzktODI4NS04YmNiMjY4YjgzMTAxLTE3ODI4MzI5NDI0MDkwLWIxOWNlMzZkZmYwYzYzZWQxMCIsInJkIjoiaW9wLm9yZyJ9",article,conference-abstract,True,high,Venue 'ECS Meeting Abstracts' with single-page (2455-2455) and zero references indicates a meeting abstract.,False,200,
https://openalex.org/W2513177462,https://doi.org/10.1149/ma2016-02/38/2355,"https://validate.perfdrive.com/fb803c746e9148689b3984a31fccd902/?ssa=2782f065-2e3e-43d2-bb95-99fd665202ac&ssb=37740223688&ssc=https%3A%2F%2Fiopscience.iop.org%2Farticle%2F10.1149%2FMA2016-02%2F38%2F2355&ssi=40bf6bb8-cnvj-4929-b933-568c30bb2955&ssk=botmanager_support@radware.com&ssm=18841246469298002101677719712908&ssn=1513c11339b007be0ba8f917d87de72d4a7073d50eb4-60cd-4d6a-a153d7&sso=6cdc8fd4-42c9fab4eb45af5935f4d0a10400052a9d950d7d5b7832d4&ssp=05095241701782803533178283594850530&ssq=57305083294320741662532943430015014227322&ssr=NzUuNDkuMTI1LjIwOQ==&sst=Mozilla/5.0%20(Macintosh;%20Intel%20Mac%20OS%20X%2010_15_7)%20AppleWebKit/537.36%20(KHTML,%20like%20Gecko)%20Chrome/124.0%20Safari/537.36&ssu=&ssv=&ssw=&ssx=eyJyZCI6ImlvcC5vcmciLCJfX3V6bWYiOiI3ZjkwMDA3M2Q1MGViNC02MGNkLTRkNmEtYWZkNC00MmM5ZmFiNGViNDUxLTE3ODI4MzI5NDMwODMwLTAwNDFkZmVmNWZhNmNlZWIyZDExMCIsInV6bXgiOiI3ZjkwMDBlNjE5NjZmOC1mMDMxLTRlMjYtYmMyNi03ZmNkNDM0NWM2ZWQxLTE3ODI4MzI5NDMwODMwLTQ0NTk2Y2Y5MzQ2NTg5ZGUxMCJ9",article,conference-abstract,True,high,ECS Meeting Abstracts venue with single-page record and zero references indicates a meeting abstract.,False,200,
https://openalex.org/W4244753352,https://doi.org/10.1149/ma2007-02/34/1540,"https://validate.perfdrive.com/fb803c746e9148689b3984a31fccd902/?ssa=e7a0d645-0b48-4eec-966e-36b4f74cf1c5&ssb=94802296710&ssc=https%3A%2F%2Fiopscience.iop.org%2Farticle%2F10.1149%2FMA2007-02%2F34%2F1540&ssi=4a3c9442-cnvj-4b99-ad6b-160d616a997f&ssk=botmanager_support@radware.com&ssm=40418908514094231106836251991364&ssn=1f91616bab4d9f88e61b2745cdb5e8113041fb1c8569-178d-4a98-ba4308&sso=ab0ed1cf-f2334061fd97974376d852c2eeeb82169ea663da273c5b7e&ssp=31707546401782839937178281197083318&ssq=40703443294111550539832941289842305050847&ssr=NzUuNDkuMTI1LjIwOQ==&sst=Mozilla/5.0%20(Macintosh;%20Intel%20Mac%20OS%20X%2010_15_7)%20AppleWebKit/537.36%20(KHTML,%20like%20Gecko)%20Chrome/124.0%20Safari/537.36&ssu=&ssv=&ssw=&ssx=eyJyZCI6ImlvcC5vcmciLCJfX3V6bWYiOiI3ZjkwMDBmYjFjODU2OS0xNzhkLTRhOTgtYjFjZi1mMjMzNDA2MWZkOTcxLTE3ODI4MzI5NDE4NTIwLTAwNGFmNGZiZjMxMTkxZjY1MjgxMCIsInV6bXgiOiI3ZjkwMDA0ZmI1MjY0My1lMDNkLTQwODAtOGI1Ni05YmE2NWIzYTdmMGIxLTE3ODI4MzI5NDE4NTIwLTlmNzc5ZDg3YTE3MDA0MmYxMCJ9",article,conference-abstract,True,high,ECS Meeting Abstracts venue with single-page record and zero references indicates a meeting abstract.,False,200,
https://openalex.org/W3136171899,https://doi.org/10.1136/gutjnl-2020-basl.74,https://doi.org/10.1136/gutjnl-2020-basl.74,article,conference-abstract,True,high,P-numbered abstract in 'Abstracts' supplement (Suppl_1) with 0 references and page range A38.1-A38.,False,403,
https://openalex.org/W4247868752,https://doi.org/10.1149/ma2016-02/30/1961,"https://validate.perfdrive.com/fb803c746e9148689b3984a31fccd902/?ssa=05950ef8-e594-404d-b952-e1fd53ee9836&ssb=94802296710&ssc=https%3A%2F%2Fiopscience.iop.org%2Farticle%2F10.1149%2FMA2016-02%2F30%2F1961&ssi=9e575322-cnvj-4cf6-bb1e-6fae3bca5538&ssk=botmanager_support@radware.com&ssm=40418908514094231106836251991364&ssn=1f91616beb63d034d1666a69b0ace8113041b5e86697-6b2b-4b32-ba4308&sso=ab0ed2d3-aa2b43517f82974376d8e75fd0e5b371fc8b52e0273c5b7e&ssp=31707546401782839937178281197083318&ssq=40703443294111550539832941289842305050847&ssr=NzUuNDkuMTI1LjIwOQ==&sst=Mozilla/5.0%20(Macintosh;%20Intel%20Mac%20OS%20X%2010_15_7)%20AppleWebKit/537.36%20(KHTML,%20like%20Gecko)%20Chrome/124.0%20Safari/537.36&ssu=&ssv=&ssw=&ssx=eyJyZCI6ImlvcC5vcmciLCJfX3V6bWYiOiI3ZjkwMDBiNWU4NjY5Ny02YjJiLTRiMzItYjJkMy1hYTJiNDM1MTdmODIxLTE3ODI4MzI5NDE5NDYwLTAwNGUzZjZmYTY4ODI2MGQ4NGQxMCIsInV6bXgiOiI3ZjkwMDAyNzkxZWI4Ny1mMDU2LTRiY2QtOGJiNy1hYmZkOTM2OWI4MTMxLTE3ODI4MzI5NDE5NDYwLTY3ZmUyNDA3YTgzZWI0ODQxMCJ9",article,conference-abstract,True,high,"ECS Meeting Abstracts venue, single page (1961-1961), 0 references — an abstract-only meeting record.",False,200,
https://openalex.org/W2276002126,https://doi.org/10.1149/ma2010-03/1/405,"https://validate.perfdrive.com/fb803c746e9148689b3984a31fccd902/?ssa=867265b5-a534-4553-8bae-215aa3a17299&ssb=34532253710&ssc=https%3A%2F%2Fiopscience.iop.org%2Farticle%2F10.1149%2FMA2010-03%2F1%2F405&ssi=c3c98c03-cnvj-454d-900b-738957253b4e&ssk=botmanager_support@radware.com&ssm=44791193138755881104386783393533&ssn=d111da662b2094685088294972b8749a56ab6e341924-8fb5-40ba-92e001&sso=60db0cbb-69af59671f8abe1bbc09d1866576c7904ea16d8ea4d45bf5&ssp=43530186491782871735178280925075750&ssq=48620323292416063897132924965784628144217&ssr=NzUuNDkuMTI1LjIwOQ==&sst=Mozilla/5.0%20(Macintosh;%20Intel%20Mac%20OS%20X%2010_15_7)%20AppleWebKit/537.36%20(KHTML,%20like%20Gecko)%20Chrome/124.0%20Safari/537.36&ssu=&ssv=&ssw=&ssx=eyJfX3V6bWYiOiI3ZjkwMDA2ZTM0MTkyNC04ZmI1LTQwYmEtOWNiYi02OWFmNTk2NzFmOGExLTE3ODI4MzI5MjQyMzQwLTAwNGIxNGQ0OTVmYzYwOWZlNjAxMCIsInV6bXgiOiI3ZjkwMDBmMGJjYzFlYy01NGYzLTRjYzItYTM1Ni1iY2Y0NTJkMDhmODgxLTE3ODI4MzI5MjQyMzQwLWI2Nzk0YzVmYTQ3NWI0NzExMCIsInJkIjoiaW9wLm9yZyJ9",article,conference-abstract,True,high,"Published in ECS Meeting Abstracts, single-page (405-405) with 0 references, indicating a meeting abstract.",False,200,
https://openalex.org/W4391663199,https://doi.org/10.1149/ma2023-02653035mtgabs,"https://validate.perfdrive.com/fb803c746e9148689b3984a31fccd902/?ssa=101000d1-bf17-4cee-9430-a7dd795f0305&ssb=45364250809&ssc=https%3A%2F%2Fiopscience.iop.org%2Farticle%2F10.1149%2FMA2023-02653035mtgabs&ssi=d0c3dbd5-cnvj-4a14-aad0-11d1f6cc59b2&ssk=botmanager_support@radware.com&ssm=72609571364923278103408784896334&ssn=97a7c089d1d6f75e5273b9f56730a4f9bc9cd2e689a0-39a3-49e9-bf15bb&sso=3c8e7430-72fd57469d6f8faab7673e2f78c7bad3159e3e55494b2a5a&ssp=66970989411782895806178282886382820&ssq=29265163292288833748032922165390348984887&ssr=NzUuNDkuMTI1LjIwOQ==&sst=Mozilla/5.0%20(Macintosh;%20Intel%20Mac%20OS%20X%2010_15_7)%20AppleWebKit/537.36%20(KHTML,%20like%20Gecko)%20Chrome/124.0%20Safari/537.36&ssu=&ssv=&ssw=&ssx=eyJ1em14IjoiN2Y5MDAwYWM3MzkyNTEtMTExNi00ODQxLThjOWYtNzc5YmM1ODNiMTAzMS0xNzgyODMyOTIyNDQ3MC04ZGFhMzYzZmViNTIwY2U3MTAiLCJyZCI6ImlvcC5vcmciLCJfX3V6bWYiOiI3ZjkwMDBkMmU2ODlhMC0zOWEzLTQ5ZTktYjQzMC03MmZkNTc0NjlkNmYxLTE3ODI4MzI5MjI0NDcwLTAwNGFmZTM5YzQwMzY0MDcxYWMxMCJ9",article,conference-abstract,True,high,ECS Meeting Abstracts venue with single-page (3035-3035) and zero references signals an abstract-only meeting record.,False,200,
https://openalex.org/W4405593498,https://doi.org/10.1149/ma2024-02141mtgabs,"https://validate.perfdrive.com/fb803c746e9148689b3984a31fccd902/?ssa=8420eed1-71d8-4265-9aca-6bfa8b33e0ce&ssb=92995248904&ssc=https%3A%2F%2Fiopscience.iop.org%2Farticle%2F10.1149%2FMA2024-02141mtgabs&ssi=3aadb1b6-cnvj-42f8-9b18-db91159a7c7a&ssk=botmanager_support@radware.com&ssm=24253727896030196106728448740416&ssn=8c6d6d53a3f5b206aa48d4a64d9db8b673717670819e-5e21-4c5e-a03f7c&sso=e79305ff-3ecfaa1fc0d5e885f92e197874f061feac770c188ec3781f&ssp=86272121211782844047178286638361599&ssq=00222663292319279517132923348284323153497&ssr=NzUuNDkuMTI1LjIwOQ==&sst=Mozilla/5.0%20(Macintosh;%20Intel%20Mac%20OS%20X%2010_15_7)%20AppleWebKit/537.36%20(KHTML,%20like%20Gecko)%20Chrome/124.0%20Safari/537.36&ssu=&ssv=&ssw=&ssx=eyJfX3V6bWYiOiI3ZjkwMDA3NjcwODE5ZS01ZTIxLTRjNWUtYTVmZi0zZWNmYWExZmMwZDUxLTE3ODI4MzI5MjMwMTkwLTAwNDI3ZTY4YWU5MWE4YjAzZjkxMCIsInV6bXgiOiI3ZjkwMDAwMWMzNjE0OC0yMTIxLTQwZDctYjI3ZC02MDU5MWEyOTcyNDIxLTE3ODI4MzI5MjMwMTkwLWEyYjkwMTU5N2QwNGQ0YmMxMCIsInJkIjoiaW9wLm9yZyJ9",article,conference-abstract,True,high,ECS Meeting Abstracts venue with single-page (41-41) and 0 references indicates an abstract-only record.,False,200,
https://openalex.org/W4403748890,https://doi.org/10.1021/acs.langmuir.4c04133,https://doi.org/10.1021/acs.langmuir.4c04133,retraction,retraction,False,high,"Title begins ""Retraction of..."" and dc.Type is retraction.",False,403,
https://openalex.org/W4200477484,https://doi.org/10.1042/bsr-2020-0302_ret,https://doi.org/10.1042/bsr-2020-0302_ret,retraction,retraction,False,high,Title and DOI suffix '_RET' identify this as a retraction notice citing the original work.,False,403,
https://openalex.org/W4400569734,https://doi.org/10.1007/s00264-024-06252-y,https://link.springer.com/10.1007/s00264-024-06252-y,retraction,retraction,False,high,"Title begins 'Retraction Note:' citing the withdrawn article, a retraction notice.",False,200,
https://openalex.org/W4309924730,https://doi.org/10.1155/2022/9761943,https://doi.org/10.1155/2022/9761943,retraction,retraction,False,high,"Title begins ""Retracted:"" and dc.type is ""Retraction,"" a single-page retraction notice.",False,403,
https://openalex.org/W4247686467,https://doi.org/10.1080/15287394.2019.1669991,https://doi.org/10.1080/15287394.2019.1669991,retraction,retraction,False,high,Title 'Statement of Retraction' and dc.Type 'retraction' identify it as a retraction notice.,False,403,
https://openalex.org/W4386100327,https://doi.org/10.1155/2023/9761575,https://doi.org/10.1155/2023/9761575,retraction,retraction,False,high,"Title begins ""Retracted:"" and dc.type=Retraction with single-page notice citing original work.",False,403,
https://openalex.org/W3021226447,https://doi.org/10.1186/s40001-017-0267-8,https://link.springer.com/article/10.1186/s40001-017-0267-8,retraction,retraction,False,high,"Title begins 'Retraction Note to:' citing the original work, the canonical retraction-notice signal.",False,200,
https://openalex.org/W4381950230,https://doi.org/10.1155/2023/9898067,https://doi.org/10.1155/2023/9898067,retraction,retraction,False,high,"dc.type is ""Retraction"" and title begins ""Retracted:"" citing the original work.",False,403,
https://openalex.org/W4384821964,https://doi.org/10.1155/2023/9814871,https://doi.org/10.1155/2023/9814871,retraction,retraction,False,high,"Title begins ""Retracted:"" and dc.type is ""Retraction,"" identifying a retraction notice.",False,403,
https://openalex.org/W4387088081,https://doi.org/10.1155/2023/9856509,https://doi.org/10.1155/2023/9856509,retraction,retraction,False,high,"Title begins ""Retracted:"" and dc.type is ""Retraction,"" a withdrawal notice.",False,403,
https://openalex.org/W4387524312,https://doi.org/10.1155/2023/9764352,https://doi.org/10.1155/2023/9764352,retraction,retraction,False,high,"Title begins 'Retracted:' and dc.type is 'Retraction', a retraction notice.",False,403,
https://openalex.org/W4385266526,https://doi.org/10.1155/2023/9821086,https://doi.org/10.1155/2023/9821086,retraction,retraction,False,high,"dc.type is 'Retraction' and title starts 'Retracted:' citing the original work, a retraction notice.",False,403,
https://openalex.org/W4247355983,https://doi.org/10.1158/0008-5472.can-18-1166,https://doi.org/10.1158/0008-5472.can-18-1166,retraction,retraction,False,high,"Title begins 'Retraction:' citing the original article, single page with one reference—a retraction notice.",False,403,
https://openalex.org/W3124479683,https://doi.org/10.1039/d1ra90026a,https://doi.org/10.1039/d1ra90026a,retraction,retraction,False,high,"Title begins ""Retraction:"" and cites the original work, marking it a retraction notice.",False,403,
https://openalex.org/W4389948950,https://doi.org/10.3389/pore.2023.1611616,https://www.por-journal.com/journals/pathology-and-oncology-research/articles/10.3389/pore.2023.1611616/full,retraction,retraction,False,high,"Title begins 'Retraction:' citing the original work, the defining signal of a retraction notice.",False,200,
https://openalex.org/W4385693170,https://doi.org/10.1155/2023/9789065,https://doi.org/10.1155/2023/9789065,retraction,retraction,False,high,dc.type 'Retraction' and title 'Retracted: ...' with one reference indicate a retraction notice.,False,403,
https://openalex.org/W4389126839,https://doi.org/10.1155/2023/9841717,https://doi.org/10.1155/2023/9841717,retraction,retraction,False,high,"Title begins ""Retracted:"" and dc.type is ""Retraction,"" marking it a retraction notice.",False,403,
https://openalex.org/W2328041428,https://doi.org/10.4103/0019-5154.152545,https://journals.lww.com/ijd/fulltext/2015/60020/gender_differences_in_depression_and_anxiety_among.27.aspx,retraction,retraction,False,high,"Title explicitly ends with 'Retraction' citing the original work with 1 reference, signaling a retraction notice.",False,200,
https://openalex.org/W4387164762,https://doi.org/10.1093/postmj/qgad079,https://doi.org/10.1093/postmj/qgad079,retraction,article,True,high,"Title 'Retracted: <original title>' marks the retracted article itself, which keeps its own type (article), not a retraction notice.",False,403,
https://openalex.org/W4395466735,https://doi.org/10.1111/jcmm.18312,https://doi.org/10.1111/jcmm.18312,retraction,retraction,False,high,"Title begins ""Retraction:"" citing the original work, a retraction notice.",False,403,
https://openalex.org/W4387088518,https://doi.org/10.1155/2023/9872016,https://doi.org/10.1155/2023/9872016,retraction,retraction,False,high,"Title begins ""Retracted:"" and dc.type is ""Retraction,"" marking it a retraction notice.",False,403,
https://openalex.org/W4388124593,https://doi.org/10.1155/2023/9823874,https://doi.org/10.1155/2023/9823874,retraction,retraction,False,high,"Title begins 'Retracted:' and dc.type is 'Retraction', a withdrawal notice.",False,403,
https://openalex.org/W1993236158,https://doi.org/10.3892/ijo.2016.3737,https://www.spandidos-publications.com/10.3892/ijo.2016.3737,retraction,article,True,high,"""[Retracted]"" prefix marks the original research article that was retracted, which keeps its own type rather than being a retraction notice.",False,200,
https://openalex.org/W4212785623,https://doi.org/10.1111/1758-2229.12997,https://doi.org/10.1111/1758-2229.12997,retraction,retraction,False,high,"Title prefixed ""Withdrawn:"" with single-page, zero-reference notice indicating a withdrawal announcement.",False,403,
https://openalex.org/W4384008192,https://doi.org/10.1155/2023/9767182,https://doi.org/10.1155/2023/9767182,retraction,retraction,False,high,"dc.type ""Retraction"" and title ""Retracted:"" indicate a retraction notice.",False,403,
https://openalex.org/W4239408572,https://doi.org/10.2310/jim.0b013e31816c2094,https://doi.org/10.2310/jim.0b013e31816c2094,retraction,retraction,False,high,"Title ""RETRACTION"" with one reference citing the original article is a retraction notice.",False,403,
https://openalex.org/W4231932891,https://doi.org/10.1371/journal.pone.0160297,https://journals.plos.org/plosone/article?id=10.1371/journal.pone.0160297,retraction,retraction,False,high,"Title begins 'Retraction:' citing the original meta-analysis, a withdrawal notice.",False,200,
https://openalex.org/W4385633367,https://doi.org/10.3892/ijmm.2023.5290,https://www.spandidos-publications.com/10.3892/ijmm.2023.5290,retraction,article,True,high,"Title is the original research article prefixed with [Retracted], i.e. an article that has been retracted (cr_type journal-article), not a retraction notice.",False,200,
https://openalex.org/W4387329937,https://doi.org/10.1155/2023/9819010,https://doi.org/10.1155/2023/9819010,retraction,retraction,False,high,"dc.type ""Retraction"" and title prefixed ""Retracted:"" with single reference indicate a retraction notice.",False,403,
https://openalex.org/W4383532461,https://doi.org/10.3389/fphar.2023.1252194,https://www.frontiersin.org/journals/pharmacology/articles/10.3389/fphar.2023.1252194/full,retraction,retraction,False,high,"Title begins ""Retraction:"" citing the original work, a retraction notice.",False,200,
https://openalex.org/W4245090400,https://doi.org/10.4012/dmj.2011-138-e,https://www.jstage.jst.go.jp/article/dmj/33/1/33_2011-138-e/_article,retraction,retraction,False,high,"Title begins with 'Retraction:' citing the original work, a single-page retraction notice.",False,200,
https://openalex.org/W2174182788,https://doi.org/10.1016/j.apjtm.2015.10.010,https://linkinghub.elsevier.com/retrieve/pii/S1995764515001674,retraction,article,True,high,"""RETRACTED:""-prefixed full research article with 30 refs and page range is the retracted article itself, not a retraction notice, so it keeps type article.",False,200,
https://openalex.org/W4248341951,https://doi.org/10.3389/fnhum.2016.00515,https://www.frontiersin.org/journals/human-neuroscience/articles/10.3389/fnhum.2016.00515/full,retraction,retraction,False,high,"Title begins ""Retraction:"" citing the original work, a retraction notice.",False,200,
https://openalex.org/W4321327315,https://doi.org/10.1155/2023/9860913,https://doi.org/10.1155/2023/9860913,retraction,retraction,False,high,"Title prefix ""Retracted:"" and dc.type ""Retraction"" identify this as a retraction notice.",False,403,
https://openalex.org/W4206698330,https://doi.org/10.1002/jcb.30056,https://doi.org/10.1002/jcb.30056,retraction,retraction,False,high,"Title ""Retraction"" with oa_is_retracted flag and 0 references indicates a retraction notice.",False,403,
https://openalex.org/W4401786629,https://doi.org/10.3892/etm.2024.12694,https://www.spandidos-publications.com/10.3892/etm.2024.12694,retraction,article,True,high,"Title is the original retracted article ('[Retracted] ...'), which keeps its own type article, not the retraction notice.",False,200,
https://openalex.org/W4251978699,https://doi.org/10.1042/bsr-20171615_ret,https://doi.org/10.1042/bsr-20171615_ret,retraction,retraction,False,high,Title and DOI suffix '_RET' explicitly mark this as a retraction notice citing the original article.,False,403,
https://openalex.org/W4234645675,https://doi.org/10.1002/chem.201203218,https://doi.org/10.1002/chem.201203218,retraction,retraction,False,high,"Title begins ""Retraction:"" citing the original article, a single-page retraction notice.",False,403,
https://openalex.org/W3216525820,https://doi.org/10.1038/s41396-021-01156-w,https://doi.org/10.1038/s41396-021-01156-w,retraction,retraction,False,high,"Title begins ""Retraction Note:"" citing the original work, the defining signal for a retraction notice.",False,403,
https://openalex.org/W4213338374,https://doi.org/10.1111/ejn.15484,https://doi.org/10.1111/ejn.15484,retraction,retraction,False,high,"Title begins 'Retraction statement:' citing the withdrawn article, a retraction notice.",False,403,
https://openalex.org/W4386735051,https://doi.org/10.1155/2023/9798509,https://doi.org/10.1155/2023/9798509,retraction,retraction,False,high,"Title begins ""Retracted:"" and dc.type is ""Retraction,"" a withdrawal notice.",False,403,
https://openalex.org/W4404822402,https://doi.org/10.1016/j.scitotenv.2024.177726,https://linkinghub.elsevier.com/retrieve/pii/S0048969724078835,retraction,retraction,False,high,"Title begins ""Retraction notice to..."" citing the original article.",False,200,
https://openalex.org/W4386090064,https://doi.org/10.1155/2023/9878673,https://doi.org/10.1155/2023/9878673,retraction,retraction,False,high,"dc.type ""Retraction"" and title ""Retracted:..."" with single-page notice citing the original work.",False,403,
https://openalex.org/W4387331019,https://doi.org/10.1155/2023/9781063,https://doi.org/10.1155/2023/9781063,retraction,retraction,False,high,"Title begins ""Retracted:"" and dc.type=""Retraction"" mark this as a retraction notice.",False,403,
https://openalex.org/W3131462062,https://doi.org/10.1016/j.earlhumdev.2020.105205,https://linkinghub.elsevier.com/retrieve/pii/S0378378220306897,retraction,article,True,medium,"""WITHDRAWN:"" prefix on a 22-reference journal-article is the withdrawn article itself, which keeps its own type rather than being a retraction notice.",False,200,
https://openalex.org/W2613799566,https://doi.org/10.1186/s13033-017-0162-2,https://link.springer.com/article/10.1186/s13033-017-0162-2,retraction,retraction,False,high,"Title ""Retraction Note to:"" announces withdrawal of the original article, which is the defining signal for a retraction notice.",False,200,
https://openalex.org/W4378349294,https://doi.org/10.1186/s13098-023-01094-x,https://link.springer.com/10.1186/s13098-023-01094-x,retraction,retraction,False,high,"Title begins ""Retraction Note:"" citing the original work, a retraction notice.",False,200,
https://openalex.org/W4389381552,https://doi.org/10.1155/2023/9757958,https://doi.org/10.1155/2023/9757958,retraction,retraction,False,high,"Title begins ""Retracted:"" and dc.type is ""Retraction,"" marking it as a retraction notice.",False,403,
https://openalex.org/W4308834299,https://doi.org/10.1080/01443615.2022.2144516,https://doi.org/10.1080/01443615.2022.2144516,retraction,retraction,False,high,"Title ""Statement of Retraction"" and dc.Type=retraction confirm a retraction notice.",False,403,
https://openalex.org/W4389126857,https://doi.org/10.1155/2023/9830270,https://doi.org/10.1155/2023/9830270,retraction,retraction,False,high,"dc.type is 'Retraction' and title begins 'Retracted:' citing the original work, a retraction notice.",False,403,
https://openalex.org/W4387736208,https://doi.org/10.1155/2023/9859507,https://doi.org/10.1155/2023/9859507,retraction,retraction,False,high,dc.type is 'Retraction' and title begins 'Retracted:' citing the original article.,False,403,
https://openalex.org/W4306696551,https://doi.org/10.1038/s41467-022-33608-y,https://www.nature.com/articles/s41467-022-33608-y,retraction,retraction,False,high,"Title begins ""Retraction Note:"" citing the original work, the canonical retraction-notice signal.",False,200,
https://openalex.org/W4245326274,https://doi.org/10.1371/journal.pone.0241463,https://journals.plos.org/plosone/article?id=10.1371/journal.pone.0241463,retraction,retraction,False,high,"Title begins ""Retraction:"" citing the original work, a retraction notice.",False,200,
https://openalex.org/W4234838885,https://doi.org/10.1371/journal.pone.0222287,https://journals.plos.org/plosone/article?id=10.1371/journal.pone.0222287,retraction,retraction,False,high,"Title begins ""Retraction:"" citing the original work, a withdrawal notice.",False,200,
https://openalex.org/W4388125223,https://doi.org/10.1155/2023/9765218,https://doi.org/10.1155/2023/9765218,retraction,retraction,False,high,"Title begins ""Retracted:"" and dc.type is ""Retraction,"" marking a retraction notice.",False,403,
https://openalex.org/W4390695383,https://doi.org/10.1155/2024/9835324,https://doi.org/10.1155/2024/9835324,retraction,retraction,False,high,"Title begins ""Retracted:"" with single-page notice and one reference, indicating a retraction notice.",False,403,
https://openalex.org/W3013833915,https://doi.org/10.1016/j.pestbp.2020.02.009,https://linkinghub.elsevier.com/retrieve/pii/S0048357520300328,retraction,retraction,False,high,"Title begins ""Retraction notice to..."" citing the original article.",False,200,
https://openalex.org/W2893979536,https://doi.org/10.1007/s00204-018-2312-y,https://link.springer.com/article/10.1007/s00204-018-2312-y,retraction,retraction,False,high,"Title ""Retraction Note to:"" announcing withdrawal of the original article, citing it as reference.",False,200,
https://openalex.org/W4392973454,https://doi.org/10.1155/2024/9814716,https://doi.org/10.1155/2024/9814716,retraction,retraction,False,high,Title 'Retracted:' on a single-page notice with 1 reference is a retraction notice citing the original work.,False,403,
https://openalex.org/W3124702609,https://doi.org/10.1038/s41598-020-80528-2,https://www.nature.com/articles/s41598-020-80528-2,retraction,retraction,False,high,"Title begins 'Retraction Note:' citing the original work, the canonical retraction-notice signal.",False,200,
https://openalex.org/W4239795189,https://doi.org/10.1080/10790268.2018.1473673,https://doi.org/10.1080/10790268.2018.1473673,retraction,retraction,False,high,"Title ""Statement of Retraction"" and dc.Type=retraction signal a retraction notice.",False,403,
https://openalex.org/W2126463172,https://doi.org/10.4049/jimmunol.181.5.3137,https://doi.org/10.4049/jimmunol.181.5.3137,retraction,article,True,high,"Full original research paper (62 refs, pp.3137-3147) that has been retracted but keeps its own type article, not a retraction notice.",False,403,
https://openalex.org/W4252092727,https://doi.org/10.1177/0748233716683107,https://doi.org/10.1177/0748233716683107,retraction,retraction,False,high,Title 'Retraction notice' and dc.Type 'retraction' identify a withdrawal notice.,False,403,
https://openalex.org/W4377824123,https://doi.org/10.1038/s41388-023-02720-8,https://www.nature.com/articles/s41388-023-02720-8,retraction,retraction,False,high,"Title begins ""Retraction Note:"" citing the withdrawn original work.",False,200,
https://openalex.org/W4387610939,https://doi.org/10.1016/j.lfs.2023.122175,https://linkinghub.elsevier.com/retrieve/pii/S002432052300810X,retraction,retraction,False,high,"Title begins ""Retraction notice to..."" citing the original article, the defining signal for a retraction notice.",False,200,
https://openalex.org/W4389583357,https://doi.org/10.4103/jpbs.jpbs_1239_23,https://journals.lww.com/jpbs/fulltext/2023/15040/retraction__the_effects_of_fixed_versus_removable.8.aspx,retraction,retraction,False,high,"Title begins 'Retraction:' citing the original work, a retraction notice.",False,200,
https://openalex.org/W4404182175,https://doi.org/10.1186/s12903-024-05157-x,https://link.springer.com/10.1186/s12903-024-05157-x,retraction,retraction,False,high,"Title begins ""Retraction Note:"" and cites the original work, the defining signal of a retraction notice.",False,200,
https://openalex.org/W4310027110,https://doi.org/10.1155/2022/9823217,https://doi.org/10.1155/2022/9823217,retraction,retraction,False,high,dc.type=Retraction and title prefixed 'Retracted:' announce a retraction notice.,False,403,
https://openalex.org/W2773544298,https://doi.org/10.1128/jvi.01708-17,https://doi.org/10.1128/jvi.01708-17,retraction,retraction,False,high,"Title ""Retraction for..."" and dc.Type=retraction signal a retraction notice.",False,403,
https://openalex.org/W3034750124,https://doi.org/10.3390/insects11060360,https://doi.org/10.3390/insects11060360,retraction,retraction,False,high,"dc.type ""Retraction"" and title ""Retraction:..."" with single reference to the original work identify it as a retraction notice.",False,403,
https://openalex.org/W4293215522,https://doi.org/10.1080/14787210.2022.2115244,https://doi.org/10.1080/14787210.2022.2115244,retraction,retraction,False,high,Title 'Statement of Retraction' and dc.Type='retraction' indicate a retraction notice.,False,403,
https://openalex.org/W4229052908,https://doi.org/10.1016/j.jclinane.2022.110802,https://linkinghub.elsevier.com/retrieve/pii/S0952818022001593,retraction,retraction,False,high,"Title explicitly begins 'Retraction notice to' citing the original work, the defining signal of a retraction.",False,200,
https://openalex.org/W2625604275,https://doi.org/10.1016/j.jtcvs.2017.06.017,https://linkinghub.elsevier.com/retrieve/pii/S0022522317311947,retraction,article,True,medium,"""WITHDRAWN:"" prefix marks the original full article (19 refs) that has been withdrawn, which keeps its own type rather than being a retraction notice.",False,200,
https://openalex.org/W4229080566,https://doi.org/10.1016/j.jclinane.2022.110820,https://linkinghub.elsevier.com/retrieve/pii/S0952818022001775,retraction,retraction,False,high,"Title begins 'Retraction notice to...' citing the original article, the defining retraction signal.",False,200,
https://openalex.org/W4385286269,https://doi.org/10.1155/2023/9848510,https://doi.org/10.1155/2023/9848510,retraction,retraction,False,high,"dc.type is ""Retraction"" and the title begins ""Retracted:"" indicating a retraction notice.",False,403,
https://openalex.org/W4380627540,https://doi.org/10.1371/journal.pone.0286773,https://journals.plos.org/plosone/article?id=10.1371/journal.pone.0286773,retraction,retraction,False,high,"Title begins 'Retraction:' citing the original work, the canonical retraction-notice signal.",False,200,
https://openalex.org/W4220755696,https://doi.org/10.7759/cureus.r48,https://www.cureus.com/articles/58019-comparison-of-challenges-and-problems-encountered-in-the-practice-of-exclusive-breast-feeding-by-primiparous-and-multiparous-women-in-rural-areas-of-sindh-pakistan-a-cross-sectional-study/retraction,retraction,retraction,False,high,"Page title and DOI path explicitly read ""Retraction:"" with /retraction URL, marking this as a retraction notice.",False,200,
https://openalex.org/W4406002533,https://doi.org/10.1186/s13223-024-00946-z,https://link.springer.com/10.1186/s13223-024-00946-z,retraction,retraction,False,high,"Title begins ""Retraction Note:"" citing the original work, the defining signal for a retraction notice.",False,200,
https://openalex.org/W4366351983,https://doi.org/10.1371/journal.pone.0284067,https://journals.plos.org/plosone/article?id=10.1371/journal.pone.0284067,retraction,retraction,False,high,"Title begins 'Retraction:' citing the original work, the canonical retraction-notice signal.",False,200,
https://openalex.org/W4309467792,https://doi.org/10.1155/2022/9835620,https://doi.org/10.1155/2022/9835620,retraction,retraction,False,high,"dc.type=Retraction and title begins ""Retracted:"" citing the original work, a retraction notice.",False,403,
https://openalex.org/W1976970943,https://doi.org/10.1186/1740-2557-5-5,https://jautoimdis.biomedcentral.com/articles/10.1186/1740-2557-5-5,retraction,retraction,False,high,"Title ""Retraction Note to:"" and cited original work make this a retraction notice.",False,200,
https://openalex.org/W2185380978,https://doi.org/10.3109/13685538.2013.799892,https://doi.org/10.3109/13685538.2013.799892,retraction,retraction,False,high,Title 'Statement of Retraction' and dc.Type 'retraction' identify it as a retraction notice.,False,403,
https://openalex.org/W4384819949,https://doi.org/10.1155/2023/9812726,https://doi.org/10.1155/2023/9812726,retraction,retraction,False,high,"dc.type ""Retraction"" and title ""Retracted:..."" with one reference indicate a retraction notice.",False,403,
https://openalex.org/W4389371231,https://doi.org/10.1155/2023/9758098,https://doi.org/10.1155/2023/9758098,retraction,retraction,False,high,dc.type 'Retraction' and title prefixed 'Retracted:' with single reference indicate a retraction notice.,False,403,
https://openalex.org/W2510697315,https://doi.org/10.1007/s11096-016-0361-y,https://link.springer.com/article/10.1007/s11096-016-0361-y,retraction,retraction,False,high,"Title ""Retraction Note to:..."" announces withdrawal of the original article.",False,200,
https://openalex.org/W4391220928,https://doi.org/10.1155/2024/9850678,https://doi.org/10.1155/2024/9850678,retraction,retraction,False,high,"Title begins ""Retracted:"" and dc.type is ""Retraction,"" a withdrawal notice citing the original work.",False,403,
https://openalex.org/W4220890145,https://doi.org/10.1038/s41379-022-01072-0,https://linkinghub.elsevier.com/retrieve/pii/S0893395222000618,retraction,retraction,False,high,"Title begins 'Retraction Note to:' citing the original work, a classic retraction notice.",False,200,
https://openalex.org/W2579582782,https://doi.org/10.1007/s40615-016-0330-0,https://link.springer.com/article/10.1007/s40615-016-0330-0,retraction,article,True,high,"Title 'RETRACTED ARTICLE:' and dc.type 'OriginalPaper' indicate the retracted article itself (with 23 refs/abstract), which keeps its article type, not a retraction notice.",False,200,
https://openalex.org/W4254967796,https://doi.org/10.1089/dna.2017.3798.retract,https://doi.org/10.1089/dna.2017.3798.retract,retraction,retraction,False,high,"Title ""Retraction of:"" and dc.Type ""retraction"" identify it as a retraction notice.",False,403,
https://openalex.org/W4234789721,https://doi.org/10.5812/atr.28500,https://archtrauma.kaums.ac.ir/article_62209.html,retraction,article,True,high,"Title ""Retracted: ..."" marks the original article that was itself retracted (page shows the research article), which per the taxonomy keeps its own type article rather than being a retraction notice.",False,200,
https://openalex.org/W2023404701,https://doi.org/10.1007/s12032-014-0436-3,https://link.springer.com/article/10.1007/s12032-014-0436-3,retraction,retraction,False,high,"Title begins 'Retraction Note to:' citing the original work, the canonical retraction-notice signal.",False,200,
https://openalex.org/W4392138532,https://doi.org/10.1111/jcmm.18188,https://doi.org/10.1111/jcmm.18188,retraction,retraction,False,high,"Title begins 'Retraction:' citing the original work, marking it as a retraction notice.",False,403,
https://openalex.org/W4319298158,https://doi.org/10.3892/or.2023.8493,https://www.spandidos-publications.com/10.3892/or.2023.8493,retraction,article,True,high,"The '[Retracted]' title prefix marks the original research article that was retracted, which keeps its own type rather than being a retraction notice.",False,200,
https://openalex.org/W4322719695,https://doi.org/10.1042/bsr-2016-0521_ret,https://doi.org/10.1042/bsr-2016-0521_ret,retraction,retraction,False,high,"Title begins ""Retraction:"" and DOI suffix _RET indicates a retraction notice.",False,403,
https://openalex.org/W4295753358,https://doi.org/10.1371/journal.pone.0274198,https://journals.plos.org/plosone/article?id=10.1371/journal.pone.0274198,retraction,retraction,False,high,"Title begins 'Retraction:' citing the original article with one reference, a classic retraction notice.",False,200,
https://openalex.org/W2769471548,https://doi.org/10.1016/j.freeradbiomed.2017.06.007,https://linkinghub.elsevier.com/retrieve/pii/S0891584917306408,retraction,retraction,False,high,"Title begins 'Retraction notice to...' citing the original article, the defining signal of a retraction.",False,200,
https://openalex.org/W4221094928,https://doi.org/10.1038/s41598-022-09103-1,https://www.nature.com/articles/s41598-022-09103-1,retraction,retraction,False,high,"Title ""Retraction Note:"" citing the original work is a retraction notice.",False,200,
https://openalex.org/W4391753840,https://doi.org/10.3892/ol.2024.14283,https://www.spandidos-publications.com/10.3892/ol.2024.14283,retraction,article,True,high,"Title prefixed '[Retracted]' marks this as the original research article that was retracted, which keeps its own type (article), not the retraction notice.",False,200,
https://openalex.org/W4387523355,https://doi.org/10.1155/2023/9872648,https://doi.org/10.1155/2023/9872648,retraction,retraction,False,high,dc.type=Retraction and title 'Retracted:...' with single reference indicate a retraction notice.,False,403,
https://openalex.org/W4254527591,https://doi.org/10.1097/01.eja.0000429566.32523.19,https://journals.lww.com/ejanaesthesiology/fulltext/2013/05000/milrinone_enhances_the_contractility_of_fatigued.28.aspx,retraction,article,True,low,Single-page journal-article in EJA with research-style title and og:type article; no retraction-notice language despite the audited oa_type.,False,200,
https://openalex.org/W4406179422,https://doi.org/10.1038/s41598-025-85406-3,https://www.nature.com/articles/s41598-025-85406-3,retraction,retraction,False,high,"Title begins ""Retraction Note:"" indicating a retraction notice.",False,200,
https://openalex.org/W4388124601,https://doi.org/10.1155/2023/9764817,https://doi.org/10.1155/2023/9764817,retraction,retraction,False,high,"dc.type is ""Retraction"" and title begins ""Retracted:"" announcing withdrawal.",False,403,
https://openalex.org/W2328700267,https://doi.org/10.3389/fnins.2015.00460,https://www.frontiersin.org/journals/neuroscience/articles/10.3389/fnins.2015.00460/full,retraction,retraction,False,high,"Title begins ""Retraction:"" citing the original work, a retraction notice.",False,200,
https://openalex.org/W2794257656,https://doi.org/10.3892/ol.2018.7943,https://www.spandidos-publications.com/10.3892/ol.2018.7943,retraction,review,True,medium,"Title marks this as a retracted '(Review)' article—the retracted work itself keeps its original type (review), not the retraction notice.",False,200,
https://openalex.org/W4282916192,https://doi.org/10.1186/s41100-022-00416-5,https://link.springer.com/10.1186/s41100-022-00416-5,retraction,retraction,False,high,"Title begins ""Retraction Note:"" announcing the withdrawal of the cited original article.",False,200,
https://openalex.org/W4384024453,https://doi.org/10.1155/2023/9756402,https://doi.org/10.1155/2023/9756402,retraction,retraction,False,high,"dc.type=""Retraction"" and title prefixed ""Retracted:"" with single reference to original work.",False,403,
https://openalex.org/W4289947496,https://doi.org/10.1208/s12249-022-02354-1,https://link.springer.com/10.1208/s12249-022-02354-1,retraction,retraction,False,high,"Title begins 'Retraction Note:' citing the original work, the canonical retraction-notice signal.",False,200,
https://openalex.org/W4389127054,https://doi.org/10.1155/2023/9825325,https://doi.org/10.1155/2023/9825325,retraction,retraction,False,high,dc.type=Retraction and title begins 'Retracted:' citing the original work as a withdrawal notice.,False,403,
https://openalex.org/W4283810613,https://doi.org/10.1038/s41598-022-15966-1,https://www.nature.com/articles/s41598-022-15966-1,retraction,retraction,False,high,"Title begins 'Retraction Note:' citing the withdrawn original work, which is the defining signal for a retraction notice.",False,200,
https://openalex.org/W4232412739,https://doi.org/10.1259/bjr.20170942.r,https://doi.org/10.1259/bjr.20170942.r,retraction,retraction,False,high,dc.Type meta tag is 'retraction' and DOI suffix '.r' on a single-page notice indicates a retraction notice.,False,403,
https://openalex.org/W4390702495,https://doi.org/10.1155/2024/9851527,https://doi.org/10.1155/2024/9851527,retraction,retraction,False,high,Title 'Retracted:' on a single-page notice citing one work signals a retraction notice.,False,403,
https://openalex.org/W4251505699,https://doi.org/10.1074/jbc.rx120.015588,https://linkinghub.elsevier.com/retrieve/pii/S0021925817499716,retraction,retraction,False,high,"Title begins 'Retraction:' citing the original article, a single-page notice with zero references.",False,200,
https://openalex.org/W4402613992,https://doi.org/10.1155/2024/9764184,https://doi.org/10.1155/2024/9764184,retraction,retraction,False,high,"Title prefixed 'RETRACTION:' citing the original work, a retraction notice.",False,403,
https://openalex.org/W2787312035,https://doi.org/10.1155/2015/714196,https://doi.org/10.1155/2015/714196,retraction,retraction,False,high,"dc.type ""Retraction"" and title prefixed ""Retracted:"" with single page and one reference indicate a retraction notice.",False,403,
https://openalex.org/W4293260147,https://doi.org/10.4103/0019-5545.249675,https://journals.lww.com/indianjpsychiatry/fulltext/2019/61010/retraction__the_princess_of_polka_dots__using_art.26.aspx,retraction,retraction,False,high,Title 'Retraction' with single reference citing original and final URL 'retraction__...' confirm a retraction notice.,False,200,
https://openalex.org/W4391223077,https://doi.org/10.1155/2024/9818926,https://doi.org/10.1155/2024/9818926,retraction,retraction,False,high,"Title begins 'Retracted:' with a single reference, a retraction notice issued by the journal.",False,403,
https://openalex.org/W4384821263,https://doi.org/10.1155/2023/9835478,https://doi.org/10.1155/2023/9835478,retraction,retraction,False,high,"dc.type=""Retraction"" and title prefixed ""Retracted:"" indicate a retraction notice.",False,403,
https://openalex.org/W4392973413,https://doi.org/10.1155/2024/9797654,https://doi.org/10.1155/2024/9797654,retraction,retraction,False,high,"dc.type ""Retraction"" and title ""Retracted: ..."" with single-page notice citing the original work.",False,403,
https://openalex.org/W4387088003,https://doi.org/10.1155/2023/9815835,https://doi.org/10.1155/2023/9815835,retraction,retraction,False,high,"dc.type=Retraction and title begins ""Retracted:"" with single page and one reference citing the original work.",False,403,
https://openalex.org/W4256268766,https://doi.org/10.1084/jem.2012148612112018r,https://doi.org/10.1084/jem.2012148612112018r,retraction,retraction,False,high,"Title begins with ""Retraction:"" citing the original work, a retraction notice.",False,403,
https://openalex.org/W4383066948,https://doi.org/10.1016/j.jbc.2023.104985,https://linkinghub.elsevier.com/retrieve/pii/S0021925823020136,retraction,retraction,False,high,"Title begins 'Withdrawal:' citing the original article, the canonical signal of a retraction/withdrawal notice.",False,200,
https://openalex.org/W4387329917,https://doi.org/10.1155/2023/9898736,https://doi.org/10.1155/2023/9898736,retraction,retraction,False,high,"dc.type is 'Retraction' and title begins 'Retracted:' citing the original work, a retraction notice.",False,403,
https://openalex.org/W4381989264,https://doi.org/10.1155/2023/9759146,https://doi.org/10.1155/2023/9759146,retraction,retraction,False,high,"dc.type is ""Retraction"" and title begins ""Retracted:"" announcing withdrawal of the original work.",False,403,
https://openalex.org/W4389668157,https://doi.org/10.1155/2023/9840191,https://doi.org/10.1155/2023/9840191,retraction,retraction,False,high,"Title starts with ""Retracted:"" and dc.type is ""Retraction,"" identifying a retraction notice.",False,403,
https://openalex.org/W4289637694,https://doi.org/10.1371/journal.pone.0272194,https://journals.plos.org/plosone/article?id=10.1371/journal.pone.0272194,retraction,retraction,False,high,"Title begins ""Retraction:"" citing the original article, a retraction notice.",False,200,
https://openalex.org/W4384819516,https://doi.org/10.1155/2023/9797209,https://doi.org/10.1155/2023/9797209,retraction,retraction,False,high,dc.type 'Retraction' and title 'Retracted:...' with single-page notice indicate a retraction notice.,False,403,
https://openalex.org/W3174347628,https://doi.org/10.1038/s41598-021-92516-1,https://www.nature.com/articles/s41598-021-92516-1,retraction,retraction,False,high,"Title begins ""Retraction Note:"" announcing withdrawal of the original work.",False,200,
https://openalex.org/W4235807583,https://doi.org/10.1371/journal.pone.0210343,https://journals.plos.org/plosone/article?id=10.1371/journal.pone.0210343,retraction,retraction,False,high,"Title begins ""Retraction:"" citing the original work, the canonical retraction-notice signal.",False,200,
https://openalex.org/W4385480284,https://doi.org/10.1155/2023/9761087,https://doi.org/10.1155/2023/9761087,retraction,retraction,False,high,"Title begins ""Retracted:"" and dc.type is ""Retraction,"" marking it a retraction notice.",False,403,
https://openalex.org/W4213436775,https://doi.org/10.1002/jcp.30438,https://doi.org/10.1002/jcp.30438,retraction,retraction,False,high,Title 'Retraction' with 0 refs on single page in a journal indicates a retraction notice.,False,403,
https://openalex.org/W4404468376,https://doi.org/10.1021/jacs.4c11001,https://doi.org/10.1021/jacs.4c11001,retraction,retraction,False,high,"Title begins ""Retraction of..."" and dc.Type is ""retraction"".",False,403,
https://openalex.org/W4293734604,https://doi.org/10.1186/s13046-022-02470-7,https://link.springer.com/10.1186/s13046-022-02470-7,retraction,retraction,False,high,"Title ""Retraction Note:"" announces withdrawal of the original article.",False,200,
https://openalex.org/W2012517631,https://doi.org/10.3390/foods2030350,https://doi.org/10.3390/foods2030350,retraction,retraction,False,high,dc.type=Retraction and title 'Retraction: Adyel et al...' is a withdrawal notice citing the original work.,False,403,
https://openalex.org/W4237098613,https://doi.org/10.1093/nar/gkt723,https://doi.org/10.1093/nar/gkt723,retraction,retraction,False,medium,Single-page record (9208-9208) with no abstract/refs reusing the original article title is a retraction notice.,False,403,
https://openalex.org/W4389991182,https://doi.org/10.1186/s12865-023-00594-9,https://link.springer.com/10.1186/s12865-023-00594-9,retraction,retraction,False,high,Title begins 'Retraction Note:' citing the withdrawn original work.,False,200,
https://openalex.org/W4376956842,https://doi.org/10.3389/fncom.2023.1215827,https://www.frontiersin.org/journals/computational-neuroscience/articles/10.3389/fncom.2023.1215827/full,retraction,retraction,False,high,"Title begins 'Retraction:' citing the original work, a retraction notice.",False,200,
https://openalex.org/W4402557494,https://doi.org/10.18632/oncotarget.28649,https://www.oncotarget.com/article/28649/pdf/,retraction,retraction,False,high,Title starts with 'Retraction:' and dc.type.articletype is 'Retraction' citing the original work.,False,200,
https://openalex.org/W4389386233,https://doi.org/10.2147/dddt.s453387,https://www.dovepress.com/retraction-solasodine-isolated-from-solanum-sisymbriifolium-fruits-has-peer-reviewed-fulltext-article-DDDT,retraction,retraction,False,high,Title and page title both declare this a '[Retraction]' notice for a specific article.,False,200,
https://openalex.org/W4310276909,https://doi.org/10.1155/2022/9807439,https://doi.org/10.1155/2022/9807439,retraction,retraction,False,high,dc.type 'Retraction' and title 'Retracted:...' with 1 reference indicate a retraction notice.,False,403,
https://openalex.org/W4390696142,https://doi.org/10.1155/2024/9842453,https://doi.org/10.1155/2024/9842453,retraction,retraction,False,high,dc.type 'Retraction' and title 'Retracted: ...' confirm a retraction notice.,False,403,
https://openalex.org/W4389130256,https://doi.org/10.1155/2023/9854915,https://doi.org/10.1155/2023/9854915,retraction,retraction,False,high,"dc.type=Retraction and title begins 'Retracted:' citing the original work, a retraction notice.",False,403,
https://openalex.org/W4387524061,https://doi.org/10.1155/2023/9759842,https://doi.org/10.1155/2023/9759842,retraction,retraction,False,high,"dc.type is ""Retraction"" and title begins ""Retracted:"" citing the original work, marking it as a retraction notice.",False,403,
https://openalex.org/W4387088019,https://doi.org/10.1155/2023/9825804,https://doi.org/10.1155/2023/9825804,retraction,retraction,False,high,dc.type 'Retraction' and title 'Retracted:' indicate a retraction notice.,False,403,
https://openalex.org/W4396598545,https://doi.org/10.1177/15330338241240520,https://doi.org/10.1177/15330338241240520,retraction,retraction,False,high,"Title begins ""Retracted:"" and dc.Type meta is ""retraction"", marking this a retraction notice.",False,403,
https://openalex.org/W4285097533,https://doi.org/10.1016/j.lfs.2022.120748,https://linkinghub.elsevier.com/retrieve/pii/S0024320522004489,retraction,retraction,False,high,"Title begins 'Retraction notice to' citing the original article, the defining retraction signal.",False,200,
https://openalex.org/W4393410493,https://doi.org/10.1021/acsami.4c04346,https://pubs.acs.org/doi/10.1021/acsami.4c04346,retraction,retraction,False,high,"Title begins ""Retraction of..."" and dc.Type is retraction.",False,200,
https://openalex.org/W4323314103,https://doi.org/10.3892/ol.2023.13743,https://www.spandidos-publications.com/10.3892/ol.2023.13743,retraction,article,True,high,"Title is the retracted article itself ('[Retracted] Study of...') not a retraction notice, so it keeps its own type article.",False,200,
https://openalex.org/W4377565857,https://doi.org/10.1042/bsr-2018-0532_ret,https://doi.org/10.1042/bsr-2018-0532_ret,retraction,retraction,False,high,"Title begins 'Retraction:' citing the original work, a withdrawal notice.",False,403,
https://openalex.org/W4387523454,https://doi.org/10.1155/2023/9890718,https://doi.org/10.1155/2023/9890718,retraction,retraction,False,high,"dc.type=Retraction and title ""Retracted:..."" with single reference indicate a retraction notice.",False,403,
https://openalex.org/W4387331113,https://doi.org/10.1155/2023/9783081,https://doi.org/10.1155/2023/9783081,retraction,retraction,False,high,"dc.type=Retraction and title begins 'Retracted:' with single page and one reference, marking it a retraction notice.",False,403,
https://openalex.org/W4378192852,https://doi.org/10.31003/uspnf_m6935_18_02,https://doi.usp.org/USPNF/USPNF_M6935_18_02.html,standard,standard,False,high,"USP-NF pharmacopeial monograph from a standards body, Crossref type 'standard' confirmed by USP.org landing page.",False,200,
https://openalex.org/W4293184832,https://doi.org/10.31003/uspnf_m31040_03_02,https://doi.usp.org/USPNF/USPNF_M31040_03_02.html,standard,standard,False,high,"USP-NF monograph from a standards body (USP), Crossref type standard, confirms a formal pharmacopeial standard.",False,200,
https://openalex.org/W4231856051,https://doi.org/10.31003/uspnf_m85420_03_01,https://doi.usp.org/USPNF/USPNF_M85420_03_01.html,standard,standard,False,high,"USP-NF monograph from a standards body (USP), Crossref type 'standard', live 200 page.",False,200,
https://openalex.org/W4254607038,https://doi.org/10.3403/30112217u,https://doi.org/10.3403/30112217u,standard,standard,False,high,BS ISO 14520-5 title and cr_type 'standard' identify it as an SDO standard; lp_status 404 with notfound text flags broken landing page.,True,404,
https://openalex.org/W4240521180,https://doi.org/10.3403/30361434u,https://knowledge.bsigroup.com:443/products/water-pipe-tobacco-determination-of-carbon-monoxide-in-the-vapour-phase-of-water-pipe-tobacco-smoke-ndir-method,standard,standard,False,high,"BSI/ISO technical specification (PD ISO/TS 22491) from a standards body, with cr_type 'standard'.",False,200,
https://openalex.org/W4253945562,https://doi.org/10.3403/30291094,https://knowledge.bsigroup.com:443/products/water-quality-determination-of-organochlorine-pesticides-ocp-in-whole-water-samples-method-using-solid-phase-extraction-spe-with-spe-disks-combined-with-gas-chromatography-mass-spectrometry-gc-ms,standard,standard,False,high,BSI/EN standard number 'BS EN 16693:2015' in title and Crossref type 'standard'.,False,200,
https://openalex.org/W4233948575,https://doi.org/10.3403/30211437u,https://knowledge.bsigroup.com:443/products/indexable-hard-material-inserts-with-rounded-corners-with-partly-cylindrical-fixing-hole-dimensions,standard,standard,False,high,BS ISO 6987 BSI standard record with cr_type 'standard'.,False,200,
https://openalex.org/W4229752484,https://doi.org/10.3403/00030830u,https://knowledge.bsigroup.com:443/products/hand-held-electric-motor-operated-tools-specification-for-general-requirements,standard,standard,False,high,BSI standard BS 2769-1 with Crossref type 'standard' and BSI Group landing page.,False,200,
https://openalex.org/W4249958512,https://doi.org/10.3403/02177641u,https://knowledge.bsigroup.com:443/products/health-informatics-clinical-analyser-interfaces-to-laboratory-information-systems,standard,standard,False,high,BSI standard DD ENV 13728 with cr_type 'standard' on a standards-body landing page.,False,200,
https://openalex.org/W4225488500,https://doi.org/10.3403/30397132,https://knowledge.bsigroup.com:443/products/linux-standard-base-lsb-core-specification-for-s390-architecture,standard,standard,False,high,BSI landing page shows ISO/IEC standard designation BS ISO/IEC 23360-7-2:2021 with cr_type 'standard'.,False,200,
https://openalex.org/W4379380746,https://doi.org/10.3403/30366173,https://knowledge.bsigroup.com:443/products/fibre-optic-communication-subsystem-test-procedures-installed-passive-optical-networks-attenuation-and-optical-return-loss-measurements-1,standard,standard,False,high,BSI/EN/IEC standard designation (BS EN IEC 61280-4-3:2022) with cr_type 'standard' from a standards body landing page.,False,200,
https://openalex.org/W4243779056,https://doi.org/10.4271/j1939/16_201811,https://saemobilus.sae.org/standards/j193916_201811-automatic-baud-rate-detection-process,standard,standard,False,high,"SAE J1939 standard from an SDO (saemobilus.sae.org), cr_type=standard.",False,200,
https://openalex.org/W4252476544,https://doi.org/10.4271/arp1798b,https://saemobilus.sae.org/standards/arp1798b-portable-emergency-lighting-systems-flight-crew-members,standard,standard,False,high,SAE ARP standard hosted on SAE MOBILUS standards platform with cr_type 'standard'.,False,200,
https://openalex.org/W4240219898,https://doi.org/10.1520/b0188-15e01,https://store.astm.org/b0188-15e01.html,standard,standard,False,high,ASTM specification on store.astm.org with cr_type 'standard'.,False,200,
https://openalex.org/W4234951781,https://doi.org/10.3403/30079181,https://knowledge.bsigroup.com:443/products/slide-fasteners-zips-specification,standard,standard,False,high,"BSI standard BS 3084:2006 specification, crossref type 'standard' and BSI landing page confirm.",False,200,
https://openalex.org/W7161029759,https://doi.org/10.31030/3698031,https://www.dinmedia.de/de/norm-entwurf/din-en-2883/402327797,standard,standard,False,high,"DIN EN standard from DIN Media SDO, cr_type 'standard'.",False,200,
https://openalex.org/W4246944695,https://doi.org/10.1520/e1439,https://store.astm.org/e1439-12r19.html,standard,standard,False,high,"ASTM E1439 standard guide from the ASTM store, title prefixed 'Standard Guide'.",False,200,
https://openalex.org/W4255911938,https://doi.org/10.1520/d7115,https://store.astm.org/d7115-20r26.html,standard,standard,False,high,"ASTM standard test method (cr_type 'standard', store.astm.org landing page).",False,200,
https://openalex.org/W4245876218,https://doi.org/10.3403/30386410,https://knowledge.bsigroup.com:443/products/assessment-service-delivery-procedures-and-methods-to-assess-people-in-work-and-organizational-settings-requirements-for-service-providers-1,standard,standard,False,high,"BSI/ISO 10667-2:2020 standard from a standards body, confirmed by cr_type 'standard' and BSI landing page.",False,200,
https://openalex.org/W4235278298,https://doi.org/10.1520/d5380,https://store.astm.org/d5380-93r21.html,standard,standard,False,high,ASTM standard test method (D5380) with Crossref type 'standard' and astm.org landing page.,False,200,
https://openalex.org/W7140159643,https://doi.org/10.1520/c0929-14r26,https://store.astm.org/c0929-14r26.html,standard,standard,False,high,"ASTM Practice document (DOI 10.1520, store.astm.org) with cr_type 'standard' is a formal SDO standard.",False,200,
https://openalex.org/W4238974844,https://doi.org/10.3403/00131567u,https://knowledge.bsigroup.com:443/products/guide-to-macroscopic-examination-of-steel-by-etching-with-strong-mineral-acids,standard,standard,False,high,BSI standard BS 6533 from a standards body with cr_type 'standard'.,False,200,
https://openalex.org/W4251605236,https://doi.org/10.3403/30387876,https://knowledge.bsigroup.com:443/products/mechanical-products-methodology-for-reduction-of-environmental-impacts-in-product-design-and-development-1,standard,standard,False,high,BSI standard BS EN 16524:2020 landing page confirms a formal SDO standard.,False,200,
https://openalex.org/W4375857571,https://doi.org/10.1520/f2761-09r13,https://store.astm.org/f2761-09r13.html,standard,standard,False,high,"ASTM F2761 standard record (cr_type ""standard"") on astm.org store.",False,200,
https://openalex.org/W4381326808,https://doi.org/10.3403/30355505u,https://knowledge.bsigroup.com:443/products/test-methods-for-electrical-materials-printed-board-and-other-interconnection-structures-and-assemblies-test-methods-for-materials-for-interconnection-structures-moisture-absorption-after-pressure-vessel-conditioning,standard,standard,False,high,BSI/IEC standard designation (BS EN IEC 61189-2-630) with cr_type 'standard'.,False,200,
https://openalex.org/W4240770425,https://doi.org/10.31030/9848700,https://www.dinmedia.de/de/norm/din-en-iso-16812/98198695,standard,standard,False,high,DIN EN ISO standard with cr_type 'standard' issued by standards body.,False,200,
https://openalex.org/W4406942943,https://doi.org/10.31003/fcc_f105052_02_01,https://doi.usp.org/USPFCC/FCC_F105052_02_01.html,standard,standard,False,high,Crossref type 'standard' and USP-NF (Food Chemicals Codex) monograph from a standards body.,False,200,
https://openalex.org/W4252172048,https://doi.org/10.4271/j2840_201708,https://saemobilus.sae.org/standards/j2840_201708-high-voltage-shielded-jacketed-cable,standard,standard,False,high,SAE-issued J2840 specification with cr_type 'standard' and SDO landing URL confirms a formal standard.,False,200,
https://openalex.org/W4321766115,https://doi.org/10.3403/30450779,https://knowledge.bsigroup.com:443/products/paints-and-varnishes-determination-of-scratch-resistance-constant-loading-method-3,standard,standard,False,high,"BS EN ISO 1518-1:2023 from BSI standards body, Crossref type 'standard'.",False,200,
https://openalex.org/W4255676706,https://doi.org/10.4271/ams3044g,https://saemobilus.sae.org/standards/ams3044g-magnetic-particles-fluorescent-wet-method-dry-powder,standard,standard,False,high,SAE AMS standard hosted on SAE MOBILUS with cr_type 'standard'.,False,200,
https://openalex.org/W4247373215,https://doi.org/10.1520/d6489-99r12,https://store.astm.org/d6489-99r12.html,standard,standard,False,high,ASTM standard test method with cr_type 'standard' and astm.org store landing page.,False,200,
https://openalex.org/W4245483178,https://doi.org/10.3403/30149456u,https://knowledge.bsigroup.com:443/products/integrated-circuits-measurement-of-electromagnetic-immunity-150-khz-to-1-ghz-direct-rf-power-injection-method,standard,standard,False,high,Crossref type 'standard' with BS EN 62132-4 designation from BSI standards body.,False,200,
https://openalex.org/W4253954491,https://doi.org/10.3403/01840393u,https://knowledge.bsigroup.com:443/products/cie-standard-illuminants-for-colorimetry,standard,standard,False,high,Crossref type 'standard' for a CIE/BSI illuminants specification confirms an SDO standard; lp_status 200 reachable.,False,200,
https://openalex.org/W4231552817,https://doi.org/10.1520/d5240_d5240m-12r13e01,https://store.astm.org/d5240_d5240m-12r13e01.html,standard,standard,False,high,ASTM test method designation with cr_type 'standard' from a standards body store URL.,False,200,
https://openalex.org/W4245737879,https://doi.org/10.1520/f1413-07r13,https://store.astm.org/f1413-07r13.html,standard,standard,False,high,ASTM standard (F1413) with cr_type 'standard' and astm.org store landing page.,False,200,
https://openalex.org/W4252783509,https://doi.org/10.1520/f0075,https://store.astm.org/f0075-23.html,standard,standard,False,high,ASTM specification with cr_type 'standard' hosted on store.astm.org.,False,200,
https://openalex.org/W4396528390,https://doi.org/10.1520/d5315-04r24,https://store.astm.org/d5315-04r24.html,standard,standard,False,high,ASTM standard test method D5315 with cr_type 'standard' from an SDO.,False,200,
https://openalex.org/W4235106640,https://doi.org/10.1520/d6460-07,https://store.astm.org/d6460-07.html,standard,standard,False,high,"ASTM D6460 Standard Test Method from an SDO, crossref type 'standard'.",False,200,
https://openalex.org/W4226203150,https://doi.org/10.31030/3306077,https://www.dinmedia.de/de/norm-entwurf/din-en-iso-4628-5/346737476,standard,standard,False,high,"DIN EN ISO standard from DIN/Beuth standards body, cr_type 'standard'.",False,200,
https://openalex.org/W4250288252,https://doi.org/10.3403/bs5478,https://knowledge.bsigroup.com/search?type=products&productType=standard&query=BS%205478,standard,standard,False,high,BSI standard number BS 5478 with cr_type 'standard' from a standards body.,False,200,
https://openalex.org/W4310795285,https://doi.org/10.3403/30434944,https://knowledge.bsigroup.com:443/products/sports-and-recreational-facilities-trampoline-parks-safety-requirements-1,standard,standard,False,high,BSI/EN/ISO standard (BS EN ISO 23659:2022) with cr_type 'standard' and SDO landing page.,False,200,
https://openalex.org/W4254717908,https://doi.org/10.3403/30176937,https://knowledge.bsigroup.com:443/products/industrial-process-control-systems-instruments-with-analogue-inputs-and-two-or-multi-state-outputs-guidance-for-inspection-and-routine-testing,standard,standard,False,high,BSI/EN standard (BS EN 61003-2:2009) confirmed by cr_type 'standard' and BSI landing page.,False,200,
https://openalex.org/W4213375993,https://doi.org/10.3403/30373796u,https://knowledge.bsigroup.com:443/products/measurement-of-the-complex-permittivity-for-low-loss-dielectric-substrates-balanced-type-circular-disk-resonator-method-2,standard,standard,False,high,BSI/IEC standard (BS EN IEC 63185) on a standards body landing page.,False,200,
https://openalex.org/W4293186367,https://doi.org/10.31003/uspnf_m69930_01_02,https://doi.usp.org/USPNF/USPNF_M69930_01_02.html,standard,standard,False,high,"USP-NF monograph from a standards body (cr_type standard, doi.usp.org), a formal pharmacopeial standard.",False,200,
https://openalex.org/W7118465159,https://doi.org/10.3403/30466024u,https://knowledge.bsigroup.com:443/products/geographic-information-calibration-and-validation-of-remote-sensing-data-and-derived-products-synthetic-aperture-radar-sar,standard,standard,False,high,Crossref type 'standard' from BSI standards body for a geographic information specification.,False,200,
https://openalex.org/W4245771516,https://doi.org/10.3403/30090080,https://knowledge.bsigroup.com:443/products/wheelchairs-determination-of-dimensions-mass-and-manoeuvring-space,standard,standard,False,high,BSI/ISO standard (BS ISO 7176-5:2008) confirmed by cr_type 'standard' and BSI landing page.,False,200,
https://openalex.org/W4254485588,https://doi.org/10.3403/30325972u,https://knowledge.bsigroup.com:443/products/information-technology-generic-cabling-for-customer-premises-general-requirements,standard,standard,False,high,Crossref type 'standard' and BSI standards body landing page confirm a formal technical standard.,False,200,
https://openalex.org/W4205510275,https://doi.org/10.31030/3282897,https://www.dinmedia.de/de/norm-entwurf/din-8541-3/343156333,standard,standard,False,high,"DIN 8541-3 is a formal DIN standard, confirmed by cr_type 'standard' and the title.",False,200,
https://openalex.org/W7125374392,https://doi.org/10.1520/b1014-20r26,https://store.astm.org/b1014-20r26.html,standard,standard,False,high,ASTM specification with cr_type 'standard' on store.astm.org landing page.,False,200,
https://openalex.org/W4255486105,https://doi.org/10.3403/30318745,https://knowledge.bsigroup.com:443/products/space-systems-product-assurance-requirements-for-commercial-satellites,standard,standard,False,high,BS ISO 20188:2018 from BSI is a formal SDO standard.,False,200,
https://openalex.org/W4232053292,https://doi.org/10.3403/30133727,https://knowledge.bsigroup.com:443/products/information-technology-business-operational-view-technical-introduction-to-e-business-modelling-1,standard,standard,False,high,Crossref type 'standard' and ISO/IEC TR designation from BSI standards body.,False,200,
https://openalex.org/W4235039180,https://doi.org/10.3403/00249565u,https://knowledge.bsigroup.com:443/products/methods-of-testing-refractory-materials-refractory-and-thermal-properties-determination-of-thermal-conductivity-panel-calorimeter-method-method-1902-505,standard,standard,False,high,BSI standard BS 1902-5.5 with cr_type 'standard' from BSI Group.,False,200,
https://openalex.org/W4252840621,https://doi.org/10.1520/d6009-12,https://store.astm.org/d6009-12.html,standard,standard,False,high,"ASTM D6009-12 standard from store.astm.org, cr_type 'standard'.",False,200,
https://openalex.org/W4246159115,https://doi.org/10.1520/d6668,https://store.astm.org/d6668-21.html,standard,standard,False,high,"ASTM standard test method (cr_type 'standard', title 'Standard Test Method...', store.astm.org landing).",False,200,
https://openalex.org/W4246914958,https://doi.org/10.3403/30054282,https://knowledge.bsigroup.com:443/products/fume-cupboards-type-test-methods-1,standard,standard,False,high,BSI EN standard (BS EN 14175-3:2003) with Crossref type 'standard'.,False,200,
https://openalex.org/W4242786966,https://doi.org/10.1520/d3889_d3889m-96r12,https://store.astm.org/d3889_d3889m-96r12.html,standard,standard,False,high,ASTM standard test method with cr_type 'standard' on store.astm.org.,False,200,
https://openalex.org/W4254010558,https://doi.org/10.3403/30176258,https://doi.org/10.3403/30176258,standard,standard,False,high,BS EN 55016 designation and cr_type 'standard' confirm SDO standard; lp_status 404 with notfound text marks the landing page dead.,True,404,
https://openalex.org/W4245760287,https://doi.org/10.3403/30341089,https://knowledge.bsigroup.com:443/products/automation-systems-and-integration-interoperability-of-capability-units-for-manufacturing-application-solutions-capability-templates-and-software-unit-cataloguing,standard,standard,False,high,"BS ISO 16300-2:2019 from BSI is a formal SDO standard, matching cr_type 'standard'.",False,200,
https://openalex.org/W4241614113,https://doi.org/10.3403/30216055,https://knowledge.bsigroup.com:443/products/guidelines-for-the-inclusion-of-documentation-aspects-in-product-standards-1,standard,standard,False,high,Crossref type 'standard' and IEC/TS 62666:2010 designation indicate a formal SDO standard.,False,200,
https://openalex.org/W4254181200,https://doi.org/10.1520/d8268,https://store.astm.org/d8268-19r23.html,standard,standard,False,high,ASTM 'Standard Practice' title with cr_type 'standard' from an SDO.,False,200,
https://openalex.org/W4251731427,https://doi.org/10.12999/awwa.c219.06,https://doi.org/10.12999/awwa.c219.06,standard,standard,False,high,AWWA C219-06 is a formal SDO standard; lp_status 404 with notfound_text indicates a dead landing page.,True,404,
https://openalex.org/W4296791297,https://doi.org/10.1520/f3541-22,https://store.astm.org/f3541-22.html,standard,standard,False,high,ASTM standard practice from astm.org with cr_type 'standard'.,False,200,
https://openalex.org/W4244421757,https://doi.org/10.3403/30375843,https://knowledge.bsigroup.com:443/products/wallcoverings-vocabulary-and-symbols,standard,standard,False,high,BSI/EN standard designation BS EN 235:2020 from a standards body confirms type standard.,False,200,
https://openalex.org/W4237363745,https://doi.org/10.1148/cases.20201381,https://cases.rsna.org/case/604fdf66-2c4e-400d-b72d-b5a0216e1ee1,standard,article,True,medium,"RSNA Case Collection landing page presents a radiology case report, fitting article (case report) rather than the mislabeled 'standard' type.",False,200,
https://openalex.org/W4256259025,https://doi.org/10.3403/30340794,https://knowledge.bsigroup.com:443/products/plastics-determination-of-fracture-toughness-g-sub-ic-sub-and-k-sub-ic-sub-at-moderately-high-loading-rates-1-m-s,standard,standard,False,high,BS ISO 17281:2018 from BSI is a formal SDO standard.,False,200,
https://openalex.org/W4230871586,https://doi.org/10.3403/bseniso5845,https://knowledge.bsigroup.com/search?type=products&productType=standard&query=BS%20EN%20ISO%205845,standard,standard,False,high,Crossref type 'standard' and BS EN ISO 5845 designation identify it as a formal SDO standard.,False,200,
https://openalex.org/W4235520116,https://doi.org/10.1520/d4391,https://store.astm.org/d4391-18a.html,standard,standard,False,high,ASTM terminology standard (D4391) on store.astm.org with Crossref type 'standard'.,False,200,
https://openalex.org/W4308698375,https://doi.org/10.31030/3394751,https://www.dinmedia.de/de/norm-entwurf/din-en-iso-23500-5/360599754,standard,standard,False,high,DIN EN ISO standard title with cr_type 'standard' from DIN media publisher.,False,200,
https://openalex.org/W4239758306,https://doi.org/10.3403/02446991u,https://knowledge.bsigroup.com:443/products/hydraulic-road-binders-composition-specifications-and-conformity-criteria,standard,standard,False,high,BSI landing page and Crossref type 'standard' with designation DD ENV 13282 confirm a formal standards document.,False,200,
https://openalex.org/W4251866581,https://doi.org/10.3403/30298937u,https://knowledge.bsigroup.com:443/products/building-construction-machinery-and-equipment-concrete-mixers-procedure-for-examination-of-mixing-efficiency-1,standard,standard,False,high,Crossref type 'standard' and BS ISO 18650-2 title from BSI standards body.,False,200,
https://openalex.org/W7160531805,https://doi.org/10.4271/as3255e,https://saemobilus.sae.org/standards/as3255e-bolt-machine-double-hexagon-extended-washer-head-drilled-pd-shank-silver-plated-nickel-alloy-uns-n07718-185-ksi-min-5000-20-unjf-3a,standard,standard,False,high,"SAE aerospace standard (AS3255E) from a standards body, cr_type=standard.",False,200,
https://openalex.org/W4256151500,https://doi.org/10.31030/1885124,https://www.dinmedia.de/de/technische-regel/din-cen-tr-15003/151419501,standard,standard,False,high,DIN CEN/TR standard document from DIN Media with cr_type 'standard'.,False,200,
https://openalex.org/W4411330816,https://doi.org/10.3403/30473000,https://knowledge.bsigroup.com:443/products/thermal-insulation-and-energy-economy-in-buildings-method-to-determine-the-durability-of-bondings-with-adhesive-tapes-and-adhesive-masses-for-the-establishment-of-airtight-layers-under-climatic-conditions-representative-for-indoor-environments,standard,standard,False,high,Crossref type 'standard' and BSI Group standards-product landing page confirm it is a formal standard.,False,200,
https://openalex.org/W4250790286,https://doi.org/10.1520/d0883-19a,https://store.astm.org/d0883-19a.html,standard,standard,False,high,ASTM D883 standard terminology from store.astm.org with cr_type 'standard'.,False,200,
https://openalex.org/W4251662317,https://doi.org/10.1520/d4399-05r11,https://store.astm.org/d4399-05r11.html,standard,standard,False,high,ASTM standard test method on store.astm.org with cr_type 'standard'.,False,200,
https://openalex.org/W4233103561,https://doi.org/10.31030/2666147,https://www.dinmedia.de/de/norm/din-en-15621/273254469,standard,standard,False,high,"DIN EN standard from a standards body (cr_type standard, DIN Media landing page).",False,200,
https://openalex.org/W4237862359,https://doi.org/10.31030/2897136,https://www.dinmedia.de/de/norm/din-en-13445-2/296301751,standard,standard,False,high,DIN EN standard with cr_type 'standard' from DIN Media.,False,200,
https://openalex.org/W4234630480,https://doi.org/10.31030/2534962,https://www.dinmedia.de/de/norm/din-478/256854264,standard,standard,False,high,"DIN 478 number, Crossref type 'standard', and DIN Media landing page identify a formal SDO standard.",False,200,
https://openalex.org/W4248330885,https://doi.org/10.1520/c0849-88r20,https://store.astm.org/c0849-88r20.html,standard,standard,False,high,ASTM test method with cr_type 'standard' from a standards body (astm.org).,False,200,
https://openalex.org/W4386563277,https://doi.org/10.1109/ieeestd.2023.10246119,https://ieeexplore.ieee.org/document/10246119/,standard,standard,False,high,"IEEE Standard C37.90.3-2023 from IEEE SDO, cr_type 'standard'.",False,202,
https://openalex.org/W4401940222,https://doi.org/10.3403/30452620,https://knowledge.bsigroup.com:443/products/functional-requirements-for-disposition-of-records-16,standard,standard,False,high,BSI Knowledge page for PD ISO/TS 7538:2024 confirms a formal SDO standard.,False,200,
https://openalex.org/W4256126012,https://doi.org/10.31030/2559618,https://www.dinmedia.de/de/norm/din-en-3375-007/259026557,standard,standard,False,high,DIN EN standard from DIN media with cr_type 'standard'.,False,200,
https://openalex.org/W2189390838,https://doi.org/10.3403/30107662,https://knowledge.bsigroup.com:443/products/aerospace-series-aircraft-internal-air-quality-standards-criteria-and-determination-methods,standard,standard,False,high,Crossref type 'standard' and BS EN 4618:2009 designation confirm an SDO-issued standard.,False,200,
https://openalex.org/W4245731183,https://doi.org/10.3403/00225384u,https://knowledge.bsigroup.com:443/products/buildings-and-structures-for-agriculture-guide-to-regulations-and-sources-of-information,standard,standard,False,high,"BSI standard BS 5502-11 from a standards body, cr_type 'standard'.",False,200,
https://openalex.org/W4232995202,https://doi.org/10.1520/e2421-15,https://store.astm.org/e2421-15.html,standard,standard,False,high,"ASTM E2421 standard guide from a standards body, cr_type 'standard'.",False,200,
https://openalex.org/W4392779546,https://doi.org/10.3403/30432485,https://knowledge.bsigroup.com:443/products/plastics-piping-systems-for-water-supply-and-for-drains-and-sewers-under-pressure-polyethylene-pe-fittings-1,standard,standard,False,high,Crossref type 'standard' and BSI standards-body landing page confirm a formal SDO standard.,False,200,
https://openalex.org/W4233288260,https://doi.org/10.31003/uspnf_m9317_01_01,https://doi.usp.org/USPNF/USPNF_M9317_01_01.html,standard,standard,False,high,"USP-NF monograph with cr_type 'standard' from a standards body, page reachable (200).",False,200,
https://openalex.org/W4252798469,https://doi.org/10.31003/uspnf_m59047_02_01,https://doi.usp.org/USPNF/USPNF_M59047_02_01.html,standard,standard,False,high,"USP-NF pharmacopeial monograph from a standards body, Crossref type 'standard'.",False,200,
https://openalex.org/W4255068249,https://doi.org/10.3403/02397672u,https://knowledge.bsigroup.com:443/products/tools-for-moulding-mould-bases-round-locating-elements-and-spacers,standard,standard,False,high,"BSI/ISO standard (BS ISO 8406) from a standards body, cr_type 'standard'.",False,200,
https://openalex.org/W4237769203,https://doi.org/10.3403/00112376u,https://knowledge.bsigroup.com:443/products/universal-decimal-classification-english-full-edition-plastic-or-chipless-working-forming-and-treatment-of-materials,standard,standard,False,high,"BSI standard BS 1000 from a standards body, confirmed by cr_type 'standard' and BSI landing page.",False,200,
https://openalex.org/W4253780783,https://doi.org/10.1520/d2559,https://store.astm.org/d2559-12ar24.html,standard,standard,False,high,ASTM specification (D2559) with cr_type 'standard' on store.astm.org landing page.,False,200,
https://openalex.org/W4230177130,https://doi.org/10.3403/02489527u,https://knowledge.bsigroup.com:443/products/milk-and-milk-products-general-guidance-for-the-preparation-of-test-samples-initial-suspensions-and-decimal-dilutions-for-microbiological-examination,standard,standard,False,high,"BS EN ISO standard from BSI standards body, Crossref type 'standard'.",False,200,
https://openalex.org/W4207018011,https://doi.org/10.31030/3175199,https://www.dinmedia.de/de/norm-entwurf/din-en-iso-22518/325264809,standard,standard,False,high,DIN EN ISO standard title with cr_type 'standard' from a standards body (Beuth/DIN).,False,200,
https://openalex.org/W4251916513,https://doi.org/10.3403/30325654,https://knowledge.bsigroup.com:443/products/electric-cables-accessories-material-characterization-fingerprinting-for-heat-shrinkable-components-for-low-and-medium-voltage-applications-up-to-20-8-36-42-kv,standard,standard,False,high,Crossref type 'standard' and BSI/EN standard designation (BS EN 50655-2:2017) confirm a formal SDO standard.,False,200,
https://openalex.org/W4250041972,https://doi.org/10.31030/2017009,https://www.dinmedia.de/de/norm/din-en-62227/186960246,standard,standard,False,high,"DIN EN 62227 is a formal DIN/IEC standard, matching cr_type 'standard'.",False,200,
https://openalex.org/W4239300705,https://doi.org/10.3403/00760715u,https://knowledge.bsigroup.com:443/products/welding-consumables-wire-electrodes-and-wire-flux-combinations-for-submerged-arc-welding-of-non-alloy-and-fine-grain-steels-classification,standard,standard,False,high,"BS EN 756 from BSI standards body, cr_type 'standard'.",False,200,
https://openalex.org/W4252546231,https://doi.org/10.3403/30342052,https://knowledge.bsigroup.com:443/products/chemicals-used-for-treatment-of-water-intended-for-human-consumption-aluminium-chloride-anhydrous-aluminium-chloride-basic-dialuminium-chloride-pentahydroxide-and-aluminium-chloride-hydroxide-sulfate,standard,standard,False,high,"BS EN 17034:2018 from BSI is a formal SDO standard, confirmed by Crossref type 'standard' and the page title.",False,200,
https://openalex.org/W4255812083,https://doi.org/10.3403/30015559u,https://knowledge.bsigroup.com:443/products/precast-concrete-products-floor-plates-for-floor-systems,standard,standard,False,high,BS EN 13747 BSI standard with cr_type 'standard' and BSI knowledge landing page.,False,200,
https://openalex.org/W4232459454,https://doi.org/10.4271/ams5737p,https://saemobilus.sae.org/standards/ams5737p-steel-corrosion-heat-resistant-bars-wire-forgings-tubing-15cr-255ni-12mo-21ti-0006b-030v-consumable-electrode-melted-1650-f-899-c-solution-precipitation-heat-treated,standard,standard,False,high,"SAE AMS aerospace material specification (cr_type=standard) from SAE standards body, URL path /standards/.",False,200,
https://openalex.org/W4407169365,https://doi.org/10.1109/ieeestd.2024.10876106,https://ieeexplore.ieee.org/document/10876106/,standard,standard,False,high,IEEE Xplore standard C57.165-2024 with cr_type 'standard' from a standards body.,False,202,
https://openalex.org/W4249860729,https://doi.org/10.3403/30173761,https://knowledge.bsigroup.com:443/products/aluminium-and-aluminium-alloys-weldable-rolled-products-for-tanks-for-the-storage-and-transportation-of-dangerous-goods,standard,standard,False,high,"BS EN 14286:2008 BSI standard, cr_type=standard.",False,200,
https://openalex.org/W4308194176,https://doi.org/10.31030/3378518,https://www.dinmedia.de/de/norm-entwurf/din-en-iso-17751-2/357848434,standard,standard,False,high,"DIN EN ISO standard from a standards body, Crossref type 'standard'.",False,200,
https://openalex.org/W4253104858,https://doi.org/10.1520/d5089,https://store.astm.org/d5089-95r14.html,standard,standard,False,high,"ASTM 'Standard Test Method' D5089 from a standards body, Crossref type=standard.",False,200,
https://openalex.org/W4236230902,https://doi.org/10.31030/3065871,https://www.dinmedia.de/de/norm-entwurf/din-en-3155-077/308278439,standard,standard,False,high,"DIN EN standard document from a standards body, cr_type=standard.",False,200,
https://openalex.org/W4293188143,https://doi.org/10.31003/uspnf_r2140_01_02,https://doi.usp.org/USPNF/USPNF_R2140_01_02.html,standard,standard,False,high,USP-NF pharmacopeial monograph from a standards body with cr_type 'standard' and live 200 page.,False,200,
https://openalex.org/W4238709070,https://doi.org/10.1520/d1742-20,https://store.astm.org/d1742-20.html,standard,standard,False,high,ASTM standard test method (cr_type standard) on astm.org store page.,False,200,
https://openalex.org/W4234809963,https://doi.org/10.1520/d7023-06r18,https://store.astm.org/d7023-06r18.html,standard,standard,False,high,ASTM designation D7023 with cr_type 'standard' and ASTM store landing page confirms a formal SDO standard.,False,200,
https://openalex.org/W4414798207,https://doi.org/10.3403/30423828,https://knowledge.bsigroup.com:443/products/explosives-for-civil-uses-explosives-for-blasting-boosters-and-explosive-substances-requirements,standard,standard,False,high,Crossref type 'standard' and BSI standards-body landing page confirm a formal standard.,False,200,
https://openalex.org/W4253045723,https://doi.org/10.3403/01932836u,https://knowledge.bsigroup.com:443/products/ships-and-marine-technology-manholes-with-bolted-covers,standard,standard,False,high,BSI/ISO standard (BS ISO 5894) with cr_type 'standard' on BSI landing page.,False,200,
https://openalex.org/W4315783657,https://doi.org/10.31030/3373401,https://www.dinmedia.de/de/norm/din-en-iec-60027-2/357016327,standard,standard,False,high,DIN EN IEC standard from Beuth/DIN with cr_type 'standard'.,False,200,
https://openalex.org/W4234133682,https://doi.org/10.1520/e2746,https://store.astm.org/e2746-11.html,standard,standard,False,high,"ASTM standard specification (cr_type 'standard', title 'Standard Specification', astm.org venue).",False,200,
https://openalex.org/W4386856550,https://doi.org/10.3403/30446833u,https://knowledge.bsigroup.com:443/products/specifications-for-particular-types-of-winding-wires-polyester-or-polyesterimide-overcoated-with-polyamide-imide-enamelled-rectangular-copper-wire-class-220,standard,standard,False,high,"BSI/IEC standard (BS EN IEC 60317-93:2023) from BSI Knowledge, cr_type 'standard'.",False,200,
https://openalex.org/W4246497278,https://doi.org/10.3403/30373123u,https://knowledge.bsigroup.com:443/products/biometric-authentication-for-critical-infrastructure-access-control-requirements-and-evaluation,standard,standard,False,high,BSI/CEN technical specification (PD CEN/TS 17261) from a standards body confirms standard type.,False,200,
https://openalex.org/W4244187639,https://doi.org/10.12999/awwa.c153.06,https://doi.org/10.12999/awwa.c153.06,standard,standard,False,high,AWWA ANSI standard (cr_type=standard) with lp_status 404 and notfound text indicating dead landing page.,True,404,
https://openalex.org/W4402769102,https://doi.org/10.1520/e2274-24,https://store.astm.org/e2274-24.html,standard,standard,False,high,ASTM E2274 designation with cr_type 'standard' from an SDO store page is a formal standard.,False,200,
https://openalex.org/W4205712435,https://doi.org/10.31030/3239957,https://www.dinmedia.de/de/norm-entwurf/din-en-iso-25424-a1/335605115,standard,standard,False,high,"DIN EN ISO standard from a standards body, cr_type 'standard'.",False,200,
https://openalex.org/W4246210191,https://doi.org/10.3403/03205844u,https://knowledge.bsigroup.com:443/products/fuel-injection-equipment-vocabulary-high-pressure-pipes-and-end-connections,standard,standard,False,high,BS ISO standard title and Crossref type 'standard' from BSI Group.,False,200,
https://openalex.org/W4254608395,https://doi.org/10.31003/uspnf_m80845_02_01,https://doi.usp.org/USPNF/USPNF_M80845_02_01.html,standard,standard,False,high,"USP-NF monograph from a standards body (cr_type=standard), a formal pharmacopeial specification.",False,200,
https://openalex.org/W4233007000,https://doi.org/10.1520/d4897_d4897m-16,https://store.astm.org/d4897_d4897m-16.html,standard,standard,False,high,"ASTM standard specification (cr_type 'standard', store.astm.org landing page).",False,200,
https://openalex.org/W4226501546,https://doi.org/10.3403/30437749,https://knowledge.bsigroup.com:443/products/space-product-assurance-software-metrication-programme-definition-and-implementation,standard,standard,False,high,BSI landing page and CEN/CLC/TR designation confirm a formal standards-body document.,False,200,
https://openalex.org/W4240548292,https://doi.org/10.3403/30340578,https://knowledge.bsigroup.com:443/products/round-and-sawn-timber-methods-of-measurements-features-and-biological-degradations,standard,standard,False,high,"Crossref type 'standard' and BSI landing page show BS EN 1309-3:2018, a formal SDO standard.",False,200,
https://openalex.org/W4244428877,https://doi.org/10.31003/uspnf_m58170_02_01,https://doi.usp.org/USPNF/USPNF_M58170_02_01.html,standard,standard,False,high,"USP-NF monograph from a standards body (cr_type=standard), a formal pharmacopeial specification.",False,200,
https://openalex.org/W4240510015,https://doi.org/10.3403/30267253u,https://knowledge.bsigroup.com:443/products/measurement-of-dc-magnetic-ac-magnetic-and-ac-electric-fields-from-1-hz-to-100-khz-with-regard-to-exposure-of-human-beings-basic-standard-for-measurements,standard,standard,False,high,"BS IEC 61786-2 is a formal SDO standard, confirmed by cr_type 'standard' and BSI landing page.",False,200,
https://openalex.org/W4245854914,https://doi.org/10.1520/c0650-04r09,https://store.astm.org/c0650-04r09.html,standard,standard,False,high,"ASTM Standard Test Method from store.astm.org, cr_type 'standard'.",False,200,
https://openalex.org/W4252352691,https://doi.org/10.1520/f1646-13,https://store.astm.org/f1646-13.html,standard,standard,False,high,ASTM F1646 standard terminology from astm.org with cr_type 'standard'.,False,200,
https://openalex.org/W4240840447,https://doi.org/10.3403/30401982u,https://knowledge.bsigroup.com:443/products/molecular-in-vitro-diagnostic-examinations-specifications-for-pre-examination-processes-for-human-specimen-isolated-microbiome-dna,standard,standard,False,high,BSI landing page and Crossref type 'standard' with CEN/TS document number confirm a formal standard.,False,200,
https://openalex.org/W4231356716,https://doi.org/10.3403/30191443u,https://knowledge.bsigroup.com:443/products/fuel-cell-road-vehicles-performance-measurement-vehicles-fuelled-with-compressed-hydrogen,standard,standard,False,high,Crossref type 'standard' and BSI ISO/TR product page confirm a formal standards-body specification.,False,200,
https://openalex.org/W4254697660,https://doi.org/10.3403/30374433,https://knowledge.bsigroup.com:443/products/rubber-vulcanized-or-thermoplastic-determination-of-compression-set-at-ambient-or-elevated-temperatures-1,standard,standard,False,high,BSI/ISO standard (BS ISO 815-1:2019) from BSI standards body.,False,200,
https://openalex.org/W4243495890,https://doi.org/10.31003/uspnf_m7807_04_01,https://doi.usp.org/USPNF/USPNF_M7807_04_01.html,standard,standard,False,high,"USP-NF general chapter from the standards body (cr_type 'standard', USP DOI), accessible with lp_status 200.",False,200,
https://openalex.org/W4249250505,https://doi.org/10.4271/j3010_202002,https://saemobilus.sae.org/standards/j3010_202002-registration-conformity-assessment-process-passenger-cars-light-trucks-wheels,standard,standard,False,high,Crossref type 'standard' and SAE J3010 designation with /standards/ landing URL confirm a formal SAE standard.,False,200,
https://openalex.org/W4231496171,https://doi.org/10.1520/a1062,https://store.astm.org/a1062-10r26.html,standard,standard,False,high,ASTM specification on store.astm.org with cr_type 'standard' confirms a formal SDO standard.,False,200,
https://openalex.org/W4293184171,https://doi.org/10.31003/uspnf_m45894_04_02,https://doi.usp.org/USPNF/USPNF_M45894_04_02.html,standard,standard,False,high,"USP-NF pharmacopeial monograph from a standards body, Crossref type ""standard"", page reachable (200).",False,200,
https://openalex.org/W4405050856,https://doi.org/10.31030/3586574,https://www.dinmedia.de/de/norm/din-en-iso-3379/386126509,standard,standard,False,high,DIN EN ISO standard from DIN Media with cr_type 'standard'.,False,200,
https://openalex.org/W4246711416,https://doi.org/10.4271/as95234/6,https://saemobilus.sae.org/standards/as952346-connector-plug-reverse-bayonet-coupling,standard,standard,False,high,Crossref type 'standard' and SAE standards landing URL confirm a formal SDO specification.,False,200,
https://openalex.org/W4243771477,https://doi.org/10.1520/e3016-15,https://store.astm.org/e3016-15.html,standard,standard,False,high,ASTM E3016 standard guide with cr_type 'standard' on astm.org store page.,False,200,
https://openalex.org/W4293185491,https://doi.org/10.31003/uspnf_m27754_05_02,https://doi.usp.org/USPNF/USPNF_M27754_05_02.html,standard,standard,False,high,USP-NF pharmacopeial monograph from a standards body with cr_type 'standard'.,False,200,
https://openalex.org/W7161027703,https://doi.org/10.31030/3642318,https://www.dinmedia.de/de/norm/din-en-iso-80000-3/394772648,standard,standard,False,high,DIN EN ISO standard with cr_type 'standard' from DIN Media.,False,200,
https://openalex.org/W4239224111,https://doi.org/10.4271/ams3217/7,https://saemobilus.sae.org/standards/ams32177-test-slabs-high-strength-fluorosilicone-fvmq-55-65,standard,standard,False,high,SAE AMS material specification on saemobilus.sae.org with cr_type 'standard'.,False,200,
https://openalex.org/W4246472185,https://doi.org/10.1520/f0091,https://store.astm.org/f0091-06r19.html,standard,standard,False,high,ASTM standard practice with cr_type 'standard' on store.astm.org landing page.,False,200,
https://openalex.org/W4253871133,https://doi.org/10.1520/e0547-00r16,https://store.astm.org/e0547-00r16.html,standard,standard,False,high,"ASTM standard test method (cr_type 'standard', store.astm.org landing page).",False,200,
https://openalex.org/W4241357716,https://doi.org/10.1520/f3061_f3061m-16a,https://store.astm.org/f3061_f3061m-16a.html,standard,standard,False,high,ASTM specification with cr_type 'standard' and store.astm.org landing page.,False,200,
https://openalex.org/W4231459888,https://doi.org/10.3403/03008098u,https://knowledge.bsigroup.com:443/products/fixed-resistors-for-use-in-electronic-equipment-blank-detail-specification-fixed-surface-mount-resistor-networks-with-individually-measurable-resistors-assessment-level-ez,standard,standard,False,high,"BSI/EN standard (BS EN 60115-9-1) from BSI standards body, cr_type 'standard'.",False,200,
https://openalex.org/W4237242459,https://doi.org/10.3403/30339720,https://knowledge.bsigroup.com:443/products/cutting-tool-data-representation-and-exchange-creation-and-exchange-of-3d-models-modelling-of-machine-operated-feed-out-tools,standard,standard,False,high,BSI landing page and Crossref type 'standard' for ISO/TS 13399-315:2018 specification.,False,200,
https://openalex.org/W4236244093,https://doi.org/10.1520/d5303-92r12,https://store.astm.org/d5303-92r12.html,standard,standard,False,high,ASTM store landing page and Crossref type 'standard' for an ASTM test method.,False,200,
https://openalex.org/W4378187680,https://doi.org/10.4271/cpgm2_10vanexsa,https://saemobilus.sae.org/services/cpgm2_10vanexsa-j1349-certified-power-engine-data-gm-lmf-used-2010-full-size-van-chevrolet-express-gmc-savana-w-base-exhaust-system-level-2,standard,dataset,True,medium,Title is 'Certified Power Engine Data' — a deposited data artifact rather than the J1349 standard document itself.,False,200,
https://openalex.org/W4254888651,https://doi.org/10.1520/e2637,https://store.astm.org/e2637-17r24.html,standard,standard,False,high,"ASTM standard guide (cr_type 'standard', store.astm.org landing page).",False,200,
https://openalex.org/W7125836809,https://doi.org/10.3403/30448540u,https://knowledge.bsigroup.com:443/products/electric-motor-operated-hand-held-tools-transportable-tools-and-lawn-and-garden-machinery-safety-particular-requirements-for-hand-held-fastener-driving-tools-1,standard,standard,False,high,BSI Knowledge BS EN IEC standard with cr_type 'standard'.,False,200,
https://openalex.org/W4230002233,https://doi.org/10.4271/j3127_201910,https://saemobilus.sae.org/standards/j3127_201910-welded-304-304l-stainless-steel-tubing,standard,standard,False,high,SAE standard J3127 with cr_type 'standard' and landing URL under /standards/.,False,200,
https://openalex.org/W4245767848,https://doi.org/10.3403/01399397u,https://knowledge.bsigroup.com:443/products/chemicals-used-for-treatment-of-water-intended-for-human-consumption-sodium-hydrogen-carbonate,standard,standard,False,high,"BSI/EN standard (BS EN 898) from a standards body, confirmed by cr_type 'standard' and BSI landing page.",False,200,
https://openalex.org/W4255265173,https://doi.org/10.3403/30325843,https://knowledge.bsigroup.com:443/products/fast-pyrolysis-bio-oils-for-industrial-boilers-requirements-and-test-methods,standard,standard,False,high,"BS EN 16900:2017 is a formal BSI standard, confirmed by cr_type 'standard' and the page title.",False,200,
https://openalex.org/W4229627808,https://doi.org/10.1080/17470919.2014.903712,https://doi.org/10.1080/17470919.2014.903712,erratum,erratum,False,high,Title 'Corrigendum' and dc.Type 'correction' indicate an erratum notice.,False,403,
https://openalex.org/W4236008443,https://doi.org/10.1177/0894318406297981,https://doi.org/10.1177/0894318406297981,erratum,erratum,False,high,"Title ""Erratum"" and dc.Type ""correction"" identify a correction notice.",False,403,
https://openalex.org/W4402267020,https://doi.org/10.1038/s41598-024-71642-6,https://www.nature.com/articles/s41598-024-71642-6,erratum,erratum,False,high,"Title ""Author Correction:"" and dc.type ""Erratum"" indicate a published correction notice.",False,200,
https://openalex.org/W4391536209,https://doi.org/10.1007/s10661-024-12420-9,https://link.springer.com/10.1007/s10661-024-12420-9,erratum,erratum,False,high,"Title ""Correction to:"" and dc.type ""Erratum"" indicate a correction notice.",False,200,
https://openalex.org/W4321350686,https://doi.org/10.1093/cid/ciad081,https://doi.org/10.1093/cid/ciad081,erratum,erratum,False,high,"Title begins ""Correction to:"" citing the corrected article, a single-page notice.",False,403,
https://openalex.org/W3092605893,https://doi.org/10.1038/s41598-020-73064-6,https://www.nature.com/articles/s41598-020-73064-6,erratum,erratum,False,high,Title 'Publisher Correction:' and dc.type 'Erratum' indicate a correction notice.,False,200,
https://openalex.org/W1584546912,https://doi.org/10.1007/978-3-319-15093-2_17,https://link.springer.com/chapter/10.1007/978-3-319-15093-2_17,erratum,erratum,False,high,Title 'Erratum to:' on a single page correcting a previously published chapter signals an erratum notice.,False,200,
https://openalex.org/W2488641925,https://doi.org/10.1016/j.ces.2016.05.016,https://linkinghub.elsevier.com/retrieve/pii/S0009250916302536,erratum,erratum,False,high,Title begins 'Corrigendum to' citing a previously published article.,False,200,
https://openalex.org/W3010911839,https://doi.org/10.1016/j.jpba.2020.113167,https://linkinghub.elsevier.com/retrieve/pii/S0731708520303423,erratum,erratum,False,high,"Title begins ""Corrigendum to..."" citing the corrected article.",False,200,
https://openalex.org/W4236692772,https://doi.org/10.1007/s10750-012-1383-7,https://link.springer.com/article/10.1007/s10750-012-1383-7,erratum,erratum,False,high,"dc.type=Erratum and title ""Erratum to:"" with single-page, 0 refs confirm correction notice.",False,200,
https://openalex.org/W4240637054,https://doi.org/10.1093/brain/awu136,https://doi.org/10.1093/brain/awu136,erratum,erratum,False,high,"Title ""Corrigendum"" and single-page e291 in Brain indicate a correction notice.",False,403,
https://openalex.org/W4400057361,https://doi.org/10.1016/j.foreco.2024.122096,https://linkinghub.elsevier.com/retrieve/pii/S0378112724004080,erratum,erratum,False,high,"Title begins ""Corrigendum to"" referencing a previously published article, the canonical erratum signal.",False,200,
https://openalex.org/W4385477197,https://doi.org/10.1093/icvts/ivad125,https://doi.org/10.1093/icvts/ivad125,erratum,erratum,False,high,Title and page title both read 'Erratum' in a journal correction context.,False,403,
https://openalex.org/W4237825326,https://doi.org/10.1136/openhrt-2018-000866corr1,https://doi.org/10.1136/openhrt-2018-000866corr1,erratum,erratum,False,high,"Title ""Correction:"" plus DOI suffix ""corr1"" marks this as a correction notice for a previously published article.",False,403,
https://openalex.org/W3010806070,https://doi.org/10.1063/5.0005796,https://doi.org/10.1063/5.0005796,erratum,erratum,False,high,"Title begins ""Erratum:"" and dc.Type is erratum, correcting a previously published article.",False,403,
https://openalex.org/W4231595465,https://doi.org/10.1021/acs.jpcb.6b09513,https://doi.org/10.1021/acs.jpcb.6b09513,erratum,erratum,False,high,"dc.Type meta tag is ""correction,"" indicating an erratum despite the article title.",False,403,
https://openalex.org/W3129268675,https://doi.org/10.1557/mrc.2020.13,https://link.springer.com/article/10.1557/mrc.2020.13,erratum,erratum,False,high,"Title says ""Erratum to:...—CORRIGENDUM"" and dc.type is Erratum, a correction notice.",False,200,
https://openalex.org/W597881988,https://doi.org/10.2147/ccid.s88448,https://www.dovepress.com/corrigendum-itolizumab-ndash-a-humanized-anti-cd6-monoclonal-anti-peer-reviewed-fulltext-article-CCID,erratum,erratum,False,high,"Title explicitly marked [Corrigendum], a single-page correction notice citing the original article.",False,200,
https://openalex.org/W4390706645,https://doi.org/10.1007/s00431-023-05396-0,https://link.springer.com/10.1007/s00431-023-05396-0,erratum,erratum,False,high,Title 'Correction to:' and dc.type 'Erratum' identify a correction notice.,False,200,
https://openalex.org/W4247414855,https://doi.org/10.2138/am-2020-e105513,https://www.degruyterbrill.com:443/document/doi/10.2138/am-2020-E105513/html,erratum,erratum,False,high,Title 'Erratum' and DOI suffix 'e105513' on a single page in American Mineralogist indicate a correction notice.,False,202,
https://openalex.org/W4237081106,https://doi.org/10.1111/vco.12445,https://doi.org/10.1111/vco.12445,erratum,erratum,False,high,Title 'Corrigendum' with single page and one reference signals a correction notice.,False,403,
https://openalex.org/W4232302113,https://doi.org/10.1523/jneurosci.0053-19.2019,https://doi.org/10.1523/jneurosci.0053-19.2019,erratum,erratum,False,high,"Title begins ""Erratum: Takata et al.,"" citing the corrected article.",False,403,
https://openalex.org/W4400394394,https://doi.org/10.1016/j.trac.2024.117850,https://linkinghub.elsevier.com/retrieve/pii/S0165993624003339,erratum,erratum,False,high,"Title begins ""Corrigendum to ..."" citing the original article, a correction notice.",False,200,
https://openalex.org/W4361222861,https://doi.org/10.1038/s41416-023-02231-z,https://www.nature.com/articles/s41416-023-02231-z,erratum,erratum,False,high,"Title ""Correction To:"" and dc.type ""Erratum"" indicate a correction notice.",False,200,
https://openalex.org/W2597005469,https://doi.org/10.1002/cpa.21692,https://doi.org/10.1002/cpa.21692,erratum,erratum,False,high,"Title begins ""Corrigendum:"" citing a previously published article, the definition of erratum.",False,403,
https://openalex.org/W2890677837,https://doi.org/10.1088/1748-9326/aae31e,"https://validate.perfdrive.com/fb803c746e9148689b3984a31fccd902/?ssa=369fca9d-c4a8-4e5d-8d57-173936da2a2a&ssb=02195276430&ssc=https%3A%2F%2Fiopscience.iop.org%2Farticle%2F10.1088%2F1748-9326%2Faae31e&ssi=c1f53f95-cnvj-4fb6-ae74-93e8396fbe01&ssk=botmanager_support@radware.com&ssm=88204029665920453104636589964003&ssn=a8095a17475240282babdb5ad6622d4bf9b01d2c4787-7e38-4ff1-a62fc3&sso=be946db2-13e0273f1c329f902253a777b1622430c88bd2afe9fbaf08&ssp=91847989711782836350178287499186794&ssq=22811453304826577084233048246956420590867&ssr=NzUuNDkuMTI1LjIwOQ==&sst=Mozilla/5.0%20(Macintosh;%20Intel%20Mac%20OS%20X%2010_15_7)%20AppleWebKit/537.36%20(KHTML,%20like%20Gecko)%20Chrome/124.0%20Safari/537.36&ssu=&ssv=&ssw=&ssx=eyJyZCI6ImlvcC5vcmciLCJ1em14IjoiN2Y5MDAwN2NhNzg4NDQtMzYxMS00MjYwLWExNWMtOTlhM2FjNzcwMDNkMS0xNzgyODMzMDQ4NDA0MC04YTUyZTIxYTM5YTg4NTRiMTAiLCJfX3V6bWYiOiI3ZjkwMDAxZDJjNDc4Ny03ZTM4LTRmZjEtYWRiMi0xM2UwMjczZjFjMzIxLTE3ODI4MzMwNDg0MDQwLTAwNDVmZTY2YjU1MDI2MzY2NDMxMCJ9",erratum,erratum,False,high,"Title begins ""Corrigendum:"" citing a previously published article, the canonical erratum signal.",False,200,
https://openalex.org/W4238178664,https://doi.org/10.1017/s1474745607003552,https://www.cambridge.org/core/journals/world-trade-review/article/erratum/C0242EC0388A949481E9BAA05D0C790E,erratum,erratum,False,high,Title and oa_type both indicate an Erratum notice in the journal.,False,200,
https://openalex.org/W2793504407,https://doi.org/10.1088/1475-7516/2018/03/e01,"https://validate.perfdrive.com/fb803c746e9148689b3984a31fccd902/?ssa=7369a20e-38fa-438b-b3f6-fc882a1c6f77&ssb=02195276430&ssc=https%3A%2F%2Fiopscience.iop.org%2Farticle%2F10.1088%2F1475-7516%2F2018%2F03%2FE01&ssi=a9c32590-cnvj-406e-8bc8-e2e7fe682d29&ssk=botmanager_support@radware.com&ssm=88204029665920453104636589964003&ssn=a8095a176fe770db8ae9d9aad2372d4bf9b072064c0b-c2ab-4223-a62fc3&sso=be946bec-9c9219e7f20d9f9022534f2cb6c8015988c6c1f2e9fbaf08&ssp=91847989711782836350178287499186794&ssq=22811453304826577084233048246956420590867&ssr=NzUuNDkuMTI1LjIwOQ==&sst=Mozilla/5.0%20(Macintosh;%20Intel%20Mac%20OS%20X%2010_15_7)%20AppleWebKit/537.36%20(KHTML,%20like%20Gecko)%20Chrome/124.0%20Safari/537.36&ssu=&ssv=&ssw=&ssx=eyJyZCI6ImlvcC5vcmciLCJfX3V6bWYiOiI3ZjkwMDA3MjA2NGMwYi1jMmFiLTQyMjMtYWJlYy05YzkyMTllN2YyMGQxLTE3ODI4MzMwNDg0MDYwLTAwNDg0NTE3Yzc4NzYxMThhZTcxMCIsInV6bXgiOiI3ZjkwMDA1ZTdjYTkxNi01ZDdhLTRmZDctOWUyMS00OGE3Zjc1YzNlMDUxLTE3ODI4MzMwNDg0MDYwLTZjMTk5MTVlMzlmZGZiNjUxMCJ9",erratum,erratum,False,high,"Title begins ""Erratum:"" and page E01 in JCAP, a journal correction notice.",False,200,
https://openalex.org/W3215446353,https://doi.org/10.1186/s13148-021-01195-2,https://clinicalepigeneticsjournal.biomedcentral.com/articles/10.1186/s13148-021-01195-2,erratum,erratum,False,high,"Title ""Correction to:"" and dc.type=Erratum identify this as a correction notice.",False,200,
https://openalex.org/W3016834294,https://doi.org/10.1038/s41592-020-0828-6,https://www.nature.com/articles/s41592-020-0828-6,erratum,erratum,False,high,Title 'Publisher Correction:' and dc.type 'Erratum' indicate a correction notice.,False,200,
https://openalex.org/W4408992219,https://doi.org/10.3390/molecules30071547,https://doi.org/10.3390/molecules30071547,erratum,erratum,False,high,"Title and dc.type=""Correction"" indicate a correction notice amending a prior article.",False,403,
https://openalex.org/W2060550404,https://doi.org/10.1007/s10856-008-3530-2,https://link.springer.com/article/10.1007/s10856-008-3530-2,erratum,erratum,False,high,"Title ""Erratum to:"" and dc.type ""Erratum"" identify a correction notice.",False,200,
https://openalex.org/W4381430773,https://doi.org/10.1073/pnas.2308664120,https://doi.org/10.1073/pnas.2308664120,erratum,erratum,False,high,Title begins 'Correction for Ho et al.' indicating a published correction notice.,False,403,
https://openalex.org/W4294363448,https://doi.org/10.1039/d2ta90177c,https://doi.org/10.1039/d2ta90177c,erratum,erratum,False,high,"Title begins ""Correction:"" with single-page record and zero references, a classic journal correction notice.",False,403,
https://openalex.org/W4224305697,https://doi.org/10.1055/a-1823-2120,https://www.thieme-connect.de/products/ejournals/abstract/10.1055/a-1823-2120,erratum,erratum,False,high,"Title begins ""Correction:"" citing a previously published article, on a single page C9-C9.",False,200,
https://openalex.org/W4233381884,https://doi.org/10.1080/15348431.2015.980691,https://doi.org/10.1080/15348431.2015.980691,erratum,erratum,False,high,"Title ""Corrigendum"" and dc.Type ""correction"" indicate an erratum notice.",False,403,
https://openalex.org/W3096978394,https://doi.org/10.1039/d0cc90495c,https://doi.org/10.1039/d0cc90495c,erratum,erratum,False,high,"Title begins ""Correction:"" indicating a published correction notice for a prior article.",False,403,
https://openalex.org/W4253244615,https://doi.org/10.1080/00343404.2012.718859,https://doi.org/10.1080/00343404.2012.718859,erratum,erratum,False,high,"Title ""CORRIGENDUM"" and dc.Type ""correction"" identify it as an erratum.",False,403,
https://openalex.org/W4249374917,https://doi.org/10.1086/605380,https://doi.org/10.1086/605380,erratum,erratum,False,high,"Title 'ERRATUM' with citation_title citing a prior article ('Chideya et al, Clin Infect Dis 2009') and single page signals a correction notice.",False,403,
https://openalex.org/W4205409846,https://doi.org/10.1016/j.jacc.2016.11.015,https://linkinghub.elsevier.com/retrieve/pii/S073510971636925X,erratum,erratum,False,high,Title 'Correction' in a journal with 0 references signals a published correction notice.,False,200,
https://openalex.org/W4200036468,https://doi.org/10.1002/cam4.4489,https://doi.org/10.1002/cam4.4489,erratum,erratum,False,high,Title 'Corrigendum' is a journal-issued correction notice.,False,403,
https://openalex.org/W4385287946,https://doi.org/10.1055/a-2118-7343,https://www.thieme-connect.de/products/ejournals/abstract/10.1055/a-2118-7343,erratum,erratum,False,high,"Title begins ""Correction:"" citing a previously published article, the defining erratum signal.",False,200,
https://openalex.org/W4401331082,https://doi.org/10.1038/s41598-024-68260-7,https://www.nature.com/articles/s41598-024-68260-7,erratum,erratum,False,high,"Title ""Author Correction:"" and dc.type ""Erratum"" indicate a correction notice.",False,200,
https://openalex.org/W4412431152,https://doi.org/10.1063/5.0283119,https://doi.org/10.1063/5.0283119,erratum,erratum,False,high,"Title begins ""Erratum:"" citing the corrected 2008 article.",False,403,
https://openalex.org/W2396398005,https://doi.org/10.1007/s13142-016-0413-9,https://doi.org/10.1007/s13142-016-0413-9,erratum,erratum,False,high,"Title begins 'Erratum to:' citing the corrected article, a single-page correction notice.",False,403,
https://openalex.org/W4229767626,https://doi.org/10.1155/2013/149764,https://doi.org/10.1155/2013/149764,erratum,erratum,False,high,"Title begins ""Erratum to"" and dc.type is ""Erratum"".",False,403,
https://openalex.org/W2567671853,https://doi.org/10.1016/j.landusepol.2016.08.011,https://linkinghub.elsevier.com/retrieve/pii/S0264837716308134,erratum,erratum,False,high,"Title begins 'Erratum to ...' citing the corrected article, single page, zero references.",False,200,
https://openalex.org/W4410997526,https://doi.org/10.1111/ele.70124,https://doi.org/10.1111/ele.70124,erratum,erratum,False,high,"Title begins 'Correction to' a previously published article, the defining erratum signal.",False,403,
https://openalex.org/W4256057068,https://doi.org/10.1097/aud.0b013e31822f3442,https://journals.lww.com/ear-hearing/fulltext/2011/09000/identifying_cochlear_implant_channels_with_poor.10.aspx,erratum,erratum,False,high,Title ends in 'Erratum' on a single page citing the corrected article.,False,200,
https://openalex.org/W3207626846,https://doi.org/10.1038/s41556-018-0186-0,https://www.nature.com/articles/s41556-018-0186-0,erratum,erratum,False,high,Title 'Publisher Correction:' and dc.type 'Erratum' confirm a correction notice.,False,200,
https://openalex.org/W4245498012,https://doi.org/10.1017/s0007114511003898,https://www.cambridge.org/core/journals/british-journal-of-nutrition/article/impact-of-the-catecholomethyltransferase-genotype-on-the-acute-responsiveness-of-vascular-reactivity-to-a-green-tea-extract-corrigendum/763B5755ABBCD1D9F7D1863953735A2B,erratum,erratum,False,high,Title ends in 'CORRIGENDUM' and cites the corrected article.,False,200,
https://openalex.org/W1982309733,https://doi.org/10.1007/s10544-012-9707-y,https://link.springer.com/article/10.1007/s10544-012-9707-y,erratum,erratum,False,high,"Title ""Erratum to:"" and dc.type ""Erratum"" identify a correction notice.",False,200,
https://openalex.org/W3028014308,https://doi.org/10.1038/s41436-020-0839-9,https://linkinghub.elsevier.com/retrieve/pii/S1098360021007048,erratum,erratum,False,high,"Title begins ""Correction:"" citing a previously published article, the defining erratum signal.",False,200,
https://openalex.org/W4413762812,https://doi.org/10.1016/j.sleep.2025.106721,https://linkinghub.elsevier.com/retrieve/pii/S138994572500396X,erratum,erratum,False,high,"Title begins ""Corrigendum to..."" citing the corrected article, the definition of erratum.",False,200,
https://openalex.org/W4253903696,https://doi.org/10.1080/23311916.2017.1336199,https://doi.org/10.1080/23311916.2017.1336199,erratum,erratum,False,high,Title 'Corrigendum' and dc.Type 'correction' indicate a correction notice.,False,403,
https://openalex.org/W1992388159,https://doi.org/10.1002/adsc.201090018,https://doi.org/10.1002/adsc.201090018,erratum,erratum,False,high,"Title begins ""Corrigendum:"" citing the corrected article, the defining signal for erratum.",False,403,
https://openalex.org/W4205968918,https://doi.org/10.1080/2165347x.2013.887941,https://doi.org/10.1080/2165347x.2013.887941,erratum,erratum,False,high,"Title ""Erratum"" plus dc.Type ""correction"" identify a correction notice.",False,403,
https://openalex.org/W4393247112,https://doi.org/10.2298/jsc240325036e,https://doiserbia.nb.rs/Article.aspx?ID=0352-51392400036E,erratum,erratum,False,high,"Title begins ""Erratum: Correction of author's affiliation and acknowledgement"" correcting a prior article.",False,200,
https://openalex.org/W1983658567,https://doi.org/10.1063/1.3660347,https://doi.org/10.1063/1.3660347,erratum,erratum,False,high,"Title begins ""Erratum:"" and dc.Type is ""correction.""",False,403,
https://openalex.org/W4220942744,https://doi.org/10.1098/rspb.2022.0321,https://doi.org/10.1098/rspb.2022.0321,erratum,erratum,False,high,Title 'Correction to...' and dc.Type 'correction' indicate an erratum/correction notice.,False,403,
https://openalex.org/W4412766569,https://doi.org/10.1007/s11701-025-02616-7,https://link.springer.com/10.1007/s11701-025-02616-7,erratum,erratum,False,high,"Title ""Correction:"" and dc.type=Erratum mark this as a correction notice.",False,200,
https://openalex.org/W4410778204,https://doi.org/10.1007/s10653-025-02531-8,https://link.springer.com/10.1007/s10653-025-02531-8,erratum,erratum,False,high,"Title ""Correction:"" and dc.type=Erratum indicate a correction notice.",False,200,
https://openalex.org/W4251062839,https://doi.org/10.1371/journal.pone.0122944,https://journals.plos.org/plosone/article?id=10.1371/journal.pone.0122944,erratum,erratum,False,high,"Title begins ""Correction:"" citing a previously published article, the canonical erratum signal.",False,200,
https://openalex.org/W4241367815,https://doi.org/10.1007/s10086-017-1663-y,https://link.springer.com/article/10.1007/s10086-017-1663-y,erratum,erratum,False,high,"Title ""Erratum to:"" and dc.type=Erratum confirm a correction notice.",False,200,
https://openalex.org/W2327102114,https://doi.org/10.1103/physrevb.87.099903,https://doi.org/10.1103/physrevb.87.099903,erratum,erratum,False,high,"Title begins ""Erratum:"" citing the corrected article.",False,403,
https://openalex.org/W4250162883,https://doi.org/10.1111/1911-3846.12631,https://doi.org/10.1111/1911-3846.12631,erratum,erratum,False,high,"Title ""Erratum"" on a single page (1952) in a journal indicates a correction notice.",False,403,
https://openalex.org/W4311988286,https://doi.org/10.1089/bio.2020.0067.correx,https://doi.org/10.1089/bio.2020.0067.correx,erratum,erratum,False,high,"Title ""Correction to:"" and dc.Type=correction indicate a published erratum.",False,403,
https://openalex.org/W4238438613,https://doi.org/10.1159/000132558,https://doi.org/10.1159/000132558,erratum,erratum,False,high,"Title and page title both read ""Erratum"" with single-page extent, signaling a published correction notice.",False,403,
https://openalex.org/W4236693127,https://doi.org/10.2217/fmb.12.11,https://doi.org/10.2217/fmb.12.11,erratum,erratum,False,high,"Title ""Erratum"" and dc.Type ""correction"" identify it as a correction notice.",False,403,
https://openalex.org/W4235703798,https://doi.org/10.1016/s2214-109x(20)30139-x,https://linkinghub.elsevier.com/retrieve/pii/S2214109X2030139X,erratum,erratum,False,high,Title 'Correction to Lancet Glob Health...' is a journal-issued correction citing the original article.,False,200,
https://openalex.org/W4244670609,https://doi.org/10.2208/jscejer.68.84,https://www.jstage.jst.go.jp/article/jscejer/68/1/68_1_84/_article/-char/ja/,erratum,erratum,False,high,"Title begins '訂正：'/'Erratum:' citing a previously published article, single page 84.",False,200,
https://openalex.org/W4237517650,https://doi.org/10.1359/jbmr.081003e,https://doi.org/10.1359/jbmr.081003e,erratum,erratum,False,high,Title and DOI suffix 'e' both indicate an erratum/correction notice in JBMR.,False,403,
https://openalex.org/W3132303981,https://doi.org/10.1016/j.anl.2021.02.005,https://linkinghub.elsevier.com/retrieve/pii/S0385814621000638,erratum,erratum,False,high,"Title begins ""Corrigendum to..."" citing the corrected article.",False,200,
https://openalex.org/W4394564021,https://doi.org/10.1016/s2666-7568(24)00063-1,https://linkinghub.elsevier.com/retrieve/pii/S2666756824000631,erratum,erratum,False,high,Title 'Correction to Lancet Healthy Longev...' signals a published correction notice.,False,200,
https://openalex.org/W4242159492,https://doi.org/10.1007/s00428-021-03208-0,https://link.springer.com/10.1007/s00428-021-03208-0,erratum,erratum,False,high,Title 'Correction to:' and dc.type 'Erratum' indicate a correction notice.,False,200,
https://openalex.org/W4417145538,https://doi.org/10.1111/acps.70046,https://doi.org/10.1111/acps.70046,erratum,erratum,False,high,"Title begins ""Correction to ..."" citing a previously published article, the defining erratum signal.",False,403,
https://openalex.org/W4237814349,https://doi.org/10.3758/s13415-014-0264-0,https://link.springer.com/article/10.3758/s13415-014-0264-0,erratum,erratum,False,high,"Title ""Erratum to:"" and dc.type=Erratum indicate a correction notice.",False,200,
https://openalex.org/W4323347960,https://doi.org/10.1002/1348-9585.12394,https://doi.org/10.1002/1348-9585.12394,erratum,erratum,False,high,"Title begins ""Correction to ..."" citing the corrected article, a classic correction notice.",False,403,
https://openalex.org/W4244346611,https://doi.org/10.1002/ajh.25745,https://doi.org/10.1002/ajh.25745,erratum,erratum,False,high,Title 'Erratum' and single-page correction notice with 0 refs in a journal.,False,403,
https://openalex.org/W4250308129,https://doi.org/10.1590/1516-1439.er1801,http://www.scielo.br/j/mr/a/gZPVcCVpFNhdfrdjgbCHtGQ/?lang=en,erratum,erratum,False,high,Title and DOI ('er1801') both identify this as an Erratum notice.,False,200,
https://openalex.org/W2511190252,https://doi.org/10.1016/j.ceramint.2016.08.010,https://linkinghub.elsevier.com/retrieve/pii/S0272884216313153,erratum,erratum,False,high,"Title begins 'Corrigendum to' a previously published article, the canonical erratum signal.",False,200,
https://openalex.org/W4232374857,https://doi.org/10.1176/appi.ajp.2017.1742correction,https://doi.org/10.1176/appi.ajp.2017.1742correction,erratum,erratum,False,high,"Title ""CORRECTION"" and dc.Type ""correction"" indicate an erratum notice.",False,403,
https://openalex.org/W4397034297,https://doi.org/10.1038/s41541-024-00882-4,https://www.nature.com/articles/s41541-024-00882-4,erratum,erratum,False,high,Title 'Author Correction:' and dc.type 'Erratum' identify this as a correction notice.,False,200,
https://openalex.org/W4253782637,https://doi.org/10.1111/j.1447-0756.2010.01285.x,https://doi.org/10.1111/j.1447-0756.2010.01285.x,erratum,erratum,False,high,"Title ""Corrigendum"" with single page and zero references signals a published correction notice.",False,403,
https://openalex.org/W4223556106,https://doi.org/10.1038/s41556-022-00868-1,https://www.nature.com/articles/s41556-022-00868-1,erratum,erratum,False,high,"Title ""Author Correction:"" and dc.type=Erratum indicate a correction notice.",False,200,
https://openalex.org/W1496760980,https://doi.org/10.1063/1.4922305,https://doi.org/10.1063/1.4922305,erratum,erratum,False,high,"Title begins ""Erratum:"" and dc.Type is ""correction.""",False,403,
https://openalex.org/W4280490951,https://doi.org/10.2166/wqrj.2022.001,https://doi.org/10.2166/wqrj.2022.001,erratum,erratum,False,high,"Title begins ""Corrigendum:"" citing a previously published article for correction.",False,403,
https://openalex.org/W4399332599,https://doi.org/10.1038/s41380-024-02616-3,https://www.nature.com/articles/s41380-024-02616-3,erratum,erratum,False,high,"Title begins ""Correction:"" and dc.type is ""Erratum,"" a journal correction notice.",False,200,
https://openalex.org/W4232693676,https://doi.org/10.1177/0271678x15619790,https://doi.org/10.1177/0271678x15619790,erratum,erratum,False,high,"Title ""Corrigendum"" plus dc.Type=correction indicate a journal-issued correction.",False,403,
https://openalex.org/W4287306746,https://doi.org/10.1177/1942602x221117628,https://doi.org/10.1177/1942602x221117628,erratum,erratum,False,high,Title says 'Erratum to...' and dc.Type is 'correction'.,False,403,
https://openalex.org/W4386387394,https://doi.org/10.1007/s10995-023-03766-6,https://link.springer.com/10.1007/s10995-023-03766-6,erratum,erratum,False,high,"Title ""Correction to:"" and dc.type ""Erratum"" mark this as a correction notice.",False,200,
https://openalex.org/W2491401906,https://doi.org/10.1104/pp.16.00050,https://doi.org/10.1104/pp.16.00050,erratum,erratum,False,high,"Title ""CORRECTION"" in Plant Physiology with 0 references indicates a published correction notice.",False,403,
https://openalex.org/W4234546073,https://doi.org/10.1371/journal.pone.0196928,https://journals.plos.org/plosone/article?id=10.1371/journal.pone.0196928,erratum,erratum,False,high,"Title ""Correction: ..."" citing a previously published article is a correction notice.",False,200,
https://openalex.org/W2012493650,https://doi.org/10.1016/j.jweia.2009.04.001,https://linkinghub.elsevier.com/retrieve/pii/S0167610509000233,erratum,erratum,False,high,"Title begins ""Erratum to..."" citing the corrected article, the canonical erratum signal.",False,200,
https://openalex.org/W4310992733,https://doi.org/10.1007/s35127-022-1582-0,https://www.springerprofessional.de/doi/10.1007/s35127-022-1582-0,erratum,erratum,False,high,"Title begins 'Erratum zu:' citing a corrected article, a correction notice.",False,200,
https://openalex.org/W4408311994,https://doi.org/10.1007/s10661-025-13837-6,https://link.springer.com/10.1007/s10661-025-13837-6,erratum,erratum,False,high,"Title ""Correction to:"" and dc.type=Erratum indicate a correction notice.",False,200,
https://openalex.org/W4251765068,https://doi.org/10.1080/02713683.2017.1402985,https://doi.org/10.1080/02713683.2017.1402985,erratum,erratum,False,high,"Title ""Erratum"" with single Roman-numeral page and zero references signals a correction notice.",False,403,
https://openalex.org/W2053625698,https://doi.org/10.1103/physreva.73.069904,https://doi.org/10.1103/physreva.73.069904,erratum,erratum,False,high,"Title begins ""Erratum:"" citing the corrected article.",False,403,
https://openalex.org/W2734909809,https://doi.org/10.1134/s1028335817130018,https://link.springer.com/10.1134/S1028335817130018,erratum,erratum,False,high,"Title and dc.type both say ""Erratum,"" correcting a previously published article.",False,200,
https://openalex.org/W4229988142,https://doi.org/10.1371/journal.pone.0176062,https://journals.plos.org/plosone/article?id=10.1371/journal.pone.0176062,erratum,erratum,False,high,"Title begins ""Correction:"" citing a previously published article, a classic erratum/correction notice.",False,200,
https://openalex.org/W4406486467,https://doi.org/10.1021/acsami.4c22890,https://doi.org/10.1021/acsami.4c22890,erratum,erratum,False,high,Title 'Correction to...' and dc.Type 'correction' identify it as an erratum.,False,403,
https://openalex.org/W4404291848,https://doi.org/10.1136/jitc-2024-010148corr1,https://doi.org/10.1136/jitc-2024-010148corr1,erratum,erratum,False,high,Title and DOI suffix 'corr1' identify this as a published correction notice.,False,403,
https://openalex.org/W4389163677,https://doi.org/10.1097/hjh.0000000000003621,https://journals.lww.com/jhypertension/fulltext/2024/01000/2023_esh_guidelines_for_the_management_of_arterial.29.aspx,erratum,erratum,False,high,"Title ends with 'Erratum' correcting a previously published guideline, single-page notice.",False,200,
https://openalex.org/W2066815954,https://doi.org/10.1063/1.2976153,https://doi.org/10.1063/1.2976153,erratum,erratum,False,high,"Title begins ""Erratum:"" citing a previously published article, a correction notice.",False,403,
https://openalex.org/W4401963940,https://doi.org/10.1038/s41598-024-70488-2,https://www.nature.com/articles/s41598-024-70488-2,erratum,erratum,False,high,Title 'Author Correction:' and dc.type 'Erratum' identify it as a correction notice.,False,200,
https://openalex.org/W2969661169,https://doi.org/10.1016/j.heliyon.2019.e02321,https://linkinghub.elsevier.com/retrieve/pii/S240584401935981X,erratum,erratum,False,high,"Title begins ""Corrigendum to..."" citing a previously published article.",False,200,
https://openalex.org/W4200568735,https://doi.org/10.1007/s00394-021-02726-6,https://link.springer.com/10.1007/s00394-021-02726-6,erratum,erratum,False,high,Title 'Correction to:' and dc.type 'Erratum' indicate a correction notice.,False,200,
https://openalex.org/W4393999953,https://doi.org/10.1016/j.jece.2024.112679,https://linkinghub.elsevier.com/retrieve/pii/S2213343724008091,erratum,erratum,False,high,"Title begins ""Corrigendum to..."" citing the corrected article, the defining signal for erratum.",False,200,
https://openalex.org/W2609745109,https://doi.org/10.1016/j.ijheatmasstransfer.2017.04.057,https://linkinghub.elsevier.com/retrieve/pii/S0017931017315739,erratum,erratum,False,high,"Title begins ""Corrigendum to"" on a single page, the defining signal for a correction notice.",False,200,
https://openalex.org/W2041411408,https://doi.org/10.1016/j.jenvman.2014.06.024,https://linkinghub.elsevier.com/retrieve/pii/S0301479714003259,erratum,erratum,False,high,"Title begins ""Corrigendum to..."" citing a previously published article, the defining signal for erratum.",False,200,
https://openalex.org/W4248336078,https://doi.org/10.1371/journal.pone.0177611,https://journals.plos.org/plosone/article?id=10.1371/journal.pone.0177611,erratum,erratum,False,high,"Title begins ""Correction:"" citing a previously published article, the defining erratum signal.",False,200,
https://openalex.org/W3086641140,https://doi.org/10.1016/j.ymssp.2020.107247,https://linkinghub.elsevier.com/retrieve/pii/S0888327020306336,erratum,erratum,False,high,"Title begins ""Corrigendum to..."" citing the corrected article, the defining erratum signal.",False,200,
https://openalex.org/W4399906229,https://doi.org/10.1007/s10072-024-07632-3,https://link.springer.com/10.1007/s10072-024-07632-3,erratum,erratum,False,high,"Title ""Correction to:"" and dc.type ""Erratum"" indicate a correction notice.",False,200,
https://openalex.org/W3132210835,https://doi.org/10.2147/ndt.s306151,https://www.dovepress.com/corrigendum-serum-mir-128-serves-as-a-potential-diagnostic-biomarker-f-peer-reviewed-fulltext-article-NDT,erratum,erratum,False,high,Title and URL explicitly label this a [Corrigendum] of a prior article.,False,200,
https://openalex.org/W3119546501,https://doi.org/10.1038/s41380-020-00897-y,https://www.nature.com/articles/s41380-020-00897-y,erratum,erratum,False,high,"Title ""Correction:"" and dc.type ""Erratum"" indicate a published correction notice.",False,200,
https://openalex.org/W4383620268,https://doi.org/10.1016/j.icheatmasstransfer.2023.106909,https://linkinghub.elsevier.com/retrieve/pii/S0735193323002981,erratum,erratum,False,high,"Title begins ""Corrigendum to"" citing a previously published article, the defining signal for erratum.",False,200,
https://openalex.org/W4308833927,https://doi.org/10.1093/hmg/ddac274,https://doi.org/10.1093/hmg/ddac274,erratum,erratum,False,high,"Title begins ""Correction to:"" citing the corrected article, a published correction notice.",False,403,
https://openalex.org/W2006159797,https://doi.org/10.4184/asj.2013.7.2.158,https://www.asianspinejournal.org/journal/view.php?doi=10.4184/asj.2013.7.2.158,erratum,erratum,False,high,"Title begins ""Erratum: Correction of Title"" citing the corrected article, a classic correction notice.",False,200,
https://openalex.org/W4244209429,https://doi.org/10.1897/1552-8618(2007)26[2024:e]2.0.co;2,https://doi.org/10.1897/1552-8618%282007%2926%5B2024:e%5D2.0.co%3B2,erratum,erratum,False,high,"Title and page title both say ""Erratum"" in a journal, single-page with 0 references.",False,403,
https://openalex.org/W4251631878,https://doi.org/10.2196/resprot.6719,http://www.researchprotocols.org/2016/4/e194/,erratum,erratum,False,high,"Title begins ""Correction of:"" citing a previously published article, the hallmark of an erratum/correction notice.",False,202,
https://openalex.org/W4407615467,https://doi.org/10.3389/fnut.2025.1561857,https://www.frontiersin.org/journals/nutrition/articles/10.3389/fnut.2025.1561857/full,erratum,erratum,False,high,"Title begins with ""Corrigendum:"" citing a previously published article.",False,200,
https://openalex.org/W4387875692,https://doi.org/10.1016/j.ceramint.2023.10.160,https://linkinghub.elsevier.com/retrieve/pii/S0272884223032078,erratum,erratum,False,high,"Title begins ""Corrigendum to..."" citing a previously published article, the defining signal for erratum.",False,200,
https://openalex.org/W4232824936,https://doi.org/10.1086/684687,https://doi.org/10.1086/684687,erratum,erratum,False,high,"dc.Type meta tag is ""correction"" on a single-page record with zero references.",False,403,
https://openalex.org/W4235238432,https://doi.org/10.1111/jocn.12453,https://doi.org/10.1111/jocn.12453,erratum,erratum,False,high,Title 'Corrigendum' on a single page is a journal-issued correction notice.,False,403,
https://openalex.org/W3169006458,https://doi.org/10.1016/j.erss.2021.102134,https://linkinghub.elsevier.com/retrieve/pii/S2214629621002279,erratum,erratum,False,high,"Title begins ""Corrigendum to..."" citing the corrected article, a classic correction notice.",False,200,
https://openalex.org/W4405906718,https://doi.org/10.1016/j.rser.2024.115302,https://linkinghub.elsevier.com/retrieve/pii/S1364032124010281,erratum,erratum,False,high,"Title begins ""Corrigendum to..."" citing the corrected article, the canonical erratum signal.",False,200,
https://openalex.org/W4245948438,https://doi.org/10.6004/jnccn.2011.0110,https://jnccn.org/view/journals/jnccn/9/11/article-pxlv.xml,erratum,erratum,False,high,"Title and page title both say ""Erratum in: ..."" with roman-numeral single page.",False,200,
https://openalex.org/W4225388201,https://doi.org/10.5535/arm.21144.e,https://www.e-arm.org/journal/view.php?doi=10.5535/arm.21144.e,erratum,erratum,False,high,"Title ""Correction:"" prefix and single-page record signal a published correction notice.",False,200,
https://openalex.org/W4392471233,https://doi.org/10.1038/s41556-024-01385-z,https://doi.org/10.1038/s41556-024-01385-z,erratum,erratum,False,high,Title 'Author Correction:' and dc.type 'Erratum' indicate a correction notice.,False,,
https://openalex.org/W4324032746,https://doi.org/10.1016/j.ekir.2023.02.1090,https://linkinghub.elsevier.com/retrieve/pii/S2468024923012093,erratum,erratum,False,high,"Title begins ""Corrigendum to"" citing the original article, a correction notice.",False,200,
https://openalex.org/W2569460350,https://doi.org/10.1038/nnano.2016.292,https://www.nature.com/articles/nnano.2016.292,erratum,erratum,False,high,"Title and dc.type both indicate a corrigendum/correction notice, mapping to erratum.",False,200,
https://openalex.org/W2514367870,https://doi.org/10.1016/j.bmc.2015.11.002,https://linkinghub.elsevier.com/retrieve/pii/S0968089615007646,erratum,erratum,False,high,"Title begins ""Corrigendum to..."" citing the corrected article, the defining erratum signal.",False,200,
https://openalex.org/W4239481443,https://doi.org/10.1021/acsami.6b16097,https://doi.org/10.1021/acsami.6b16097,erratum,erratum,False,high,"Title ""Correction to..."" and dc.Type=correction indicate a published correction notice.",False,403,
https://openalex.org/W4236276469,https://doi.org/10.1016/j.hrthm.2007.10.035,https://linkinghub.elsevier.com/retrieve/pii/S1547527107010946,erratum,erratum,False,high,"Title ""Erratum"" with single-page record in Heart Rhythm signals a correction notice.",False,200,
https://openalex.org/W4376891877,https://doi.org/10.3389/feduc.2023.1209966,https://www.frontiersin.org/journals/education/articles/10.3389/feduc.2023.1209966/full,erratum,erratum,False,high,"Title begins ""Erratum:"" citing a previously published article, the defining signal of an erratum.",False,200,
https://openalex.org/W4251120082,https://doi.org/10.1002/ps.6316,https://doi.org/10.1002/ps.6316,erratum,erratum,False,high,"Title begins ""Corrigendum:"" citing the corrected article, single page, one reference.",False,403,
https://openalex.org/W4244894953,https://doi.org/10.21037/hbsn.2016.11.03,https://hbsn.amegroups.org/article/view/12538/13254,erratum,erratum,False,high,"Title begins ""Erratum to"" and DC.Type.articleType is ""Erratum.""",False,200,
https://openalex.org/W4246019654,https://doi.org/10.1093/neuonc/noaa005,https://doi.org/10.1093/neuonc/noaa005,erratum,erratum,False,high,Title begins 'Corrigendum to' a previously published article.,False,403,
https://openalex.org/W2606079199,https://doi.org/10.1007/s10854-017-6988-1,https://link.springer.com/article/10.1007/s10854-017-6988-1,erratum,erratum,False,high,"Title ""Erratum to:"" and dc.type=""Erratum"" mark this as a correction notice.",False,200,
https://openalex.org/W4394597493,https://doi.org/10.1371/journal.pone.0302193,https://journals.plos.org/plosone/article?id=10.1371/journal.pone.0302193,erratum,erratum,False,high,"Title begins ""Correction:"" citing a previously published article, a classic correction notice.",False,200,
https://openalex.org/W4246845384,https://doi.org/10.1055/a-0661-6788,https://www.thieme-connect.de/products/ejournals/abstract/10.1055/a-0661-6788,erratum,erratum,False,high,"Title ""Erratum:"" and single-page record with zero references identify a correction notice.",False,200,
https://openalex.org/W4250976895,https://doi.org/10.3349/ymj.2017.58.1.261,https://eymj.org/DOIx.php?id=10.3349/ymj.2017.58.1.261,erratum,erratum,False,high,"Title begins ""Erratum to ..."" citing the corrected article, the canonical erratum signal.",False,200,
https://openalex.org/W4413447361,https://doi.org/10.1016/j.jconrel.2025.114137,https://linkinghub.elsevier.com/retrieve/pii/S0168365925007485,erratum,erratum,False,high,"Title begins 'Corrigendum to' citing a previously published article, the definition of an erratum.",False,200,
https://openalex.org/W4245022495,https://doi.org/10.3389/fmars.2018.00169,https://www.frontiersin.org/journals/marine-science/articles/10.3389/fmars.2018.00169/full,erratum,erratum,False,high,"Title begins ""Corrigendum:"" citing a previously published article, the defining erratum signal.",False,200,
https://openalex.org/W2967802994,https://doi.org/10.1180/clm.2019.12,https://www.cambridge.org/core/journals/clay-minerals/article/new-collection-of-clay-mineral-crystallinity-index-standards-and-revised-guidelines-for-the-calibration-of-kubler-and-arkai-indices-erratum/BFB57BA4E746092C948B2963A9345E68,erratum,erratum,False,high,"Title ends in 'ERRATUM' and cites the original work, the defining signal of an erratum notice.",False,200,
https://openalex.org/W4239782320,https://doi.org/10.1093/gerona/glu154,https://doi.org/10.1093/gerona/glu154,erratum,erratum,False,high,Title 'Corrigendum' single-page with zero references signals a correction notice.,False,403,
https://openalex.org/W4245987306,https://doi.org/10.1136/bmjopen-2019-031342corr1,https://doi.org/10.1136/bmjopen-2019-031342corr1,erratum,erratum,False,high,"Title begins ""Correction:"" citing a previously published article, the defining signal of an erratum.",False,403,
https://openalex.org/W4313236535,https://doi.org/10.1714/3934.39186,https://doi.org/10.1714/3934.39186,erratum,erratum,False,high,Title begins 'Errata corrige relativa al lavoro' citing a previously published article.,False,,
https://openalex.org/W4230388125,https://doi.org/10.4414/fms.2012.01233,https://doi.org/10.4414/fms.2012.01233,erratum,erratum,False,high,Title 'Erratum 33/2012' explicitly marks this as a published correction notice.,False,,
https://openalex.org/W4415454771,https://doi.org/10.1016/j.asr.2025.09.002,https://linkinghub.elsevier.com/retrieve/pii/S0273117725009676,erratum,erratum,False,high,"Title begins 'Corrigendum to' a previously published article, the canonical erratum signal.",False,200,
https://openalex.org/W4404135363,https://doi.org/10.7554/elife.93232.3.sa1,https://elifesciences.org/articles/93232v1/peer-reviews,peer-review,peer-review,False,high,Title 'Reviewer #1 (Public review)' and cr_type peer-review on eLife peer-reviews page.,False,200,
https://openalex.org/W3143750812,https://doi.org/10.7554/elife.65012.sa2,https://elifesciences.org/articles/65012v2/peer-reviews,peer-review,peer-review,False,high,Crossref type peer-review and 'Author response' attached to eLife open peer-review history.,False,200,
https://openalex.org/W3128426083,https://doi.org/10.5194/acp-2016-661-ac1,https://acp.copernicus.org/preprints/acp-2016-661/acp-2016-661-AC1.pdf,peer-review,peer-review,False,high,Crossref type peer-review and author response (AC1) tied to a single manuscript's open review.,False,200,
https://openalex.org/W4408396547,https://doi.org/10.1111/febs.70043/v2/review2,https://www.webofscience.com/wos/woscc/full-record/10.1111%2FFEBS.70043?type=doi&SID=USW2EC0E1EOwDfkvhFRMg2x1zBw2c,peer-review,peer-review,False,high,"Title begins ""Review for ..."" and cr_type is peer-review, a formal review artifact for a single manuscript.",False,200,
https://openalex.org/W4408346943,https://doi.org/10.1039/d4ta08136f/v1/review1,https://www.webofscience.com/wos/woscc/full-record/10.1039%2FD4TA08136F?type=doi&SID=USW2EC0A2FYO03XxYTZjPdfRISS3m,peer-review,peer-review,False,high,"Crossref type peer-review and title 'Review for ""...""' identify a formal referee report on a single manuscript.",False,200,
https://openalex.org/W4405486351,https://doi.org/10.1039/d4lc00817k/v1/review2,https://www.webofscience.com/wos/woscc/full-record/10.1039%2FD4LC00817K?type=doi&SID=USW2EC0B14RTgdTaK55G1Fl3UQFZV,peer-review,peer-review,False,high,Crossref type peer-review and title 'Review for ...' identify a formal referee report on a single manuscript.,False,200,
https://openalex.org/W4414645890,https://doi.org/10.1111/rec3.70028/v1/review4,https://www.webofscience.com/wos/woscc/full-record/10.1111%2FREC3.70028?type=doi&SID=USW2EC0BD6rkvdtVtwHWmBSEIBABf,peer-review,peer-review,False,high,"Crossref type peer-review and title ""Review for ..."" mark it as a formal review-process artifact for one work.",False,200,
https://openalex.org/W4387743637,https://doi.org/10.3310/nihropenres.14638.r30487,https://openresearch.nihr.ac.uk/articles/3-26/v2#referee-response-30487,peer-review,peer-review,False,high,"Title begins ""Peer Review Report For:"" and Crossref type is peer-review.",False,200,
https://openalex.org/W4412134906,https://doi.org/10.1039/d5nj02163d/v1/review2,https://www.webofscience.com/wos/woscc/full-record/10.1039%2FD5NJ02163D?type=doi&SID=USW2EC0C09ZkFCtWFanjfGpX84eyN,peer-review,peer-review,False,high,Title begins 'Review for ...' and Crossref type is peer-review.,False,200,
https://openalex.org/W4241614044,https://doi.org/10.5194/acp-2018-903-ac1,https://acp.copernicus.org/preprints/acp-2018-903/acp-2018-903-AC1.pdf,peer-review,peer-review,False,high,Crossref type peer-review with author response attached to open review (AC1) for a specific manuscript.,False,200,
https://openalex.org/W4416218534,https://doi.org/10.1177/10732748251397676/v2/review2,https://www.webofscience.com/wos/woscc/full-record/10.1177%2F10732748251397676?type=doi&SID=USW2EC0FD7DKlu0if7GzlExmVAB8l,peer-review,peer-review,False,high,Title 'Review for ...' plus cr_type peer-review identifies a formal review-process artifact for one target work.,False,200,
https://openalex.org/W4386477211,https://doi.org/10.1099/acmi.0.000662.v1.5,https://www.microbiologyresearch.org/content/journal/acmi/10.1099/acmi.0.000662.v1#0reviewreports-101099-acmi0000662v15,peer-review,peer-review,False,high,"Crossref type peer-review and title ""Editor response for version 1"" identify a formal open-review artifact for a single manuscript.",False,200,
https://openalex.org/W4248309016,https://doi.org/10.5194/acp-2019-115-rc2,https://acp.copernicus.org/preprints/acp-2019-115/acp-2019-115-RC2.pdf,peer-review,peer-review,False,high,Crossref type peer-review and title 'Reviewer comments on Discussion Paper' on a Copernicus RC2 referee report.,False,200,
https://openalex.org/W4200554905,https://doi.org/10.1111/ijfs.15536/v3/decision1,https://www.webofscience.com/wos/woscc/full-record/WOS:000736707100001?&SID=USW2EC0DCAP3aVvq5QH2Y9Xex7LWC,peer-review,peer-review,False,high,Title 'Decision letter for...' and cr_type peer-review identify a formal review-process artifact.,False,200,
https://openalex.org/W3096207762,https://doi.org/10.1002/brb3.1889/v1/review1,https://www.webofscience.com/wos/woscc/full-record/WOS:000583188300001?&SID=USW2EC0BD6YyLcCVfGUuu81nVgOJQ,peer-review,peer-review,False,high,Title begins 'Review for' and cr_type is peer-review hosted on Publons.,False,200,
https://openalex.org/W4324363421,https://doi.org/10.1098/rspa.2022.0436/v2/decision1,https://www.webofscience.com/wos/woscc/full-record/WOS:000972111600001?&SID=USW2EC0A2FHXAlkg7irsxDRt6eDvs,peer-review,peer-review,False,high,Crossref type peer-review and title 'Decision letter for ...' identify a formal review-process artifact.,False,200,
https://openalex.org/W4248612336,https://doi.org/10.1111/jcal.12515/v3/response1,https://www.webofscience.com/wos/woscc/full-record/WOS:000596492900001?&SID=USW2EC0A2FhM6GGy6lP6guvh0LjUy,peer-review,peer-review,False,high,"Crossref type peer-review with author-response title hosted on Publons, a formal open-review artifact for a single work.",False,200,
https://openalex.org/W4241172219,https://doi.org/10.1002/jbm4.10391/v2/decision1,https://www.webofscience.com/wos/woscc/full-record/WOS:000753804500009?&SID=USW2EC0DC2xbVba00O1KkVcAgKQmc,peer-review,peer-review,False,high,"Title is a 'Decision letter' and Crossref type is peer-review, a formal review-process artifact for one work.",False,200,
https://openalex.org/W4416218475,https://doi.org/10.1002/cl2.70076/v7/response1,https://www.webofscience.com/wos/woscc/full-record/10.1002%2FCL2.70076?type=doi&SID=USW2EC0FD7gqsYDzWxMPrXwous0Xq,peer-review,peer-review,False,high,Crossref type peer-review with DOI suffix /response1 indicates an author response attached to formal open peer review.,False,200,
https://openalex.org/W7140165456,https://doi.org/10.1111/dom.70698/v2/review1,https://www.webofscience.com/wos/woscc/full-record/10.1111%2FDOM.70698?type=doi&SID=USW2EC0A2F9Y20V8VWZW1jjNpIxEa,peer-review,peer-review,False,high,Title begins 'Review for' a specific manuscript and cr_type is peer-review.,False,200,
https://openalex.org/W4206037259,https://doi.org/10.1111/ijfs.14912/v1/review3,https://www.webofscience.com/wos/woscc/full-record/WOS:000596704200001?&SID=USW2EC0A2FGIDdeLkmucvM05f7Ex9,peer-review,peer-review,False,high,Crossref type peer-review and title 'Review for ...' on Publons indicate a formal referee report.,False,200,
https://openalex.org/W4403414237,https://doi.org/10.1039/d4ra05978f/v2/review2,https://www.webofscience.com/wos/woscc/full-record/10.1039%2FD4RA05978F?type=doi&SID=USW2EC0A2FXpQENElinmlumpgQrN9,peer-review,peer-review,False,high,"Crossref type peer-review and title ""Review for ..."" with /review2 DOI suffix identify a formal referee report.",False,200,
https://openalex.org/W4402504942,https://doi.org/10.1111/dom.15866/v2/response1,https://www.webofscience.com/wos/woscc/full-record/10.1111%2FDOM.15866?type=doi&SID=USW2EC0A2F0yQeA97gA3SKmJDPyYA,peer-review,peer-review,False,high,Crossref type peer-review with DOI suffix /response1 and title 'Author response' tied to one manuscript's open review.,False,200,
https://openalex.org/W4390650676,https://doi.org/10.32388/4f23eh,https://www.qeios.com/read/retracted/4F23EH,peer-review,peer-review,False,high,Title begins 'Review of:' on Qeios open-review platform with cr_type peer-review and zero references.,False,200,
https://openalex.org/W7125472477,https://doi.org/10.1111/dom.70495/v1/decision1,https://www.webofscience.com/wos/woscc/full-record/10.1111%2FDOM.70495?type=doi&SID=USW2EC0B14tKkuyNxBm9r3129g9L5,peer-review,peer-review,False,high,"Crossref type peer-review and title ""Decision letter for..."" mark it as a formal review-process artifact for one work.",False,200,
https://openalex.org/W4406638064,https://doi.org/10.1111/dom.16202/v2/response1,https://www.webofscience.com/wos/woscc/full-record/10.1111%2FDOM.16202?type=doi&SID=USW2EC0B2AaHmBOXS6uqpjwGSlMTV,peer-review,peer-review,False,high,DOI '/v2/response1' and title 'Author response for...' is an author response attached to formal open peer review.,False,200,
https://openalex.org/W4406615205,https://doi.org/10.7554/elife.103971.1.sa1,https://elifesciences.org/reviewed-preprints/103971v1/reviews,peer-review,peer-review,False,high,Title and cr_type 'peer-review' explicitly identify it as a reviewer's public review report.,False,200,
https://openalex.org/W4401706311,https://doi.org/10.32388/nsmdpq,https://www.qeios.com/read/NSMDPQ,peer-review,peer-review,False,high,"Crossref type peer-review and Qeios ""Review of:"" title indicate a formal peer-review artifact for a single work.",False,200,
https://openalex.org/W7134036535,https://doi.org/10.1039/d5nr05043j/v2/review1,https://www.webofscience.com/wos/woscc/full-record/10.1039%2FD5NR05043J?type=doi&SID=USW2EC0E89d6uNfXwzYksM2huX4UL,peer-review,peer-review,False,high,"Crossref type peer-review and title ""Review for..."" with /review1 DOI suffix indicate a formal referee report.",False,200,
https://openalex.org/W7133531925,https://doi.org/10.5194/egusphere-2026-479-rc1,https://egusphere.copernicus.org/preprints/2026/egusphere-2026-479/,peer-review,peer-review,False,high,Crossref type peer-review with RC1 referee comment on egusphere preprint.,False,200,
https://openalex.org/W4406791346,https://doi.org/10.1088/1361-665x/adadcf/v2/review1,https://www.webofscience.com/wos/woscc/full-record/10.1088%2F1361-665X%2FADADCF?type=doi&SID=USW2EC0DCAoGFjgvOwxV3KCsAGzQt,peer-review,peer-review,False,high,Title begins with 'Review for' a specific manuscript and cr_type is peer-review with DOI review1 suffix.,False,200,
https://openalex.org/W7166206746,https://doi.org/10.5194/egusphere-2026-868-ac3,https://egusphere.copernicus.org/preprints/2026/egusphere-2026-868/,peer-review,peer-review,False,high,Crossref type peer-review with title 'Reply on RC3' is an author response within open peer-review.,False,200,
https://openalex.org/W4361835799,https://doi.org/10.7554/elife.80328.sa1,https://elifesciences.org/articles/80328v3/peer-reviews,peer-review,peer-review,False,high,Crossref type peer-review and title 'Decision letter:' on eLife peer-reviews page indicate a formal review-process artifact.,False,200,
https://openalex.org/W4242254986,https://doi.org/10.7287/peerj.6713v0.2/reviews/1,https://doi.org/10.7287/peerj.6713v0.2/reviews/1,peer-review,peer-review,False,high,"Title begins ""Peer Review #1 of..."" and Crossref type is peer-review.",False,403,
https://openalex.org/W7131881404,https://doi.org/10.1088/2631-8695/ae4b13/v2/review2,https://www.webofscience.com/wos/woscc/full-record/10.1088%2F2631-8695%2FAE4B13?type=doi&SID=USW2EC0FD70l21U6lUdAoYCJ16CJA,peer-review,peer-review,False,high,Crossref type peer-review and title begins 'Review for...' a specific manuscript.,False,200,
https://openalex.org/W7126116450,https://doi.org/10.1039/d5ob01799h/v1/decision1,https://www.webofscience.com/wos/woscc/full-record/10.1039%2FD5OB01799H?type=doi&SID=USW2EC0E895wcYygiAN91pADX4NWk,peer-review,peer-review,False,high,Crossref type peer-review and title 'Decision letter for...' identify a formal review-process artifact for one work.,False,200,
https://openalex.org/W4388995016,https://doi.org/10.1039/d3ra06873k/v2/response1,https://www.webofscience.com/wos/woscc/full-record/10.1039%2FD3RA06873K?type=doi&SID=USW2EC0DC2Lq8ysceFO0NvwbR0L8s,peer-review,peer-review,False,high,"Crossref type peer-review with DOI suffix /response1 and title ""Author response for..."" indicates a formal open-review artifact tied to one manuscript.",False,200,
https://openalex.org/W7160332432,https://doi.org/10.5194/egusphere-2026-1544-ac2,https://egusphere.copernicus.org/preprints/2026/egusphere-2026-1544/,peer-review,peer-review,False,high,Crossref type peer-review with AC (author comment) DOI suffix in the Copernicus open-review process.,False,200,
https://openalex.org/W4391057238,https://doi.org/10.1039/d3su00272a/v1/review1,https://www.webofscience.com/wos/woscc/full-record/10.1039%2FD3SU00272A?type=doi&SID=USW2EC0E1EQiQQeEJjJlbe8uCGVwU,peer-review,peer-review,False,high,"Crossref type peer-review and title 'Review for ""...""' identifies a formal referee report on a single manuscript.",False,200,
https://openalex.org/W4411529765,https://doi.org/10.5194/egusphere-2025-2103-cec1,https://egusphere.copernicus.org/preprints/2025/egusphere-2025-2103/,peer-review,peer-review,False,high,Crossref type peer-review and a Copernicus interactive 'Comment on egusphere-2025-2103' community review record.,False,200,
https://openalex.org/W7164028394,https://doi.org/10.1002/mhs2.70051/v1/decision1,https://www.webofscience.com/wos/woscc/full-record/10.1002%2FMHS2.70051?type=doi&SID=USW2EC0E89F1piWtTcS6QIJsjpx7t,peer-review,peer-review,False,high,Crossref type peer-review and title 'Decision letter for...' mark a formal review-process artifact for a single manuscript.,False,200,
https://openalex.org/W4408307686,https://doi.org/10.1039/d5ce00031a/v2/review1,https://www.webofscience.com/wos/woscc/full-record/10.1039%2FD5CE00031A?type=doi&SID=USW2EC0A2FlcZmLqCp4kW0QIub2NX,peer-review,peer-review,False,high,"Title begins ""Review for ..."" and Crossref type is peer-review with /review1 DOI suffix.",False,200,
https://openalex.org/W4395057579,https://doi.org/10.1111/jan.16013/v3/response1,https://www.webofscience.com/wos/woscc/full-record/10.1111%2FJAN.16013?type=doi&SID=USW2EC0DC2gT5iCC0CFQYc6sITejP,peer-review,peer-review,False,high,Crossref type peer-review with DOI suffix /response1 and title 'Author response for...' indicates an author response attached to open peer review.,False,200,
https://openalex.org/W4385653455,https://doi.org/10.1111/beer.12580/v1/decision1,https://www.webofscience.com/wos/woscc/full-record/10.1111%2FBEER.12580?type=doi&SID=USW2EC0E1EeNsKPNR30nLgpVZSRhm,peer-review,peer-review,False,high,Title 'Decision letter for...' and Crossref type peer-review indicate a formal review-process artifact for a single manuscript.,False,200,
https://openalex.org/W4214754062,https://doi.org/10.1111/cge.13925/v2/decision1,https://www.webofscience.com/wos/woscc/full-record/WOS:000617209300001?&SID=USW2EC0B2A5SaFu2dLpKOGdvYuteI,peer-review,peer-review,False,high,"Title is a 'Decision letter' and Crossref type is peer-review, hosted on Publons.",False,200,
https://openalex.org/W4226075815,https://doi.org/10.7287/peerj.13245v0.2/reviews/1,https://doi.org/10.7287/peerj.13245v0.2/reviews/1,peer-review,peer-review,False,high,"Title begins 'Peer Review #1 of' and cr_type is peer-review, a formal review artifact for one work.",False,403,
https://openalex.org/W4366548723,https://doi.org/10.5194/egusphere-2023-453-rc2,https://egusphere.copernicus.org/preprints/2023/egusphere-2023-453/,peer-review,peer-review,False,high,Crossref type peer-review with DOI suffix -rc2 and title 'Comment on egusphere-2023-453' indicates a referee report.,False,200,
https://openalex.org/W4238749224,https://doi.org/10.7287/peerj.2527v0.1/reviews/2,https://doi.org/10.7287/peerj.2527v0.1/reviews/2,peer-review,peer-review,False,high,Title 'Peer Review #2 of ...' and cr_type 'peer-review' explicitly identify a formal review artifact.,False,403,
https://openalex.org/W4249759924,https://doi.org/10.1111/ejn.15013/v1/decision1,https://www.webofscience.com/wos/woscc/full-record/WOS:000584509100001?&SID=USW2EC0DCAJIFX7Pq44k3g8eEtAcc,peer-review,peer-review,False,high,Title 'Decision letter for...' and cr_type peer-review identify a formal review-process artifact for a single manuscript.,False,200,
https://openalex.org/W7132856027,https://doi.org/10.1088/1361-651x/ae4b5d/v1/review1,https://www.webofscience.com/wos/woscc/full-record/10.1088%2F1361-651X%2FAE4B5D?type=doi&SID=USW2EC0C09aO1uQ8AzXX84sGdpzlv,peer-review,peer-review,False,high,"Crossref type peer-review and title 'Review for ""...""' identify a formal referee report on a single manuscript.",False,200,
https://openalex.org/W4404131341,https://doi.org/10.1098/rspb.2024.1441/v2/decision1,https://www.webofscience.com/wos/woscc/full-record/10.1098%2FRSPB.2024.1441?type=doi&SID=USW2EC0C09wVsoLm2w6NdpO6oyvua,peer-review,peer-review,False,high,"Crossref type peer-review and title ""Decision letter for..."" identify a formal review-process artifact for one work.",False,200,
https://openalex.org/W4389080304,https://doi.org/10.5194/bg-2023-136-rc2,https://bg.copernicus.org/preprints/bg-2023-136/,peer-review,peer-review,False,high,Crossref type peer-review with DOI suffix rc2 (referee comment) on a specific manuscript.,False,200,
https://openalex.org/W4408885512,https://doi.org/10.32388/qulqjy,https://www.qeios.com/read/QULQJY,peer-review,peer-review,False,high,"Qeios ""Review of:"" title with cr_type peer-review marks it as a formal peer-review artifact for a single work.",False,200,
https://openalex.org/W4232114866,https://doi.org/10.1002/jbmr.4207/v1/review1,https://doi.org/10.1002/jbmr.4207/v1/review1,peer-review,peer-review,False,high,Crossref type peer-review with title beginning 'Review for...' hosted on Publons.,False,,
https://openalex.org/W4405629359,https://doi.org/10.1039/d4bm01356e/v1/review1,https://www.webofscience.com/wos/woscc/full-record/10.1039%2FD4BM01356E?type=doi&SID=USW2EC0C09QJfZgPCfH6oRD5h7aRi,peer-review,peer-review,False,high,"Crossref type peer-review and title 'Review for ""...""' with /review1 DOI suffix mark this as a formal referee report.",False,200,
https://openalex.org/W4384346034,https://doi.org/10.21468/scipost.report.6477,https://scipost.org/SciPost.Report.6477,peer-review,peer-review,False,high,Title 'Report on 2211.13532v2' and cr_type 'peer-review' on a SciPost submission report identify a formal referee report.,False,200,
https://openalex.org/W7141200768,https://doi.org/10.1039/d6ay00309e/v2/response1,https://www.webofscience.com/wos/woscc/full-record/10.1039%2FD6AY00309E?type=doi&SID=USW2EC0BD6RJQmD3NTI6REdc3o5ss,peer-review,peer-review,False,high,Crossref type peer-review with DOI suffix /response1 and title 'Author response' tied to open peer-review of a single manuscript.,False,200,
https://openalex.org/W4234246015,https://doi.org/10.7287/peerj.3475v0.4/reviews/3,https://doi.org/10.7287/peerj.3475v0.4/reviews/3,peer-review,peer-review,False,high,Title and Crossref type both explicitly say 'Peer Review #3' with a PeerJ Review History page.,False,403,
https://openalex.org/W4415936715,https://doi.org/10.1002/eng2.70473/v1/review2,https://www.webofscience.com/wos/woscc/full-record/10.1002%2FENG2.70473?type=doi&SID=USW2EC0DCAASopvnawsJMHPD9CRVl,peer-review,peer-review,False,high,"Title begins ""Review for ..."" and Crossref type is peer-review, a formal referee report on a single manuscript.",False,200,
https://openalex.org/W3125433331,https://doi.org/10.1111/cge.13928/v2/response1,https://www.webofscience.com/wos/woscc/full-record/WOS:000612609800001?&SID=USW2EC0E1EMntZCUTaEBSBi1E8YHN,peer-review,peer-review,False,high,Crossref type peer-review with author-response DOI suffix and Publons review record.,False,200,
https://openalex.org/W4416755636,https://doi.org/10.1177/25152459251391186/v4/response1,https://www.webofscience.com/wos/woscc/full-record/10.1177%2F25152459251391186?type=doi&SID=USW2EC0C09yAWf72NShKchEY0p8mF,peer-review,peer-review,False,high,DOI suffix /v4/response1 and Crossref type peer-review with title 'Author response' indicate an open peer-review artifact tied to one manuscript.,False,200,
https://openalex.org/W4360969920,https://doi.org/10.1002/ntls.20220027/v1/decision1,https://www.webofscience.com/wos/woscc/full-record/WOS:001115572100008?&SID=USW2EC0B14EGfcUNeQWifCZwMB9gT,peer-review,peer-review,False,high,Crossref type peer-review and title 'Decision letter for ...' identify a formal review-process artifact for a single work.,False,200,
https://openalex.org/W4229760460,https://doi.org/10.1111/ijfs.14495/v1/decision1,https://doi.org/10.1111/ijfs.14495/v1/decision1,peer-review,peer-review,False,high,Crossref type peer-review and title 'Decision letter for...' on Publons identify a formal review-process artifact.,False,,
https://openalex.org/W4415162755,https://doi.org/10.1039/d5mo00136f/v2/decision1,https://www.webofscience.com/wos/woscc/full-record/10.1039%2FD5MO00136F?type=doi&SID=USW2EC0E1E0uvAtAdCoifkuEcnDxF,peer-review,peer-review,False,high,"Title is a ""Decision letter for..."" with cr_type peer-review, a formal review-process artifact for one manuscript.",False,200,
https://openalex.org/W4239747634,https://doi.org/10.5194/wes-2017-23-rc1,https://wes.copernicus.org/preprints/wes-2017-23/wes-2017-23-RC1.pdf,peer-review,peer-review,False,high,Crossref type peer-review with RC1 (referee comment) DOI on Copernicus preprint.,False,200,
https://openalex.org/W4408560880,https://doi.org/10.5194/egusphere-2025-417-rc1,https://egusphere.copernicus.org/preprints/2025/egusphere-2025-417/,peer-review,peer-review,False,high,Crossref type peer-review with DOI suffix rc1 and title 'Comment on egusphere-2025-417' is an open referee report on a single manuscript.,False,200,
https://openalex.org/W4285344872,https://doi.org/10.1111/pai.13814/v1/decision1,https://www.webofscience.com/wos/woscc/full-record/WOS:000820316700015?&SID=USW2EC0C09mqpeQwvxNzGSyh7bAaZ,peer-review,peer-review,False,high,"Crossref type peer-review and title ""Decision letter for..."" is a formal review-process artifact on Publons.",False,200,
https://openalex.org/W4200163096,https://doi.org/10.1111/odi.14092/v2/response1,https://www.webofscience.com/wos/woscc/full-record/WOS:000728717300001?&SID=USW2EC0C09kGbENO77YdX3zKuKtgt,peer-review,peer-review,False,high,"Crossref type peer-review with Publons review-history URL and ""Author response"" title tied to a single manuscript.",False,200,
https://openalex.org/W7140035729,https://doi.org/10.15252/rc.2026504362,https://eeb.embo.org/p/Caveolin-1-regulates-context-dependent-signaling-and-survival-in-Ewing-Sarcoma,peer-review,peer-review,False,high,Title 'Peer Review #3 of...' and cr_type 'peer-review' identify it as a formal peer-review artifact.,False,200,
https://openalex.org/W4252749264,https://doi.org/10.1111/cge.14042/v3/response1,https://www.webofscience.com/wos/woscc/full-record/WOS:000687454900001?&SID=USW2EC0E1ETK2YuH6c7TKbacTDUK3,peer-review,peer-review,False,high,Crossref type peer-review with DOI suffix /response1 and Publons landing page marks this as an author response within open peer review.,False,200,
https://openalex.org/W4249938270,https://doi.org/10.7287/peerj.11814v0.1/reviews/3,https://doi.org/10.7287/peerj.11814v0.1/reviews/3,peer-review,peer-review,False,high,Title and Crossref type both state 'Peer Review #3' with a PeerJ review-history landing page.,False,403,
https://openalex.org/W4400841111,https://doi.org/10.32388/hvalh5,https://www.qeios.com/read/HVALH5,peer-review,peer-review,False,high,Title 'Review of:' on Qeios with cr_type peer-review and 0 refs marks it a formal open peer-review report.,False,200,
https://openalex.org/W3113305685,https://doi.org/10.7554/elife.56830.sa1,https://elifesciences.org/articles/56830v2/peer-reviews,peer-review,peer-review,False,high,Crossref type peer-review and title 'Decision letter' on eLife peer-reviews page.,False,200,
https://openalex.org/W4245542554,https://doi.org/10.5194/amt-2020-507-ac2,https://amt.copernicus.org/preprints/amt-2020-507/,peer-review,peer-review,False,high,Crossref type peer-review with page title 'AMT - Peer review' and title 'Reply on RC3' is an author response in open peer review.,False,200,
https://openalex.org/W3080803458,https://doi.org/10.7554/elife.54385.sa2,https://elifesciences.org/articles/54385v1/peer-reviews,peer-review,peer-review,False,high,"eLife author response tied to a single manuscript's open peer-review, with cr_type 'peer-review' and a /peer-reviews landing URL.",False,200,
https://openalex.org/W4386162494,https://doi.org/10.7554/elife.89281.1.sa2,https://elifesciences.org/reviewed-preprints/89281v1,peer-review,peer-review,False,high,Crossref type peer-review and title 'eLife Assessment' is a formal review-process artifact for a single work.,False,200,
https://openalex.org/W4394927438,https://doi.org/10.15252/rc.2024596242,https://eeb.embo.org/p/The-nuclear-basket-regulates-distribution-and-mobility-of-nuclear-pore-complexes-in-budding-yeast,peer-review,peer-review,False,high,"Title explicitly states ""Peer Review #3 of..."" and Crossref type is peer-review.",False,200,
https://openalex.org/W7165403489,https://doi.org/10.1039/d6cp01035k/v1/review2,https://www.webofscience.com/wos/woscc/full-record/10.1039%2FD6CP01035K?type=doi&SID=USW2EC0DCAEQLc8O9ZwmIhZQoplFL,peer-review,peer-review,False,high,"Crossref type peer-review and title begins 'Review for ""...""' with /review2 DOI suffix indicating a referee report.",False,200,
https://openalex.org/W4417342211,https://doi.org/10.1039/d5cc06157a/v2/response1,https://www.webofscience.com/wos/woscc/full-record/10.1039%2FD5CC06157A?type=doi&SID=USW2EC0E1EZHJTt6ZlCm6CumEGz4F,peer-review,peer-review,False,high,DOI suffix /response1 and Crossref type peer-review indicate an author response attached to formal open peer review.,False,200,
https://openalex.org/W2988776105,https://doi.org/10.7554/elife.38358.042,https://elifesciences.org/articles/38358v2/peer-reviews,peer-review,peer-review,False,high,"Crossref type peer-review and eLife ""Decision letter"" landing on the article's peer-reviews page.",False,200,
https://openalex.org/W4200324679,https://doi.org/10.1002/vms3.673/v3/review1,https://www.webofscience.com/wos/woscc/full-record/WOS:000725943100001?&SID=USW2EC0DC2PcFBCsebGVsJ0NpN59h,peer-review,peer-review,False,high,Title begins 'Review for...' with cr_type peer-review hosted on Publons review platform.,False,200,
https://openalex.org/W4239589035,https://doi.org/10.1002/brb3.2151/v2/review1,https://www.webofscience.com/wos/woscc/full-record/WOS:000659495800001?&SID=USW2EC0E89Q2tRGmpeTiZvMqO6ByT,peer-review,peer-review,False,high,Crossref type peer-review and title 'Review for...' with Publons hosting confirm a peer-review artifact.,False,200,
https://openalex.org/W4391875027,https://doi.org/10.1039/d3ra07934a/v2/decision1,https://www.webofscience.com/wos/woscc/full-record/10.1039%2FD3RA07934A?type=doi&SID=USW2EC0DCAVnddmj65QZhiKMtNclB,peer-review,peer-review,False,high,Title is a 'Decision letter for...' a specific manuscript and Crossref type is peer-review.,False,200,
https://openalex.org/W4412472765,https://doi.org/10.1039/d5fo01825k/v1/review1,https://www.webofscience.com/wos/woscc/full-record/10.1039%2FD5FO01825K?type=doi&SID=USW2EC0B2ABsWD9rYjYrSW8sxVgTm,peer-review,peer-review,False,high,Title begins 'Review for...' and DOI suffix '/review1' with cr_type peer-review indicate a formal referee report.,False,200,
https://openalex.org/W4200001531,https://doi.org/10.5194/wes-2021-127-rc1,https://wes.copernicus.org/preprints/wes-2021-127/,peer-review,peer-review,False,high,Crossref type peer-review with DOI suffix RC1 and title 'Comment on wes-2021-127' indicates a referee report on a specific manuscript.,False,200,
https://openalex.org/W4255685357,https://doi.org/10.1002/cjce.24266/v3/response1,https://www.webofscience.com/wos/woscc/full-record/WOS:000683489500001?&SID=USW2EC0E1EiPYNII9oGDgaE0ahqtZ,peer-review,peer-review,False,high,Crossref type peer-review with author-response title hosted on Publons review platform.,False,200,
https://openalex.org/W4324147656,https://doi.org/10.7287/peerj.14902v0.2/reviews/3,https://doi.org/10.7287/peerj.14902v0.2/reviews/3,peer-review,peer-review,False,high,Title and cr_type both explicitly say 'Peer Review #3' of a specific manuscript.,False,403,
https://openalex.org/W4293445297,https://doi.org/10.1002/jbmr.4686/v2/review1,https://www.webofscience.com/wos/woscc/full-record/WOS:000854610900001?&SID=USW2EC0E89TJeJAAgKWOTILzwClVB,peer-review,peer-review,False,high,"Crossref type peer-review, DOI suffix /review1, and title 'Review for ...' identify a formal referee report on a single manuscript.",False,200,
https://openalex.org/W4388943419,https://doi.org/10.32388/w8tsv8,https://www.qeios.com/read/W8TSV8,peer-review,peer-review,False,high,Title 'Review of:' and cr_type peer-review on Qeios indicate a formal peer-review artifact for a single work.,False,200,
https://openalex.org/W4220754202,https://doi.org/10.21468/scipost.report.4063,https://scipost.org/SciPost.Report.4063,peer-review,peer-review,False,high,"Title ""Report on 2101.07814v2"" with cr_type peer-review on SciPost report URL is a formal referee report.",False,200,
https://openalex.org/W4401352932,https://doi.org/10.1039/d4ra03697b/v1/decision1,https://www.webofscience.com/wos/woscc/full-record/10.1039%2FD4RA03697B?type=doi&SID=USW2EC0DCA0vC7kBQpXXkD50bSBlV,peer-review,peer-review,False,high,Crossref type peer-review and title 'Decision letter for...' indicate a formal review-process artifact.,False,200,
https://openalex.org/W4399245912,https://doi.org/10.15252/rc.2024978311,https://eeb.embo.org/p/The-ASC-inflammasome-adapter-controls-the-severity-of-inflammation-related-AA-amyloidosis,peer-review,peer-review,False,high,Crossref type peer-review and title 'Author Reply to Peer Reviews' is a formal open-review artifact tied to one manuscript.,False,200,
https://openalex.org/W4406047121,https://doi.org/10.5194/egusphere-2024-2660-rc3,https://doi.org/10.5194/egusphere-2024-2660-rc3,peer-review,peer-review,False,high,Crossref type peer-review with RC3 referee-comment DOI on EGUsphere preprint.,False,,
https://openalex.org/W4402884724,https://doi.org/10.7554/elife.97602.2.sa3,https://elifesciences.org/reviewed-preprints/97602v2/reviews,peer-review,peer-review,False,high,Title and Crossref type both explicitly label it a 'Reviewer #1 (Public review)' peer-review artifact for a single eLife work.,False,200,
https://openalex.org/W4402083459,https://doi.org/10.1111/ejn.16515/v2/decision1,https://www.webofscience.com/wos/woscc/full-record/10.1111%2FEJN.16515?type=doi&SID=USW2EC0C09hi0ocGPm1ZD2Z6QeLwl,peer-review,peer-review,False,high,DOI suffix '/decision1' and title 'Decision letter for ...' with cr_type peer-review identify a formal review-process artifact for one manuscript.,False,200,
https://openalex.org/W4210513595,https://doi.org/10.7554/elife.72579.sa1,https://elifesciences.org/articles/72579v2/peer-reviews,peer-review,peer-review,False,high,Crossref type peer-review with eLife 'Decision letter' title and .sa1 suffix landing on peer-reviews page.,False,200,
https://openalex.org/W4412168179,https://doi.org/10.1039/d5ra03471j/v2/decision1,https://www.webofscience.com/wos/woscc/full-record/10.1039%2FD5RA03471J?type=doi&SID=USW2EC0FD7S6lHiIBE7IqpTvZjkt5,peer-review,peer-review,False,high,Crossref type peer-review and title 'Decision letter for...' identify a formal review-process artifact.,False,200,
https://openalex.org/W4416665686,https://doi.org/10.5194/egusphere-2024-4116-rc2,https://egusphere.copernicus.org/preprints/2025/egusphere-2024-4116/,peer-review,peer-review,False,high,Crossref type peer-review with DOI suffix RC2 and title 'Reply on RC1' is a formal open-review artifact tied to a single manuscript.,False,200,
https://openalex.org/W4402455974,https://doi.org/10.7554/elife.94317.3.sa2,https://elifesciences.org/articles/94317v1/peer-reviews,peer-review,peer-review,False,high,Title 'Reviewer #2 (Public Review)' and cr_type peer-review identify a formal peer-review artifact.,False,200,
https://openalex.org/W4417204384,https://doi.org/10.1111/ejn.70169/v3/response1,https://www.webofscience.com/wos/woscc/full-record/10.1111%2FEJN.70169?type=doi&SID=USW2EC0A2FOLeBylcZfqYCrvWWDQw,peer-review,peer-review,False,high,Crossref type peer-review with DOI suffix /response1 and title 'Author response' is a formal open peer-review artifact.,False,200,
https://openalex.org/W4408425731,https://doi.org/10.1039/d5ce00030k/v2/response1,https://www.webofscience.com/wos/woscc/full-record/10.1039%2FD5CE00030K?type=doi&SID=USW2EC0C09KwRqGWOgBBvXCJSKEBY,peer-review,peer-review,False,high,Crossref type peer-review with DOI suffix /v2/response1 and title 'Author response' is a formal open-review artifact.,False,200,
https://openalex.org/W4390266130,https://doi.org/10.7554/elife.88657.3.sa3,https://elifesciences.org/articles/88657v1/peer-reviews,peer-review,peer-review,False,high,"Title ""Reviewer #3 (Public Review)"" and cr_type peer-review identify a formal eLife peer-review report.",False,200,
https://openalex.org/W4245776048,https://doi.org/10.7287/peerj.7456v0.1/reviews/1,https://doi.org/10.7287/peerj.7456v0.1/reviews/1,peer-review,peer-review,False,high,Title 'Peer Review #1 of...' and cr_type 'peer-review' on a PeerJ review history page.,False,403,
https://openalex.org/W3018205703,https://doi.org/10.1002/brb3.1626/v1/review1,https://www.webofscience.com/wos/woscc/full-record/WOS:000527087800001?&SID=USW2EC0FD7HPd6mrLuuyE8FaR7Kcs,peer-review,peer-review,False,high,"Crossref type peer-review, title 'Review for ...', Publons review URL.",False,200,
https://openalex.org/W4403462340,https://doi.org/10.1039/d4sc04618h/v1/decision1,https://www.webofscience.com/wos/woscc/full-record/10.1039%2FD4SC04618H?type=doi&SID=USW2EC0C09LGuO9cyFr3y6NDdCSNm,peer-review,peer-review,False,high,"Crossref type peer-review and title ""Decision letter for..."" are explicit peer-review artifact signals.",False,200,
https://openalex.org/W4414730086,https://doi.org/10.1111/dom.16533/v2/review3,https://www.webofscience.com/wos/woscc/full-record/10.1111%2FDOM.16533?type=doi&SID=USW2EC0B14YJAmWtnObBU9g3lEaET,peer-review,peer-review,False,high,Crossref type peer-review and title 'Review for...' identify it as a formal peer-review artifact.,False,200,
https://openalex.org/W4413386739,https://doi.org/10.1039/d5tc00389j/v1/review1,https://www.webofscience.com/wos/woscc/full-record/10.1039%2FD5TC00389J?type=doi&SID=USW2EC0BD62khb5m9VuTsQyZyilEI,peer-review,peer-review,False,high,Title begins with 'Review for' a specific manuscript and Crossref type is peer-review.,False,200,
https://openalex.org/W4239500399,https://doi.org/10.5194/acp-2020-1297-rc2,https://acp.copernicus.org/preprints/acp-2020-1297/,peer-review,peer-review,False,high,"DOI suffix -rc2, cr_type peer-review, and page title 'ACP - Peer review' mark this as a referee comment artifact.",False,200,
https://openalex.org/W4411155295,https://doi.org/10.5194/egusphere-2025-1190-rc2,https://egusphere.copernicus.org/preprints/2025/egusphere-2025-1190/,peer-review,peer-review,False,high,Crossref type peer-review with RC2 referee comment DOI on Copernicus open-review platform.,False,200,
https://openalex.org/W4391062664,https://doi.org/10.32388/zffssc,https://www.qeios.com/read/ZFFSSC,peer-review,peer-review,False,high,Title 'Review of:' on Qeios with cr_type peer-review identifies a formal review of a single manuscript.,False,200,
https://openalex.org/W7131679258,https://doi.org/10.1039/d5cc07010d/v2/review1,https://www.webofscience.com/wos/woscc/full-record/10.1039%2FD5CC07010D?type=doi&SID=USW2EC0B14MHDnzzQJrFDKKNSlvSa,peer-review,peer-review,False,high,"Title begins ""Review for ..."" with cr_type peer-review and DOI suffix /review1, a formal referee report.",False,200,
https://openalex.org/W4231348521,https://doi.org/10.1002/jnr.24838/v2/decision1,https://www.webofscience.com/wos/woscc/full-record/WOS:000636792500001?&SID=USW2EC0BD6HDIea9cSYJ1YfwYthWw,peer-review,peer-review,False,high,Crossref type peer-review and title 'Decision letter for...' on Publons indicate a formal review-process artifact.,False,200,
https://openalex.org/W7155177845,https://doi.org/10.1098/rspb.2025.1884/v3/response1,https://www.webofscience.com/wos/woscc/full-record/10.1098%2FRSPB.2025.1884?type=doi&SID=USW2EC0DC2NCJrPd8vfSj5gAp0VPQ,peer-review,peer-review,False,high,DOI suffix /response1 and Crossref type peer-review indicate an author response attached to formal open peer review.,False,200,
https://openalex.org/W4414502156,https://doi.org/10.5194/egusphere-2025-3469-ac1,https://egusphere.copernicus.org/preprints/2025/egusphere-2025-3469/,peer-review,peer-review,False,high,Crossref type peer-review with title 'Reply on RC1' is an author response within open peer review.,False,200,
https://openalex.org/W4393154329,https://doi.org/10.15252/rc.2024077462,https://eeb.embo.org/p/KLF7-is-a-general-inducer-of-human-pluripotency,peer-review,peer-review,False,high,Title states 'Peer Review #2 of...' and Crossref type is peer-review.,False,200,
https://openalex.org/W4393659285,https://doi.org/10.1111/jan.16168/v2/review2,https://www.webofscience.com/wos/woscc/full-record/10.1111%2FJAN.16168?type=doi&SID=USW2EC0B14iSe86ZUsyeTPCrRo5gb,peer-review,peer-review,False,high,Title begins 'Review for' a specific manuscript and cr_type is peer-review.,False,200,
https://openalex.org/W4248768560,https://doi.org/10.1002/cne.24971/v1/review1,https://www.webofscience.com/wos/woscc/full-record/WOS:000570791200001?&SID=USW2EC0E1E6544MBuuy8UHoWQXBqw,peer-review,peer-review,False,high,Title begins 'Review for' and cr_type is peer-review on a Publons record.,False,200,
https://openalex.org/W4409188905,https://doi.org/10.1111/ele.70018/v2/review2,https://www.webofscience.com/wos/woscc/full-record/10.1111%2FELE.70018?type=doi&SID=USW2EC0DCAGe8rQ84p8uyEczfSsTS,peer-review,peer-review,False,high,Title begins 'Review for' and cr_type is peer-review with a DOI suffix /review2.,False,200,
https://openalex.org/W7151216621,https://doi.org/10.1111/ele.70370/v2/decision1,https://www.webofscience.com/wos/woscc/full-record/10.1111%2FELE.70370?type=doi&SID=USW2EC0DCAXJJdkKATplRyAeV8RM3,peer-review,peer-review,False,high,"Crossref type peer-review and title ""Decision letter for..."" mark it a formal review-process artifact.",False,200,
https://openalex.org/W7130722750,https://doi.org/10.1039/d5cc07114c/v2/response1,https://www.webofscience.com/wos/woscc/full-record/10.1039%2FD5CC07114C?type=doi&SID=USW2EC0DCAoE0N0utsQnhlSaSENy6,peer-review,peer-review,False,high,"Crossref type peer-review with title 'Author response' to a manuscript, a formal open-review artifact.",False,200,
https://openalex.org/W4237442068,https://doi.org/10.5194/acp-2019-297-rc1,https://acp.copernicus.org/preprints/acp-2019-297/acp-2019-297-RC1.pdf,peer-review,peer-review,False,high,Title 'Referee Comment' plus Crossref type peer-review and RC1 review-process artifact for a single manuscript.,False,200,
https://openalex.org/W4231431927,https://doi.org/10.7287/peerj.12298v0.1/reviews/1,https://doi.org/10.7287/peerj.12298v0.1/reviews/1,peer-review,peer-review,False,high,Title 'Peer Review #1 of...' and cr_type 'peer-review' on a PeerJ review-history page.,False,403,
https://openalex.org/W4409820368,https://doi.org/10.1017/pcm.2024.6.pr13,https://www.cambridge.org/core/journals/cambridge-prisms-precision-medicine/article/challenges-and-opportunities-of-applying-tumour-mutational-burden-analysis-to-precision-cancer-medicine/9F74FD0AF174611BAAEBA9B9F3941351#peer-review,peer-review,peer-review,False,high,"Crossref type peer-review with title ""Recommendation...R3/PR13"" and #peer-review anchor URL.",False,200,
https://openalex.org/W4384068319,https://doi.org/10.5194/wes-2023-51-ac1,https://wes.copernicus.org/preprints/wes-2023-51/,peer-review,peer-review,False,high,Crossref type peer-review with title 'Reply on RC1' is an author response within open peer-review process.,False,200,
https://openalex.org/W4213063016,https://doi.org/10.5194/hess-2021-300-ac1,https://hess.copernicus.org/preprints/hess-2021-300/,peer-review,peer-review,False,high,Crossref type peer-review and title 'Reply on RC1' is an author response within Copernicus open peer-review process.,False,200,
https://openalex.org/W4380563941,https://doi.org/10.1111/cge.14390/v2/review1,https://www.webofscience.com/wos/woscc/full-record/WOS:001007914500001?&SID=USW2EC0BD6ihIwvRXuSqnofLRM58X,peer-review,peer-review,False,high,"Title begins with ""Review for"" and Crossref type is peer-review with DOI suffix /review1.",False,200,
https://openalex.org/W4410117558,https://doi.org/10.32388/46e537,https://www.qeios.com/read/46E537,peer-review,peer-review,False,high,"Qeios ""Review of:"" titled review of a single article with cr_type peer-review and 0 references.",False,200,
https://openalex.org/W4200276654,https://doi.org/10.32388/h7mng1,https://www.qeios.com/read/H7MNG1,peer-review,peer-review,False,high,"Qeios ""Review of:"" with cr_type peer-review and a named reviewer signals a formal peer-review artifact of one work.",False,200,
https://openalex.org/W4405895503,https://doi.org/10.32388/7cyoca,https://www.qeios.com/read/7CYOCA,peer-review,peer-review,False,high,"Qeios ""Review of:"" title with cr_type peer-review marks a formal review-process artifact about one target work.",False,200,
https://openalex.org/W4255972376,https://doi.org/10.5194/hess-2016-323-rc2,https://hess.copernicus.org/preprints/hess-2016-323/hess-2016-323-RC2.pdf,peer-review,peer-review,False,high,Crossref type peer-review with title 'Referee Comment' on an HESS preprint.,False,200,
https://openalex.org/W4403413112,https://doi.org/10.7554/elife.95678.3.sa0,https://elifesciences.org/articles/95678v1,peer-review,peer-review,False,high,Crossref type peer-review and eLife assessment title with sa0 suffix indicate a formal review artifact.,False,200,
https://openalex.org/W7125910357,https://doi.org/10.32388/bwh0k3,https://www.qeios.com/read/BWH0K3,peer-review,peer-review,False,high,"Qeios ""Review of:"" record with cr_type peer-review reviewing a single article, not a book.",False,200,
https://openalex.org/W4239427894,https://doi.org/10.5194/esd-2017-78-rc2,https://esd.copernicus.org/preprints/esd-2017-78/esd-2017-78-RC2.pdf,peer-review,peer-review,False,high,Crossref type peer-review and DOI suffix RC2 (referee comment) on a Copernicus discussion preprint.,False,200,
https://openalex.org/W7154836072,https://doi.org/10.1002/2688-8319.70248/v3/decision1,https://www.webofscience.com/wos/woscc/full-record/10.1002%2F2688-8319.70248?type=doi&SID=USW2EC0E1EgxnmuZQOAgEu729Tfgp,peer-review,peer-review,False,high,Crossref type peer-review and title 'Decision letter for...' identify a formal review-process artifact for a single manuscript.,False,200,
https://openalex.org/W4410932136,https://doi.org/10.25189/2675-4916.2024.v5.n1.id691.a,https://cadernos.abralin.org/index.php/cadernos/article/view/691#title-10,peer-review,peer-review,False,high,Title 'Resposta dos Autores' (authors' response) plus cr_type peer-review marks it an author response within formal open peer review.,False,200,
https://openalex.org/W4399913744,https://doi.org/10.1002/cne.25629/v1/review1,https://www.webofscience.com/wos/woscc/full-record/10.1002%2FCNE.25629?type=doi&SID=USW2EC0E89QeoeCvgoDgynlQbv6dz,peer-review,peer-review,False,high,"Crossref type peer-review and title ""Review for ..."" indicate a formal referee report on a single manuscript.",False,200,
https://openalex.org/W4323317520,https://doi.org/10.32388/5otfqc,https://www.qeios.com/read/5OTFQC,peer-review,peer-review,False,high,Qeios 'Review of:' title with cr_type peer-review indicates a formal open peer-review report of a single work.,False,200,
https://openalex.org/W4254648034,https://doi.org/10.5194/acp-2019-1211-rc2,https://acp.copernicus.org/preprints/acp-2019-1211/acp-2019-1211-RC2.pdf,peer-review,peer-review,False,high,Crossref type peer-review with RC2 (referee comment) DOI/URL on Copernicus preprint.,False,200,
https://openalex.org/W4379650326,https://doi.org/10.32388/bk5hgu,https://www.qeios.com/read/BK5HGU,peer-review,peer-review,False,high,Qeios 'Review of:' title with cr_type peer-review identifies a formal review of a single target work.,False,200,
https://openalex.org/W4380876488,https://doi.org/10.32388/shzia8,https://www.qeios.com/read/SHZIA8,peer-review,peer-review,False,high,Qeios 'Review of:' title with cr_type peer-review identifies a formal review artifact for a single work.,False,200,
https://openalex.org/W7163211715,https://doi.org/10.1039/d6qo00077k/v1/review2,https://www.webofscience.com/wos/woscc/full-record/10.1039%2FD6QO00077K?type=doi&SID=USW2EC0A2Flb2EMkKENBm5aWaEpHt,peer-review,peer-review,False,high,Crossref type peer-review with DOI suffix /review2 and title beginning 'Review for...' indicates a formal referee report.,False,200,
https://openalex.org/W4411942350,https://doi.org/10.1039/d5cp01260k/v2/decision1,https://www.webofscience.com/wos/woscc/full-record/10.1039%2FD5CP01260K?type=doi&SID=USW2EC0DCA4WjEvaxj9bdRHJd6DhP,peer-review,peer-review,False,high,Crossref type peer-review and title 'Decision letter for...' mark a formal review-process artifact.,False,200,
https://openalex.org/W2955706316,https://doi.org/10.1111/jan.14132/v1/review1,https://www.webofscience.com/wos/woscc/full-record/WOS:000479601500001?&SID=USW2EC0B14UpbDz5eXM08zV9hMzDD,peer-review,peer-review,False,high,"Crossref type peer-review and title begins 'Review for' a specific manuscript, a formal review-process artifact.",False,200,
https://openalex.org/W4206519134,https://doi.org/10.1111/ele.13710/v2/decision1,https://www.webofscience.com/wos/woscc/full-record/WOS:000620219300001?&SID=USW2EC0E1E8RJo2XrJ5DxogWyxU88,peer-review,peer-review,False,high,"Crossref type peer-review and title 'Decision letter for...' on Publons, a formal review-process artifact.",False,200,
https://openalex.org/W4237721300,https://doi.org/10.5194/acp-2019-627-ac2,https://acp.copernicus.org/preprints/acp-2019-627/acp-2019-627-AC2.pdf,peer-review,peer-review,False,high,Crossref type peer-review with AC2 author-comment on an ACP discussion preprint.,False,200,
https://openalex.org/W4242332184,https://doi.org/10.5194/acp-2017-234-rc2,https://acp.copernicus.org/preprints/acp-2017-234/acp-2017-234-RC2.pdf,peer-review,peer-review,False,high,Crossref type peer-review with RC2 (referee comment) DOI on Copernicus interactive discussion.,False,200,
https://openalex.org/W4248531863,https://doi.org/10.1002/eji.202048780/v2/review2,https://www.webofscience.com/wos/woscc/full-record/WOS:000587388900001?&SID=USW2EC0DCAkdy9giOrL7Uh0SkAvJv,peer-review,peer-review,False,high,"Crossref type peer-review and title begins 'Review for ...' on Publons, a formal review-process artifact.",False,200,
https://openalex.org/W4406357067,https://doi.org/10.7554/elife.96839.2.sa3,https://elifesciences.org/reviewed-preprints/96839v2,peer-review,peer-review,False,high,"Crossref type peer-review with title 'eLife Assessment' on a reviewed-preprint, a formal open-review artifact.",False,200,
https://openalex.org/W4247544880,https://doi.org/10.1002/btpr.3087/v2/decision1,https://www.webofscience.com/wos/woscc/full-record/WOS:000579504600001?&SID=USW2EC0E1EJOVR5dmZyuvPRY21ctd,peer-review,peer-review,False,high,Crossref type peer-review and title 'Decision letter for...' identify a formal peer-review artifact for a single manuscript.,False,200,
https://openalex.org/W4210654744,https://doi.org/10.1111/ijfs.15593/v1/review3,https://www.webofscience.com/wos/woscc/full-record/WOS:000751143100001?&SID=USW2EC0B14EvuU1R1WlOdci6hakpi,peer-review,peer-review,False,high,"Crossref type peer-review and title begins with ""Review for..."" hosted on Publons.",False,200,
