openalex_id,doi,landing_page_url,current_type,opus_type,is_changed,opus_confidence,opus_reason,opus_is_broken,lp_status,error
https://openalex.org/W4324129558,https://doi.org/10.1148/radiol.223251,https://doi.org/10.1148/radiol.223251,editorial,editorial,False,high,dc.Type meta tag explicitly states 'editorial' and title frames opinion on the field's direction.,False,403,
https://openalex.org/W4250433395,https://doi.org/10.1177/2047487317740069,https://doi.org/10.1177/2047487317740069,editorial,editorial,False,high,"Title ""Editor's presentation"" is an editor's introduction to the issue, matching the editorial type.",False,403,
https://openalex.org/W4249872084,https://doi.org/10.1680/jgeen.2018.171.2.95,https://doi.org/10.1680/jgeen.2018.171.2.95,editorial,editorial,False,high,"dc.Type meta tag and title both state ""editorial"".",False,403,
https://openalex.org/W4415140625,https://doi.org/10.1016/j.fertnstert.2025.10.015,https://linkinghub.elsevier.com/retrieve/pii/S0015028225019934,editorial,editorial,False,high,"Opinion piece on a broad topic (peer review) with few references and short 2-page span, matching editorial.",False,200,
https://openalex.org/W4388520388,https://doi.org/10.1126/science.adm8175,https://doi.org/10.1126/science.adm8175,editorial,editorial,False,high,dc.Type meta tag explicitly says 'editorial' and title is an opinion piece in Science.,False,403,
https://openalex.org/W2469764885,https://doi.org/10.1016/j.urology.2010.07.451,https://linkinghub.elsevier.com/retrieve/pii/S0090429510014044,editorial,editorial,False,high,Title 'Editorial Comment' identifies it as an editorial commentary piece.,False,200,
https://openalex.org/W4240167307,https://doi.org/10.13109/muum.2010.31.2.85,https://doi.org/10.13109/muum.2010.31.2.85,editorial,editorial,False,high,"Title ""Editorial"" with short two-page span in a journal indicates an editorial despite dc.Type front-matter.",False,403,
https://openalex.org/W2321686928,https://doi.org/10.1007/s00213-016-4287-9,https://link.springer.com/article/10.1007/s00213-016-4287-9,editorial,editorial,False,high,"dc.type meta is ""EditorialNotes"" and title is a broad-topic framing piece.",False,200,
https://openalex.org/W4247406767,https://doi.org/10.1016/j.urology.2006.10.045,https://linkinghub.elsevier.com/retrieve/pii/S0090429506025404,editorial,editorial,False,high,"Title and page title both read ""Editorial comment,"" a single-page commentary with no references.",False,200,
https://openalex.org/W2204275981,https://doi.org/10.1016/j.jacc.2014.06.1151,https://linkinghub.elsevier.com/retrieve/pii/S0735109714041722,editorial,editorial,False,high,Short opinion/commentary piece ('Time to Implement... and to Monitor Results') with only 4 references on a broad topic in a cardiology journal.,False,200,
https://openalex.org/W2027874284,https://doi.org/10.1016/j.hjdsi.2014.10.006,https://linkinghub.elsevier.com/retrieve/pii/S2213076414001006,editorial,editorial,False,medium,Single-page article with zero references and an opinion-framing title in a healthcare journal indicates an editorial/commentary.,False,200,
https://openalex.org/W1996609433,https://doi.org/10.1111/hae.12464,https://onlinelibrary.wiley.com/action/cookieAbsent,editorial,editorial,False,medium,"Single-page (1-1), zero references introductory framing piece in Haemophilia matches editorial.",False,200,
https://openalex.org/W3147075010,https://doi.org/10.1007/s00540-021-02929-5,https://link.springer.com/10.1007/s00540-021-02929-5,editorial,editorial,False,high,"dc.type meta tag reads ""EditorialNotes"" and the title poses an opinion question on a broad topic.",False,200,
https://openalex.org/W4406981790,https://doi.org/10.3233/sji-2008-00697,https://doi.org/10.3233/sji-2008-00697,editorial,editorial,False,high,Title 'Editorial' with no references on short pages indicates an editorial.,False,403,
https://openalex.org/W4388073699,https://doi.org/10.1016/j.gtc.2023.09.008,https://linkinghub.elsevier.com/retrieve/pii/S0889855323000924,editorial,editorial,False,high,"Roman-numeral front-matter pages (xi-xii) with no references signals a preface/introduction, which routes to editorial.",False,200,
https://openalex.org/W2168512814,https://doi.org/10.1016/j.jand.2012.03.008,https://linkinghub.elsevier.com/retrieve/pii/S2212267212003243,editorial,editorial,False,medium,"Single-page, zero-reference opinion piece in a journal with title framing a broad topic ('More Findings, More Questions').",False,200,
https://openalex.org/W4399070821,https://doi.org/10.1007/s00204-024-03778-3,https://link.springer.com/10.1007/s00204-024-03778-3,editorial,editorial,False,high,"dc.type meta is ""EditorialNotes"" and title is an opinion piece on a broad controversy.",False,200,
https://openalex.org/W2613162339,https://doi.org/10.1016/j.acra.2017.03.007,https://linkinghub.elsevier.com/retrieve/pii/S1076633217301393,editorial,editorial,False,high,"Short 2-page topical piece titled 'It Takes a Village!' introducing a radiology-education theme, matching editorial/opinion framing.",False,200,
https://openalex.org/W4400033212,https://doi.org/10.12745/et.27.1.5800,https://earlytheatre.org/earlytheatre/article/view/5800,editorial,editorial,False,high,"DC.Type.articleType is ""Editorial"" and title is ""Editorial"".",False,200,
https://openalex.org/W2285801034,https://doi.org/10.2169/naika.101.1879,https://www.jstage.jst.go.jp/article/naika/101/7/101_1879/_article/-char/ja/,editorial,editorial,False,medium,"Symposium-overview ""Recent Topics in..."" introduction with only 2 references and no abstract fits editorial/framing content.",False,200,
https://openalex.org/W2398437857,https://doi.org/10.1213/ane.0000000000001303,"https://journals.lww.com/anesthesia-analgesia/citation/2016/06000/thank_you,_thank_you,_thank_you.1.aspx",editorial,editorial,False,high,"Title 'Thank You, Thank You, Thank You' with few references in Anesthesia & Analgesia is an editor's appreciation note, classic editorial.",False,200,
https://openalex.org/W4255888325,https://doi.org/10.1097/mot.0000000000000256,https://journals.lww.com/co-transplantation/citation/2015/12000/editorial.8.aspx,editorial,editorial,False,high,"Title 'Editorial', single page, zero references in an opinion journal indicate an editorial.",False,200,
https://openalex.org/W4249779322,https://doi.org/10.5840/pom2007611,https://link.springer.com/10.5840/pom2007611,editorial,editorial,False,high,"dc.type ""EditorialNotes"" and title ""Editorial: Transforming Rationalities"" confirm an editorial.",False,200,
https://openalex.org/W2034751726,https://doi.org/10.1016/j.eimc.2008.04.002,https://linkinghub.elsevier.com/retrieve/pii/S0213005X08000025,editorial,editorial,False,medium,"Two-page (5-6) front-of-issue commentary piece with a broad topical title, fitting editorial despite high reference count.",False,200,
https://openalex.org/W4241542080,https://doi.org/10.1111/risa.12833,https://doi.org/10.1111/risa.12833,editorial,editorial,False,high,"Title ""From the Editors"" with 0 references signals an editorial.",False,403,
https://openalex.org/W2065101710,https://doi.org/10.4155/fmc.11.33,https://doi.org/10.4155/fmc.11.33,editorial,editorial,False,medium,"Opinion-style commentary piece (short, 8 refs, 'The Risks of...') in a journal, consistent with editorial.",False,403,
https://openalex.org/W4407205233,https://doi.org/10.1016/j.jaac.2025.01.035,https://linkinghub.elsevier.com/retrieve/pii/S0890856725000711,editorial,editorial,False,high,"Title and page title explicitly begin with ""Editorial:"" giving opinion on a broad topic.",False,200,
https://openalex.org/W4232517636,https://doi.org/10.5354/0719-2584.2016.41919,https://rchdt.uchile.cl/index.php/RCHDT/article/view/41919,editorial,editorial,False,high,DC.Type.articleType is 'Editorial' and title is 'Editorial'.,False,200,
https://openalex.org/W2809530804,https://doi.org/10.1016/j.ygyno.2018.06.006,https://linkinghub.elsevier.com/retrieve/pii/S0090825818309818,editorial,editorial,False,high,"Short 2-page commentary with no abstract giving opinion on cabozantinib trial results, titled as wordplay ('UnMET expectations').",False,200,
https://openalex.org/W4242802737,https://doi.org/10.1080/17797179.2007.9737271,https://doi.org/10.1080/17797179.2007.9737271,editorial,editorial,False,high,"dc.Type meta tag and title both say ""editorial"".",False,403,
https://openalex.org/W3012196425,https://doi.org/10.1111/apt.15666,https://doi.org/10.1111/apt.15666,editorial,letter,True,medium,"Title ""Authors' reply"" indicates correspondence reply to a comment on previously published material, which routes to letter.",False,403,
https://openalex.org/W2896327473,https://doi.org/10.1002/mds.27483,https://doi.org/10.1002/mds.27483,editorial,editorial,False,medium,"Short 3-page commentary piece in Movement Disorders with few references, consistent with an editorial/commentary on a broad topic.",False,403,
https://openalex.org/W2808789984,https://doi.org/10.1016/j.coph.2018.06.002,https://linkinghub.elsevier.com/retrieve/pii/S147148921830064X,editorial,editorial,False,high,"Title ""Editorial overview"" with roman-numeral front-matter pages (ix-xi) signals an editorial.",False,200,
https://openalex.org/W23127311,https://doi.org/10.1001/virtualmentor.2011.13.3.fred1-1103,https://journalofethics.ama-assn.org/article/some-face-time-health-information-technology/2011-03,dissertation,editorial,True,medium,"DOI suffix 'fred1' (From the Editor) and an AMA Journal of Ethics framing piece title indicate an editorial introduction, not the mismatched dissertation oa_title.",False,200,
https://openalex.org/W4242703389,https://doi.org/10.1111/1095-9270.12006,https://doi.org/10.1111/1095-9270.12006,editorial,editorial,False,high,"Title ""Editorial"" on a single page with no references confirms an editorial.",False,403,
https://openalex.org/W2108013658,https://doi.org/10.1016/j.healun.2013.08.011,https://linkinghub.elsevier.com/retrieve/pii/S1053249813013934,editorial,article,True,medium,"A 16-page (1147-1162) consensus working formulation with 43 references is substantive original guidance, not a brief editorial opinion.",False,200,
https://openalex.org/W4224943723,https://doi.org/10.1016/j.jaad.2022.04.035,https://linkinghub.elsevier.com/retrieve/pii/S0190962222007010,editorial,editorial,False,high,"""This Month in JAAD"" is a recurring editor's-note/issue-overview piece, single page with no references.",False,200,
https://openalex.org/W4405575885,https://doi.org/10.3390/ph17121718,https://doi.org/10.3390/ph17121718,editorial,editorial,False,high,"dc.type meta tag explicitly states ""Editorial"" and title is a tribute/framing piece.",False,403,
https://openalex.org/W4401877712,https://doi.org/10.1016/j.jcin.2024.07.003,https://linkinghub.elsevier.com/retrieve/pii/S1936879824009579,editorial,editorial,False,medium,"Short 3-page commentary with 7 refs and an opinionated subtitle ('COMFORT, But With Compromises') typical of a journal editorial comment on a study.",False,200,
https://openalex.org/W4230281207,https://doi.org/10.14220/lhom.2017.28.1.9,https://doi.org/10.14220/lhom.2017.28.1.9,editorial,editorial,False,high,"dc.Type meta tag and title both say ""editorial.""",False,403,
https://openalex.org/W4406167519,https://doi.org/10.5056/jnm24172,https://www.jnmjournal.org/journal/view.html?doi=10.5056/jnm24172,editorial,editorial,False,high,Two-page commentary piece ('Exploring...Implications for Rome V') with few references in an editorial slot signals opinion/framing content.,False,200,
https://openalex.org/W2059459572,https://doi.org/10.1002/mus.20687,https://doi.org/10.1002/mus.20687,editorial,editorial,False,medium,"Short opinion/hypothesis piece (pp.5-7) in front matter of Muscle & Nerve, consistent with editorial/commentary rather than original research.",False,403,
https://openalex.org/W2018496921,https://doi.org/10.1038/sj.bjc.6606024,https://www.nature.com/articles/6606024,editorial,editorial,False,high,"dc.type ""EditorialNotes"" plus opinion-style ""misconceptions"" title confirms editorial.",False,200,
https://openalex.org/W2754984263,https://doi.org/10.1111/ijpp.12313,https://doi.org/10.1111/ijpp.12313,editorial,editorial,False,high,"Title is opinion framing on a broad public-health topic with few references, consistent with an editorial.",False,403,
https://openalex.org/W4365450526,https://doi.org/10.1021/acsmedchemlett.3c00112,https://doi.org/10.1021/acsmedchemlett.3c00112,editorial,editorial,False,high,"dc.Type meta tag is ""editorial"" and the short 2-page, 6-ref piece is a topical commentary.",False,403,
https://openalex.org/W4312092003,https://doi.org/10.1016/j.jceh.2022.11.015,https://linkinghub.elsevier.com/retrieve/pii/S0973688322005266,editorial,editorial,False,medium,Commentary-style title celebrating another study's 'first report' in a journal's opening pages signals an editorial/commentary rather than original research.,False,200,
https://openalex.org/W4241008120,https://doi.org/10.1590/1413-2311.183.78010,http://www.scielo.br/j/read/a/bNdNs9wSGHn3ChbX3mkpWfq/?lang=pt,editorial,editorial,False,high,"Title and page title both read ""EDITORIAL"" with 0 references.",False,200,
https://openalex.org/W2429646196,https://doi.org/10.1007/s00702-011-0618-5,https://link.springer.com/article/10.1007/s00702-011-0618-5,editorial,editorial,False,high,"Title is 'Editorial' with no references, matching the editorial type.",False,200,
https://openalex.org/W4388849815,https://doi.org/10.1016/j.apcata.2023.119513,https://linkinghub.elsevier.com/retrieve/pii/S0926860X23004933,editorial,editorial,False,high,Title 'Editorial' with zero references and single page confirms editorial genre.,False,200,
https://openalex.org/W3118340913,https://doi.org/10.1108/ohi-02-2019-b0001,https://doi.org/10.1108/ohi-02-2019-b0001,editorial,editorial,False,high,"Title explicitly begins ""Editorial:"" with 0 references, matching an editorial opinion piece.",False,403,
https://openalex.org/W2053913762,https://doi.org/10.2174/1876506801003020001,https://doi.org/10.2174/1876506801003020001,editorial,editorial,False,high,Title explicitly begins 'Editorial:' and landing page returns 404 'Page not found'.,True,404,
https://openalex.org/W4255306540,https://doi.org/10.1177/0020872813503281,https://doi.org/10.1177/0020872813503281,editorial,editorial,False,high,"Title ""Editorial"" with 0 references in a journal confirms an editorial.",False,403,
https://openalex.org/W3036932115,https://doi.org/10.1016/j.xjtc.2020.06.012,https://linkinghub.elsevier.com/retrieve/pii/S266625072030290X,editorial,editorial,False,high,"Title begins ""Commentary:"" — a standalone opinion piece, matching the editorial type.",False,200,
https://openalex.org/W4405540793,https://doi.org/10.5354/0719-885x.2019.56023,https://revistaatemus.uchile.cl/index.php/atemus/article/view/56023,editorial,editorial,False,high,"DC.Type.articleType is ""Editorial"" and title is ""Editorial"".",False,200,
https://openalex.org/W2898102463,https://doi.org/10.1016/j.coesh.2018.10.001,https://linkinghub.elsevier.com/retrieve/pii/S2468584418301041,editorial,editorial,False,high,"Title begins ""Editorial overview"" with roman-numeral front-matter pages v-vi, signaling an editorial.",False,200,
https://openalex.org/W4253053692,https://doi.org/10.1108/whatt-06-2020-092,https://doi.org/10.1108/whatt-06-2020-092,editorial,editorial,False,high,"Title is ""Editorial"" with 0 references in a themed hospitality journal, matching editorial framing content.",False,403,
https://openalex.org/W4404829333,https://doi.org/10.1088/1748-3190/ad918c,"https://validate.perfdrive.com/fb803c746e9148689b3984a31fccd902/?ssa=08ff2838-78ba-4b03-9fde-eef9e4b1033c&ssb=90356206563&ssc=https%3A%2F%2Fiopscience.iop.org%2Farticle%2F10.1088%2F1748-3190%2Fad918c&ssi=36ab3efc-cnvj-406e-887e-426fdd3f1a8a&ssk=botmanager_support@radware.com&ssm=77825568852553713107739045972518&ssn=370b8d9b04bf1bc2e87ee16d35c1da83f8dcd8475f84-f9e8-4183-bd1c9c&sso=6c985a01-eeaca473d5820c042206388f9bb4c07d2a2fa100d5e4fe50&ssp=40492705311782801191178281600579360&ssq=61448982867919062044828679663882755707959&ssr=NzUuNDkuMTI1LjIwOQ==&sst=Mozilla/5.0%20(Macintosh;%20Intel%20Mac%20OS%20X%2010_15_7)%20AppleWebKit/537.36%20(KHTML,%20like%20Gecko)%20Chrome/124.0%20Safari/537.36&ssu=&ssv=&ssw=&ssx=eyJyZCI6ImlvcC5vcmciLCJfX3V6bWYiOiI3ZjkwMDBkODQ3NWY4NC1mOWU4LTQxODMtYmEwMS1lZWFjYTQ3M2Q1ODIxLTE3ODI4Mjg2Nzk5NjMwLTAwNGNmM2E3ZGQ1MTYxMGVmYmUxMCIsInV6bXgiOiI3ZjkwMDA2M2NkODQyZi01YTBhLTRjNjctYjA1NS1kM2M2MjQxZjM2YzkxLTE3ODI4Mjg2Nzk5NjMwLTM3NDMwN2Y3ODIzNjU0OGExMCJ9",editorial,editorial,False,high,Front-matter page number (010201) with playful opinion-style title and few references signals an editorial.,False,200,
https://openalex.org/W4240366050,https://doi.org/10.1159/000271867,https://doi.org/10.1159/000271867,editorial,editorial,False,high,"Title and page title are ""Editorial,"" single-page with no references.",False,403,
https://openalex.org/W2145576824,https://doi.org/10.1016/j.jcrc.2014.10.023,https://linkinghub.elsevier.com/retrieve/pii/S0883944114004304,editorial,editorial,False,medium,"Short 2-page opinion piece with no references on a broad topic in Journal of Critical Care, consistent with editorial.",False,200,
https://openalex.org/W4205178737,https://doi.org/10.3389/fimmu.2021.832886,https://www.frontiersin.org/journals/immunology/articles/10.3389/fimmu.2021.832886/full,editorial,editorial,False,high,"Title explicitly begins with ""Editorial:"" framing a research topic, characteristic of a Frontiers editorial.",False,200,
https://openalex.org/W4253699020,https://doi.org/10.14361/zfmw-2017-0201,https://chooser.crossref.org/?doi=10.14361%2Fzfmw-2017-0201,editorial,editorial,False,high,Title 'EDITORIAL' on a single page with no references confirms editorial genre.,False,200,
https://openalex.org/W3036533213,https://doi.org/10.1016/j.jenvman.2020.110668,https://linkinghub.elsevier.com/retrieve/pii/S0301479720306009,editorial,editorial,False,medium,Single-page virtual special issue introduction ('VSI: Environment & Energy') functions as editorial framing content.,False,200,
https://openalex.org/W4408025575,https://doi.org/10.1128/mra.00191-25,https://journals.asm.org/doi/10.1128/mra.00191-25,editorial,editorial,False,high,"dc.Type meta tag explicitly states ""editorial"" and title is an opinion-style broad-topic piece.",False,200,
https://openalex.org/W4317186280,https://doi.org/10.4103/ijdr.ijdr_870_22,https://journals.lww.com/ijdr/fulltext/2022/33030/improving_trans_disciplinary_knowledge_to_provide.1.aspx,editorial,editorial,False,high,"Single-page opinion piece by editor (Balaji) on a broad topic with no abstract, classic editorial.",False,200,
https://openalex.org/W4389096054,https://doi.org/10.1177/216499871500400201,https://doi.org/10.1177/216499871500400201,editorial,editorial,False,high,"dc.Type meta tag and title both explicitly state ""editorial"".",False,403,
https://openalex.org/W4255109839,https://doi.org/10.1016/j.radphyschem.2017.11.011,https://linkinghub.elsevier.com/retrieve/pii/S0969806X17311866,editorial,editorial,False,high,Title and citation_title are 'Editorial' with 0 references on pages 1-2.,False,200,
https://openalex.org/W4405022396,https://doi.org/10.1109/lawp.2024.3482668,https://ieeexplore.ieee.org/document/10778125/,editorial,editorial,False,high,"Title explicitly says ""Guest Editorial"" introducing a special cluster, a classic editorial framing piece.",False,202,
https://openalex.org/W4206167957,https://doi.org/10.1136/bmj.o79,https://doi.org/10.1136/bmj.o79,editorial,other,True,medium,"BMJ news item reporting a court ruling (legal correspondent news story), which routes to the catch-all 'other' rather than opinion editorial.",False,403,
https://openalex.org/W3106845328,https://doi.org/10.3389/fbuil.2020.616601,https://www.frontiersin.org/journals/built-environment/articles/10.3389/fbuil.2020.616601/full,editorial,editorial,False,high,"Title and page title explicitly begin with ""Editorial:"" with 0 references in a journal.",False,200,
https://openalex.org/W4409244337,https://doi.org/10.1148/radiol.250575,https://doi.org/10.1148/radiol.250575,editorial,editorial,False,high,"dc.Type meta tag explicitly says ""editorial"" with single-page, few references, and opinion-style title.",False,403,
https://openalex.org/W4210457808,https://doi.org/10.3389/feduc.2022.830999,https://www.frontiersin.org/journals/education/articles/10.3389/feduc.2022.830999/full,editorial,editorial,False,high,Title explicitly begins with 'Editorial:' and is a Frontiers topic editorial.,False,200,
https://openalex.org/W4206697421,https://doi.org/10.1680/jbren.2020.173.4.209,https://doi.org/10.1680/jbren.2020.173.4.209,editorial,editorial,False,high,"dc.Type meta tag and title both state ""editorial.""",False,403,
https://openalex.org/W2580794731,https://doi.org/10.1126/science.355.6323.363-o,https://doi.org/10.1126/science.355.6323.363-o,editorial,editorial,False,medium,"Science research-highlight blurb with 0 references summarizing others' work fits editorial's research-highlights inclusion; 403 is a bot-block, not broken.",False,403,
https://openalex.org/W2153433280,https://doi.org/10.1111/dme.12162,https://doi.org/10.1111/dme.12162,editorial,editorial,False,high,"Short 2-page piece with 0 references on a broad topic in Diabetic Medicine, consistent with an editorial.",False,403,
https://openalex.org/W4233529189,https://doi.org/10.1057/ori.2010.9,https://link.springer.com/article/10.1057/ori.2010.9,editorial,editorial,False,high,"Title ""Editorial"" and dc.type ""EditorialNotes"" with 0 references confirm an editorial.",False,200,
https://openalex.org/W1708426851,https://doi.org/10.1590/s0066-782x2008001600002,http://www.scielo.br/j/abc/a/VQf5QnzfZF6K3MXNsBgZC3S/?lang=pt,editorial,editorial,False,medium,"Title labels it a 'breve comentário' (brief commentary) opinion piece, consistent with oa_type editorial.",False,200,
https://openalex.org/W4214628802,https://doi.org/10.1016/j.ceja.2022.100279,https://linkinghub.elsevier.com/retrieve/pii/S2666821122000400,editorial,editorial,False,high,Title 'Expanding the scope of...' with 0 refs and single page is journal editorial framing content.,False,200,
https://openalex.org/W4404028393,https://doi.org/10.1163/9789004706538_002,https://brill.com/edcollchap-oa/book/9789004706538/BP000006.xml,editorial,editorial,False,medium,Title 'Editorial' on a 3-page front-matter piece signals opinion/framing content despite the book-chapter container.,False,200,
https://openalex.org/W4389437785,https://doi.org/10.3390/plants12244096,https://doi.org/10.3390/plants12244096,editorial,editorial,False,high,"dc.type meta tag explicitly states ""Editorial"".",False,403,
https://openalex.org/W2996476279,https://doi.org/10.1136/dtb.2014.2.0232,https://doi.org/10.1136/dtb.2014.2.0232,editorial,editorial,False,high,"Single-page DTB opinion piece titled ""What price change?"" with minimal references signals an editorial.",False,403,
https://openalex.org/W4283768619,https://doi.org/10.3389/fpsyg.2022.963167,https://www.frontiersin.org/journals/psychology/articles/10.3389/fpsyg.2022.963167/full,editorial,editorial,False,high,"Title explicitly begins ""Editorial:"" framing the discipline's future, a broad-topic opinion piece.",False,200,
https://openalex.org/W1990128099,https://doi.org/10.1111/j.1651-2227.2010.01719.x,https://doi.org/10.1111/j.1651-2227.2010.01719.x,editorial,editorial,False,high,"Single-page, 0-reference announcement piece by editor Lagercrantz in Acta Paediatrica fits editorial.",False,403,
https://openalex.org/W3166854385,https://doi.org/10.1016/j.purol.2021.05.001,https://linkinghub.elsevier.com/retrieve/pii/S1166708721001500,editorial,editorial,False,high,"Title announces an upcoming congress with no abstract or references, an editorial/announcement piece.",False,200,
https://openalex.org/W4411229297,https://doi.org/10.1016/j.joen.2025.05.017,https://linkinghub.elsevier.com/retrieve/pii/S0099239925002729,editorial,editorial,False,high,"""Insights into the June 2025 Issue"" is an editor's issue-introduction, a classic editorial.",False,200,
https://openalex.org/W2554433848,https://doi.org/10.2174/1874924001104010039,https://benthamopenarchives.com/abstract.php?ArticleCode=TOHSPJ-4-39,editorial,editorial,False,high,"Title explicitly begins with ""Editorial -"", marking it as opinion/framing content.",False,200,
https://openalex.org/W4282922285,https://doi.org/10.1016/s2666-7568(22)00129-5,https://linkinghub.elsevier.com/retrieve/pii/S2666756822001295,editorial,editorial,False,high,"Single-page Lancet opinion piece with 0 references on a broad topic, matching editorial/commentary.",False,200,
https://openalex.org/W4381849079,https://doi.org/10.1111/apha.14015,https://doi.org/10.1111/apha.14015,editorial,editorial,False,medium,"Single-page opinion/commentary piece on a broad topic in a journal, matching editorial framing.",False,403,
https://openalex.org/W2032783867,https://doi.org/10.1136/bmj.39525.658565.80,https://doi.org/10.1136/bmj.39525.658565.80,editorial,editorial,False,high,"BMJ short opinion piece on a broad topic with editorial framing, consistent with oa_type editorial.",False,403,
https://openalex.org/W4255971544,https://doi.org/10.4103/0019-509x.55545,https://journals.lww.com/indianjcancer/fulltext/2009/46040/cisplatin_ototoxicity.3.aspx,editorial,editorial,False,medium,"Single-page item with zero references in a journal, consistent with the editorial/commentary classification.",False,200,
https://openalex.org/W4382646124,https://doi.org/10.1302/0301-620x.105b7.bjj-2023-0593,https://boneandjoint.org.uk/Article/10.1302/0301-620X.105B7.BJJ-2023-0593,editorial,editorial,False,high,Title 'Important matters that need attention' is an opinion/editorial piece in The Bone & Joint Journal.,False,200,
https://openalex.org/W4405007993,https://doi.org/10.1007/s11013-024-09886-0,https://link.springer.com/10.1007/s11013-024-09886-0,editorial,editorial,False,high,dc.type=EditorialNotes confirms this is an editorial/commentary piece.,False,200,
https://openalex.org/W22000113,https://doi.org/10.1016/j.amjsurg.2011.01.001,https://linkinghub.elsevier.com/retrieve/pii/S0002961011000705,article,editorial,True,medium,"Actual citation_title/page title ""Legal perspective: surgeons and imaging—are self-reads a mistake?"" is an opinion commentary column, not original research.",False,200,
https://openalex.org/W2112803041,https://doi.org/10.1111/j.1537-2995.2006.00854.x,https://doi.org/10.1111/j.1537-2995.2006.00854.x,editorial,editorial,False,medium,"Opinion/commentary title with few references in Transfusion editorial section, consistent with oa_type editorial.",False,403,
https://openalex.org/W4410061312,https://doi.org/10.1109/tthz.2025.3556562,https://ieeexplore.ieee.org/document/10982362/,editorial,editorial,False,high,"Title ""Guest Editorial"" with 0 references is a journal editorial.",False,202,
https://openalex.org/W2492485354,https://doi.org/10.1007/s00381-016-3205-0,https://link.springer.com/article/10.1007/s00381-016-3205-0,editorial,editorial,False,high,"dc.type meta tag is ""EditorialNotes,"" matching an editorial/historical commentary piece.",False,200,
https://openalex.org/W3094077123,https://doi.org/10.1016/j.xjtc.2020.10.034,https://linkinghub.elsevier.com/retrieve/pii/S2666250720306180,editorial,editorial,False,high,"Title begins ""Commentary:"" — an opinion/commentary piece, matching the editorial type.",False,200,
https://openalex.org/W4394931330,https://doi.org/10.1002/joa3.13044,https://doi.org/10.1002/joa3.13044,editorial,editorial,False,high,"Title explicitly begins ""Editorial to..."" commenting on another article, classic editorial.",False,403,
https://openalex.org/W2284683486,https://doi.org/10.1177/1355819615621584,https://doi.org/10.1177/1355819615621584,editorial,editorial,False,high,"dc.Type meta tag explicitly states ""editorial"" on a short 2-page opinion piece.",False,403,
https://openalex.org/W4250050038,https://doi.org/10.1055/s-0038-1625621,https://www.thieme-connect.de/products/ejournals/abstract/10.1055/s-0038-1625621,editorial,editorial,False,high,"Title is ""Editorial"" with 0 references on pages 1-2, classic editorial.",False,200,
https://openalex.org/W2765976066,https://doi.org/10.1213/ane.0000000000002537,https://journals.lww.com/anesthesia-analgesia/citation/2017/11000/themed_issue_on_the_opioid_epidemic__what_have_we.5.aspx,editorial,editorial,False,high,"Title is an introduction/framing to a themed issue, matching editorial's 'introductions/framing' scope.",False,200,
https://openalex.org/W2558516070,https://doi.org/10.1126/science.354.6316.1114-f,https://doi.org/10.1126/science.354.6316.1114-f,editorial,editorial,False,medium,Science section piece with 0 references and opinion/highlight framing fits editorial; 403 bot-block is not broken.,False,403,
https://openalex.org/W1999381097,https://doi.org/10.1021/tx800387j,https://doi.org/10.1021/tx800387j,editorial,editorial,False,high,dc.Type meta tag and oa_type both explicitly mark this as an editorial.,False,403,
https://openalex.org/W4282941356,https://doi.org/10.1080/14656566.2022.2084690,https://www.tandfonline.com/doi/full/10.1080/14656566.2022.2084690,editorial,editorial,False,high,dc.Type meta tag explicitly states 'editorial' and the title is an opinion/perspective question framing.,False,200,
https://openalex.org/W3202106900,https://doi.org/10.1093/jhps/hnab069,https://doi.org/10.1093/jhps/hnab069,editorial,editorial,False,high,"Short opinion-style piece (pp.1-2, few refs) opening the journal issue, consistent with an editorial.",False,403,
https://openalex.org/W4409300852,https://doi.org/10.7150/ijbs.112325,https://www.ijbs.com/v21p2672.htm,editorial,editorial,False,medium,"Short 4-page commentary with only 7 refs and no abstract framing a broad topic, consistent with an editorial.",False,200,
https://openalex.org/W3082720169,https://doi.org/10.1001/jama.2020.16747,https://doi.org/10.1001/jama.2020.16747,editorial,editorial,False,high,"Single-page JAMA opinion piece commenting on a broad topic, consistent with editorial.",False,403,
https://openalex.org/W4254812974,https://doi.org/10.1142/s0218127412020051,https://doi.org/10.1142/s0218127412020051,editorial,editorial,False,high,"dc.Type meta tag and title both explicitly say ""editorial.""",False,403,
https://openalex.org/W3045797091,https://doi.org/10.1111/aor.13762,https://doi.org/10.1111/aor.13762,editorial,review,True,medium,114 references and a broad conceptual survey title indicate a literature review rather than the Crossref 'editorial' prior.,False,403,
https://openalex.org/W4316497059,https://doi.org/10.1016/j.chieco.2022.101905,https://linkinghub.elsevier.com/retrieve/pii/S1043951X22001638,editorial,editorial,False,high,"Title explicitly begins 'Editorial for the special issue' with 0 references and single page, matching editorial framing.",False,200,
https://openalex.org/W4241818149,https://doi.org/10.1111/aae.12068,https://doi.org/10.1111/aae.12068,editorial,editorial,False,high,"Title ""Editorial"" with single page and zero references is a classic editorial.",False,403,
https://openalex.org/W2758980153,https://doi.org/10.4082/kjfm.2017.38.5.241,https://www.kjfm.or.kr/journal/view.php?doi=10.4082/kjfm.2017.38.5.241,editorial,editorial,False,high,Single-page opinion piece on a broad topic ('Continuity of Care') with few references in a journal's editorial slot.,False,200,
https://openalex.org/W3211122211,https://doi.org/10.1159/000520010,https://doi.org/10.1159/000520010,editorial,editorial,False,medium,"Short 3-page thematic-issue introduction in a journal, consistent with the editorial classification despite reference list.",False,403,
https://openalex.org/W4406037923,https://doi.org/10.1007/s43678-024-00838-6,https://link.springer.com/10.1007/s43678-024-00838-6,editorial,editorial,False,high,"dc.type meta tag is ""EditorialNotes"" for this opinion piece.",False,200,
https://openalex.org/W4393927960,https://doi.org/10.3262/zts2102140,https://doi.org/10.3262/zts2102140,editorial,editorial,False,high,"Title ""Editorial"" with single page and zero references confirms an editorial.",False,307,
https://openalex.org/W4407921365,https://doi.org/10.1134/s2635167624601840,https://link.springer.com/10.1134/S2635167624601840,editorial,editorial,False,high,"Title 'Editorial', single page, no references, no abstract — classic editorial.",False,200,
https://openalex.org/W2773481550,https://doi.org/10.4300/jgme-d-17-00698.1,https://jgme.kglmeridian.com/view/journals/jgme/9/6/article-p677.xml,editorial,editorial,False,high,"Opinion/commentary piece on the broad topic of surveys in a journal's editorial context, consistent with oa_type editorial.",False,200,
https://openalex.org/W3197488758,https://doi.org/10.2105/ajph.2021.306359,https://doi.org/10.2105/ajph.2021.306359,editorial,editorial,False,high,dc.Type meta tag explicitly says 'editorial' in an AJPH commentary piece.,False,403,
https://openalex.org/W3120759820,https://doi.org/10.1515/fca-2020-0078,https://link.springer.com/10.1515/fca-2020-0078,editorial,editorial,False,high,"dc.type ""EditorialNotes"" and a special-issue introduction title confirm an editorial.",False,200,
https://openalex.org/W2906962039,https://doi.org/10.1007/s11265-018-1432-1,https://link.springer.com/article/10.1007/s11265-018-1432-1,editorial,editorial,False,high,Title 'Guest Editorial' and dc.type 'EditorialNotes' confirm an editorial.,False,200,
https://openalex.org/W4323855908,https://doi.org/10.1108/pr-03-2023-914,https://doi.org/10.1108/pr-03-2023-914,editorial,editorial,False,high,"Title explicitly begins ""Editorial:"" with broad-topic opinion framing and few references.",False,403,
https://openalex.org/W3014541903,https://doi.org/10.1123/ijspp.2020-0129,https://journals.humankinetics.com/view/journals/ijspp/15/5/article-p598.xml,editorial,editorial,False,high,"Two-page guidance piece on broad topic with few references, classic editorial framing.",False,200,
https://openalex.org/W4229530270,https://doi.org/10.1097/01.ju.0000553008.04090.52,https://doi.org/10.1097/01.ju.0000553008.04090.52,editorial,editorial,False,high,Title 'Editorial Comment' and dc.Type 'article-commentary' indicate an editorial commentary.,False,403,
https://openalex.org/W3214931175,https://doi.org/10.1056/nejme2118839,https://doi.org/10.1056/nejme2118839,editorial,editorial,False,high,"dc.Type meta and title indicate an audio interview, which the taxonomy classifies under editorial.",False,403,
https://openalex.org/W2091908040,https://doi.org/10.1089/thy.2010.1618,https://doi.org/10.1089/thy.2010.1618,editorial,editorial,False,high,"dc.Type meta tag explicitly says ""editorial"" for this short declaration piece with few references.",False,403,
https://openalex.org/W2936014363,https://doi.org/10.1111/gwat.12881,https://doi.org/10.1111/gwat.12881,editorial,editorial,False,medium,"Single-page opinion piece titled 'Occam's Razor' with one reference in Groundwater, consistent with a commentary/editorial.",False,403,
https://openalex.org/W2608041095,https://doi.org/10.1007/s00192-017-3344-1,https://link.springer.com/article/10.1007/s00192-017-3344-1,editorial,editorial,False,high,"dc.type meta tag reads ""EditorialNotes"" with a broad-topic opinion title.",False,200,
https://openalex.org/W4297880401,https://doi.org/10.1016/j.neurol.2022.05.007,https://linkinghub.elsevier.com/retrieve/pii/S0035378722007263,editorial,editorial,False,medium,"Short commentary-style piece ('A new plot twist in dystonia genetic story') offering opinion on a research topic, no abstract, consistent with editorial.",False,200,
https://openalex.org/W3210969201,https://doi.org/10.2174/157340211702211025101445,https://doi.org/10.2174/157340211702211025101445,editorial,editorial,False,medium,"Single-page item titled as a broad-topic editorial in a review journal with no abstract, consistent with editorial opinion piece.",False,403,
https://openalex.org/W4225959194,https://doi.org/10.3928/19382359-20220322-02,https://doi.org/10.3928/19382359-20220322-02,editorial,editorial,False,medium,Topic-themed introduction with only 2 references in Pediatric Annals signals an editorial/issue introduction rather than original research.,False,403,
https://openalex.org/W4389120800,https://doi.org/10.1016/j.ijrobp.2023.09.027,https://linkinghub.elsevier.com/retrieve/pii/S0360301623079403,editorial,review,True,medium,7-page scholarly piece with 91 references surveying radiobiology concepts indicates a review article rather than an editorial.,False,200,
https://openalex.org/W4416126709,https://doi.org/10.7759/cureus.96626,https://www.cureus.com/articles/434222-implications-of-tomophobia-and-tomophilia-for-clinical-practice-understanding-patient-attitudes-toward-spine-surgery,editorial,editorial,False,medium,"Opinion piece on a broad topic (patient attitudes/implications for clinical practice) with few references and an abstract, fitting editorial/commentary.",False,200,
https://openalex.org/W1512117972,https://doi.org/10.1111/j.1365-2044.2011.06751.x,https://doi.org/10.1111/j.1365-2044.2011.06751.x,editorial,editorial,False,high,"Opinion piece in Anaesthesia with few references and editorial-style commentary title, matching editorial genre.",False,403,
https://openalex.org/W4242073845,https://doi.org/10.1159/000507464,https://doi.org/10.1159/000507464,editorial,editorial,False,high,"Title and citation_title are ""Editorial,"" single page with no references.",False,403,
https://openalex.org/W3169503004,https://doi.org/10.1159/000516536,https://doi.org/10.1159/000516536,editorial,editorial,False,medium,Opinion/commentary title ('What's in a Name?...') framing a broad nomenclature debate rather than original research.,False,403,
https://openalex.org/W1989290874,https://doi.org/10.1016/j.arcped.2010.07.018,https://linkinghub.elsevier.com/retrieve/pii/S0929693X1000312X,editorial,editorial,False,high,"Title ""Pourquoi un « numéro néonatologie » ?"" with 0 refs is an editorial introduction to a special issue.",False,200,
https://openalex.org/W4283798263,https://doi.org/10.1007/s41971-022-00130-3,https://link.springer.com/10.1007/s41971-022-00130-3,editorial,editorial,False,high,dc.type 'EditorialNotes' and title 'Editorial' confirm editorial genre.,False,200,
https://openalex.org/W2003964175,https://doi.org/10.2471/blt.11.098582,https://pmc.ncbi.nlm.nih.gov/articles/PMC3260904/pdf/BLT.11.098582.pdf,editorial,editorial,False,medium,"Single-page opinion piece in WHO Bulletin titled as a topical commentary, matching editorial framing.",False,200,
https://openalex.org/W4313430679,https://doi.org/10.3389/fnsys.2022.1002095,https://www.frontiersin.org/journals/systems-neuroscience/articles/10.3389/fnsys.2022.1002095/full,editorial,editorial,False,high,Title explicitly begins with 'Editorial:' on a Frontiers topic editorial.,False,200,
https://openalex.org/W21668354,https://doi.org/10.1563/aaid-joi-d-11-00081,https://joi.kglmeridian.com/view/journals/orim/37/5/article-p506.xml,dissertation,article,True,high,Landing page citation_title and Crossref journal-article in Journal of Oral Implantology identify an original research article with cited references.,False,200,
https://openalex.org/W4246641116,https://doi.org/10.1055/s-0042-102815,https://www.thieme-connect.de/products/ejournals/abstract/10.1055/s-0042-102815,editorial,editorial,False,high,"Title is ""Editorial"" with 0 references on a single page, matching the editorial type.",False,200,
https://openalex.org/W2060046675,https://doi.org/10.1007/s00701-009-0451-x,https://link.springer.com/article/10.1007/s00701-009-0451-x,editorial,editorial,False,high,"dc.type meta tag is ""EditorialNotes"" with 0 references on a short 2-page opinion piece.",False,200,
https://openalex.org/W4405612131,https://doi.org/10.23925/ddem.v.3.n.12.69354,https://revistas.pucsp.br/index.php/DDEM/article/view/69354,editorial,editorial,False,high,"Title is ""Editorial"" with 0 references on a 2-page journal item, matching the editorial type.",False,200,
https://openalex.org/W2042850633,https://doi.org/10.1109/jsac.2012.121101,https://ieeexplore.ieee.org/document/6331676/,editorial,editorial,False,high,"Title 'Editorial: Cognitive Radio Series', single page, no references confirms editorial.",False,202,
https://openalex.org/W4200206070,https://doi.org/10.1007/s00259-021-05652-1,https://link.springer.com/10.1007/s00259-021-05652-1,editorial,editorial,False,high,"dc.type meta tag reads ""EditorialNotes"" for this opinion/commentary piece.",False,200,
https://openalex.org/W2805672161,https://doi.org/10.1177/2042098618778191,https://doi.org/10.1177/2042098618778191,editorial,editorial,False,high,"dc.Type meta tag explicitly says ""editorial"" for this opinion piece on a broad topic.",False,403,
https://openalex.org/W3045556305,https://doi.org/10.1007/s12551-020-00745-x,https://link.springer.com/10.1007/s12551-020-00745-x,editorial,editorial,False,high,"dc.type is ""EditorialNotes"" and the title is a tribute introduction to a special issue.",False,200,
https://openalex.org/W2043580539,https://doi.org/10.1007/s00165-006-0009-0,https://dl.acm.org/doi/10.1007/s00165-006-0009-0,editorial,editorial,False,high,"Title ""Guest Editorial ... for the FAC Special Issue"" with single page and zero references signals an editorial introduction.",False,200,
https://openalex.org/W4377247413,https://doi.org/10.2118/0423-0010-jpt,https://doi.org/10.2118/0423-0010-jpt,editorial,editorial,False,high,Title labeled 'Guest Editorial' with 0 references confirms editorial genre.,False,403,
https://openalex.org/W4205315432,https://doi.org/10.1179/175812109x449586,https://doi.org/10.1179/175812109x449586,editorial,editorial,False,high,"Title ""Editorial"" and dc.Type=editorial both confirm the editorial genre.",False,403,
https://openalex.org/W2738051587,https://doi.org/10.1007/s10677-016-9765-y,https://link.springer.com/article/10.1007/s10677-016-9765-y,editorial,editorial,False,high,dc.type 'EditorialNotes' and title 'Editorial Note' indicate an editorial.,False,200,
https://openalex.org/W2198516885,https://doi.org/10.1016/j.aorn.2015.11.019,https://doi.org/10.1016/j.aorn.2015.11.019,editorial,editorial,False,medium,"Short 2-page opinion piece (pp.3-4) at journal front, consistent with an editorial/president's message in AORN Journal.",False,403,
https://openalex.org/W2791563216,https://doi.org/10.1016/j.neurad.2018.02.001,https://linkinghub.elsevier.com/retrieve/pii/S0150986118300920,editorial,paratext,True,low,Single-page record titled only with a congress name and no abstract/references indicates front-matter packaging rather than content.,False,200,
https://openalex.org/W4396529876,https://doi.org/10.5005/jp-journals-10071-24713,https://doi.org/10.5005/jp-journals-10071-24713,editorial,editorial,False,high,"Opinion-framed commentary title (""Emerging Frontier or Yet Another Transient Trend?"") on a broad topic, short 2-page piece in a journal's editorial slot.",False,,
https://openalex.org/W3192007527,https://doi.org/10.1016/j.crphar.2021.100046,https://linkinghub.elsevier.com/retrieve/pii/S259025712100033X,editorial,editorial,False,medium,"Opinion/commentary-style title on a broad topic with no abstract, consistent with an editorial.}REDO.{",False,200,
https://openalex.org/W2515201836,https://doi.org/10.3389/fmicb.2016.01415,https://www.frontiersin.org/journals/microbiology/articles/10.3389/fmicb.2016.01415/full,editorial,editorial,False,high,"Title begins with ""Editorial:"" matching a Frontiers research-topic editorial with few references.",False,200,
https://openalex.org/W2510211988,https://doi.org/10.1039/c6mt90035f,https://doi.org/10.1039/c6mt90035f,editorial,editorial,False,high,"Celebratory framing piece introducing a topic with only 5 references, matching editorial opinion/introduction content.",False,403,
https://openalex.org/W4237002643,https://doi.org/10.1016/s2352-3018(16)00006-0,https://linkinghub.elsevier.com/retrieve/pii/S2352301816000060,editorial,editorial,False,medium,Single-page Lancet HIV piece with no references and an opinion-style title fits editorial/commentary.,False,200,
https://openalex.org/W2531394541,https://doi.org/10.3928/19382359-20160920-02,https://doi.org/10.3928/19382359-20160920-02,editorial,editorial,False,medium,"Single-page (e336), zero-reference framing piece in Pediatric Annals reads as a guest editorial/introduction to the issue.",False,403,
https://openalex.org/W2096582580,https://doi.org/10.1158/1078-0432.ccr-11-3229,https://doi.org/10.1158/1078-0432.ccr-11-3229,editorial,editorial,False,high,Single-page opinion piece with 0 references in Clinical Cancer Research titled like a broad-topic editorial.,False,403,
https://openalex.org/W3199416864,https://doi.org/10.3389/fcimb.2021.755459,https://www.frontiersin.org/journals/cellular-and-infection-microbiology/articles/10.3389/fcimb.2021.755459/full,editorial,editorial,False,high,"Title explicitly begins with ""Editorial:"" and is a topic-introduction with few references.",False,200,
https://openalex.org/W2089480171,https://doi.org/10.1016/j.redar.2013.10.001,https://linkinghub.elsevier.com/retrieve/pii/S0034935613002703,editorial,editorial,False,medium,Title framing as opinion/commentary ('A new challenge') in an anesthesiology journal indicates an editorial rather than original research.,False,200,
https://openalex.org/W4412773952,https://doi.org/10.3389/fnut.2025.1666185,https://www.frontiersin.org/journals/nutrition/articles/10.3389/fnut.2025.1666185/full,editorial,editorial,False,high,Title explicitly begins with 'Editorial:' and is opinion/framing content with only 5 references.,False,200,
https://openalex.org/W4409979812,https://doi.org/10.1007/s12098-025-05551-5,https://link.springer.com/10.1007/s12098-025-05551-5,editorial,editorial,False,high,"dc.type meta tag reads ""EditorialNotes"" and it is a short two-page commentary on a broad topic with few references.",False,200,
https://openalex.org/W4237932510,https://doi.org/10.15381/idata.v14i2.6216,https://revistasinvestigacion.unmsm.edu.pe/index.php/idata/article/view/6216,editorial,editorial,False,high,"DC.Type.articleType is ""Editorial"" and title is ""EDITORIAL"" with 0 refs on a single page.",False,200,
https://openalex.org/W2811987496,https://doi.org/10.3122/jabfm.2018.04.180136,https://www.jabfm.org/content/31/4/495,editorial,editorial,False,high,"Title 'The Potpourri of Family Medicine' with references to multiple articles in the issue is an editor's introduction/commentary, matching editorial.",False,200,
https://openalex.org/W1889977840,https://doi.org/10.1111/j.1755-5922.2008.00055.x,https://doi.org/10.1111/j.1755-5922.2008.00055.x,editorial,editorial,False,medium,"Short 3-page broad-topic commentary piece in a journal, consistent with oa_type editorial despite reference count.",False,403,
https://openalex.org/W4244382676,https://doi.org/10.1016/j.urology.2016.07.038,https://linkinghub.elsevier.com/retrieve/pii/S0090429516305167,editorial,editorial,False,high,"Title and page title both read ""Editorial Comment,"" matching the editorial type.",False,200,
https://openalex.org/W2974924725,https://doi.org/10.1016/j.ophtha.2019.08.013,https://linkinghub.elsevier.com/retrieve/pii/S0161642019319359,editorial,editorial,False,high,Opinion piece 'On Ophthalmology Rankings' commenting on a broad topic with few references fits editorial.,False,200,
https://openalex.org/W4232317399,https://doi.org/10.1016/j.meatsci.2015.10.007,https://linkinghub.elsevier.com/retrieve/pii/S0309174015003447,editorial,editorial,False,high,Title is 'Editorial' with 0 references on a short 1-2 page journal piece.,False,200,
https://openalex.org/W2132270237,https://doi.org/10.1515/ejnm.2009.2.2.3,https://www.degruyterbrill.com/document/doi/10.1515/EJNM.2009.2.2.3/html,editorial,editorial,False,high,"Title begins ""Editorial:"" with single page and zero references, signaling an editorial.",False,202,
https://openalex.org/W952625349,https://doi.org/10.1097/00029330-200612010-00001,https://journals.lww.com/cmj/fulltext/2006/12010/hiv_aids_research_in_china__arising_up_from.1.aspx,editorial,editorial,False,medium,"Short opinion piece (2 pages, few refs) on a broad topic as the issue's lead article, consistent with editorial.",False,200,
https://openalex.org/W4391592989,https://doi.org/10.1016/j.chest.2023.11.004,https://linkinghub.elsevier.com/retrieve/pii/S0012369223056982,editorial,editorial,False,medium,"Short two-page commentary (248-249) with few references reflecting on a prediction model study, characteristic of an editorial/commentary.",False,200,
https://openalex.org/W4402349644,https://doi.org/10.21500/20115733.4372,https://revistas.usb.edu.co/challenge,editorial,editorial,False,high,Title 'Editorial' with 0 references on pages 17-19 indicates an editorial.,False,200,
https://openalex.org/W2409528513,https://doi.org/10.1007/s11912-006-0013-9,https://link.springer.com/article/10.1007/s11912-006-0013-9,editorial,editorial,False,high,"dc.type meta tag is ""EditorialNotes"" with an opinion-framing title.",False,200,
https://openalex.org/W2165178440,https://doi.org/10.1007/s00467-006-0107-5,https://link.springer.com/article/10.1007/s00467-006-0107-5,editorial,article,True,medium,"Publisher dc.type is ""OriginalPaper"" with 46 references and a full page range, indicating an original article rather than an editorial.",False,200,
https://openalex.org/W3013026711,https://doi.org/10.1186/s13054-020-2841-7,https://ccforum.biomedcentral.com/articles/10.1186/s13054-020-2841-7,editorial,editorial,False,high,"dc.type ""EditorialNotes"" plus single-page, 1-reference opinion piece confirms editorial.",False,200,
https://openalex.org/W4224992656,https://doi.org/10.1016/j.gofs.2022.04.007,https://linkinghub.elsevier.com/retrieve/pii/S2468718922001672,editorial,editorial,False,medium,"Short opinion/commentary piece (2 pages, no abstract, few refs) on a broad topic, consistent with editorial.",False,200,
https://openalex.org/W4405645135,https://doi.org/10.1386/jgvw_00098_2,https://intellectdiscover.com/content/journals/10.1386/jgvw_00098_2,editorial,editorial,False,high,"Title and citation_title are ""Editorial"" in a journal, matching the editorial type.",False,200,
https://openalex.org/W4402482125,https://doi.org/10.1136/bmj.q1985,https://doi.org/10.1136/bmj.q1985,editorial,editorial,False,high,"BMJ single-page opinion piece with 0 references and editorial title, matching editorial genre.",False,403,
https://openalex.org/W4412688557,https://doi.org/10.38140/sjch.v49i2.9551,https://doi.org/10.38140/sjch.v49i2.9551,editorial,editorial,False,high,DC.Type.articleType is 'Editorial' and title is 'Editorial'.,False,,
https://openalex.org/W2883501387,https://doi.org/10.14503/thij-18-6729,https://thij.kglmeridian.com/view/journals/thij/45/3/article-p123.xml,editorial,editorial,False,medium,"Short opinion piece on the broad topic of medical education in a journal's commentary slot, matching editorial.",False,200,
https://openalex.org/W4200133826,https://doi.org/10.1016/j.semnephrol.2021.09.001,https://linkinghub.elsevier.com/retrieve/pii/S0270929521001182,editorial,article,True,low,"Crossref journal-article in Seminars in Nephrology with no peer-review/editorial markers; though short, og:type and metadata indicate a standard article.",False,200,
https://openalex.org/W4251039035,https://doi.org/10.2378/mot2019.art30d,https://reinhardt-journals.de/xibrary/start.xav?qn=%24%24%24OpenURL%24%24%24&id=doi%3A10.2378%2Fmot2019.art30d,editorial,editorial,False,high,"Title and page title both read 'Editorial' in a journal context, indicating an editorial.",False,200,
https://openalex.org/W4255430490,https://doi.org/10.1057/fsm.2011.15,https://link.springer.com/article/10.1057/fsm.2011.15,editorial,editorial,False,high,"Title ""Editorial"" and dc.type ""EditorialNotes"" confirm an editorial.",False,200,
https://openalex.org/W4281945812,https://doi.org/10.1016/j.oceram.2022.100278,https://linkinghub.elsevier.com/retrieve/pii/S266653952200061X,editorial,editorial,False,high,"Title explicitly begins ""Editorial:"" with 0 references on a single page, signaling an editorial.",False,200,
https://openalex.org/W2979558320,https://doi.org/10.1002/dvdy.123,https://doi.org/10.1002/dvdy.123,editorial,editorial,False,medium,"Short two-page topical commentary piece with few references in a journal, matching editorial framing.",False,403,
https://openalex.org/W3016113587,https://doi.org/10.21037/atm.2020.03.217,https://atm.amegroups.org/article/view/39887/html,editorial,editorial,False,high,"DC.Type.articleType is 'Editorial Commentary,' commentary opinion on a study.",False,200,
https://openalex.org/W2585134991,https://doi.org/10.1016/j.ccep.2010.10.002,https://linkinghub.elsevier.com/retrieve/pii/S1877918210001322,editorial,editorial,False,high,Title 'Foreword' on roman-numeral front matter page is editorial framing content per taxonomy.,False,200,
https://openalex.org/W4391908251,https://doi.org/10.1097/nur.0000000000000813,https://journals.lww.com/cns-journal/fulltext/2024/03000/seeking_peace.2.aspx,editorial,editorial,False,medium,"Short 2-page opinion piece titled 'Seeking Peace' with one reference in a nursing journal, consistent with an editorial.",False,200,
https://openalex.org/W4200274769,https://doi.org/10.1080/09695958.2021.2019996,https://doi.org/10.1080/09695958.2021.2019996,editorial,editorial,False,high,"Title and page title are 'Editorial', single page with no references, confirming an editorial despite the generic dc.Type tag.",False,403,
https://openalex.org/W2943197585,https://doi.org/10.3390/toxics7020025,https://doi.org/10.3390/toxics7020025,editorial,editorial,False,high,"dc.type meta tag is ""Editorial"" for this MDPI special-issue introduction.",False,403,
https://openalex.org/W2222974399,https://doi.org/10.1016/j.rbmo.2015.05.014,https://linkinghub.elsevier.com/retrieve/pii/S1472648315002552,editorial,editorial,False,high,Single-page 'Meet our new editor' with 0 references is editorial introduction content.,False,200,
https://openalex.org/W2944486044,https://doi.org/10.21523/gcj2.18020201,http://www.gathacognition.com/article/gca52,editorial,editorial,False,high,"Title and page title explicitly begin with ""Editorial:"" indicating an editorial opinion piece.",False,200,
https://openalex.org/W2785391352,https://doi.org/10.3362/1755-1986.2017.28-4ed,https://practicalactionpublishing.com/article/2397/editorial-revisiting-the-role-of-business-technical-and-financial-services-in-fostering-rural-entrepreneurship,editorial,editorial,False,high,"Title explicitly begins with ""Editorial:"" and has 0 references, matching the editorial type.",False,200,
https://openalex.org/W4402316152,https://doi.org/10.2807/1560-7917.es.2024.29.36.240905m,https://doi.org/10.2807/1560-7917.es.2024.29.36.240905m,editorial,editorial,False,high,"Title 'Note from the editors' is an editorial opinion piece, not about a specific work.",False,403,
https://openalex.org/W4297200101,https://doi.org/10.3389/fonc.2022.1019946,https://www.frontiersin.org/journals/oncology/articles/10.3389/fonc.2022.1019946/full,editorial,editorial,False,high,"Title explicitly begins with 'Editorial:' framing a topic, a Frontiers editorial.",False,200,
https://openalex.org/W4295074038,https://doi.org/10.3389/feart.2022.1023604,https://www.frontiersin.org/journals/earth-science/articles/10.3389/feart.2022.1023604/full,editorial,editorial,False,high,"Title explicitly begins 'Editorial:' and has zero references, identifying a Frontiers topic editorial.",False,200,
https://openalex.org/W4211144624,https://doi.org/10.1007/s41745-021-00259-9,https://link.springer.com/10.1007/s41745-021-00259-9,editorial,editorial,False,high,"dc.type=EditorialNotes and title ""Editor's Desk"" indicate an editorial.",False,200,
https://openalex.org/W2324729586,https://doi.org/10.1055/s-0033-1351307,https://www.thieme-connect.de/products/ejournals/abstract/10.1055/s-0033-1351307,editorial,editorial,False,medium,"Short two-page piece with no references and an opinion-style title in a journal, consistent with editorial.",False,200,
https://openalex.org/W4378802160,https://doi.org/10.1111/iju.15215,https://doi.org/10.1111/iju.15215,editorial,editorial,False,high,"Title ""Editorial Comment to..."" marks it as an editorial commentary on a topic.",False,403,
https://openalex.org/W3000716931,https://doi.org/10.1186/s12940-019-0556-5,https://ehjournal.biomedcentral.com/articles/10.1186/s12940-019-0556-5,editorial,editorial,False,high,dc.type 'EditorialNotes' and opinion-style title on a single page confirm editorial.,False,200,
https://openalex.org/W1996588118,https://doi.org/10.2486/indhealth.ms4902ed,https://www.jstage.jst.go.jp/article/indhealth/49/2/49_MS4902ED/_article,editorial,editorial,False,high,DOI suffix 'ED' and short 2-page topical piece confirm an editorial.,False,200,
https://openalex.org/W4242066129,https://doi.org/10.1109/tmtt.2015.2504138,https://ieeexplore.ieee.org/document/7346508/,editorial,editorial,False,high,Title and oa_type both indicate 'Editorial' with 0 references in a journal.,False,202,
https://openalex.org/W4240598244,https://doi.org/10.1111/ger.12539,https://doi.org/10.1111/ger.12539,editorial,editorial,False,high,"Title ""Editorial"" with single page and no references in a journal.",False,403,
https://openalex.org/W4405351303,https://doi.org/10.1109/tce.2024.3411822,https://ieeexplore.ieee.org/document/10798980/,editorial,editorial,False,high,"Title begins ""Guest Editorial"" introducing a special issue, a classic editorial.",False,202,
https://openalex.org/W4393409961,https://doi.org/10.1016/j.hydromet.2024.106300,https://linkinghub.elsevier.com/retrieve/pii/S0304386X24000409,editorial,editorial,False,high,"Title explicitly begins 'Editorial:' introducing a special issue, matching the editorial type.",False,200,
https://openalex.org/W4394848529,https://doi.org/10.3348/kjr.2024.0111,https://kjronline.org/DOIx.php?id=10.3348/kjr.2024.0111,editorial,letter,True,low,"Single-page commentary on a broad professional topic with few references; reads as editorial/correspondence, marginally letter vs editorial, but treated as editorial-style opinion.",False,200,
https://openalex.org/W2046843178,https://doi.org/10.1007/s00259-012-2071-6,https://link.springer.com/article/10.1007/s00259-012-2071-6,editorial,editorial,False,high,"dc.type meta tag reads ""EditorialNotes"" and title poses an opinion question on a broad topic.",False,200,
https://openalex.org/W4253571148,https://doi.org/10.1002/alr.21868,https://doi.org/10.1002/alr.21868,editorial,editorial,False,high,"Title and citation_title both ""Editorial"" in a journal, matching the editorial type.",False,403,
https://openalex.org/W2128494827,https://doi.org/10.1093/ejcts/ezt049,https://doi.org/10.1093/ejcts/ezt049,editorial,editorial,False,high,"A presidential address is an opinion/framing piece on a broad topic, matching the editorial type.",False,403,
https://openalex.org/W4390023844,https://doi.org/10.3802/jgo.2024.35.e46,https://ejgo.org/DOIx.php?id=10.3802/jgo.2024.35.e46,editorial,editorial,False,high,"""Reviewer recognition"" acknowledgment note from the journal with no refs/abstract is editorial front-matter content.",False,200,
https://openalex.org/W4385732933,https://doi.org/10.3390/ncrna9040046,https://doi.org/10.3390/ncrna9040046,editorial,editorial,False,high,"dc.type meta tag explicitly states ""Editorial"" and it's a single-page editorial introducing a special issue.",False,403,
https://openalex.org/W4206245207,https://doi.org/10.1002/cyto.a.24526,https://doi.org/10.1002/cyto.a.24526,editorial,editorial,False,high,"""New years' note"" from the editor is an editorial opinion/framing piece, single page with few references.",False,403,
https://openalex.org/W2805734159,https://doi.org/10.1111/bju.14380,https://doi.org/10.1111/bju.14380,editorial,editorial,False,high,"Single-page, zero-reference opinion piece on a broad topic in a urology journal matches editorial.",False,403,
https://openalex.org/W2936179718,https://doi.org/10.1016/j.aprim.2019.03.002,https://linkinghub.elsevier.com/retrieve/pii/S0212656719301817,editorial,editorial,False,high,"Title 'urge cambiar para mantener la calidad' is opinion/commentary on a broad topic with few references, consistent with editorial.",False,200,
https://openalex.org/W4315436769,https://doi.org/10.1111/risa.14058,https://doi.org/10.1111/risa.14058,editorial,editorial,False,low,Profile/commentary piece in Risk Analysis with one reference fits editorial opinion/framing content.,False,403,
https://openalex.org/W2129566650,https://doi.org/10.1189/jlb.0911468,https://doi.org/10.1189/jlb.0911468,editorial,editorial,False,high,"Title and page title both begin with 'Editorial:', commenting on a specific advance article.",False,403,
https://openalex.org/W4234818196,https://doi.org/10.29117/jcsis.2018.0198,https://doi.org/10.29117/jcsis.2018.0198,editorial,editorial,False,high,"Title is ""Editorial"" with 0 references in a journal, matching editorial genre.",False,,
https://openalex.org/W1985499210,https://doi.org/10.1038/sj.bdj.2010.1135,https://www.nature.com/articles/sj.bdj.2010.1135,editorial,editorial,False,high,"dc.type meta tag is ""EditorialNotes"" on a single-page opinion piece.",False,200,
https://openalex.org/W2417398809,https://doi.org/10.1080/13561820902877104,https://doi.org/10.1080/13561820902877104,editorial,editorial,False,high,"dc.Type meta tag and title both explicitly say ""editorial.""",False,403,
https://openalex.org/W2522267178,https://doi.org/10.7748/ns.31.4.3.s1,https://doi.org/10.7748/ns.31.4.3.s1,editorial,editorial,False,high,"Single-page (p.3), zero-reference opinion/commentary piece in Nursing Standard consistent with an editorial.",False,403,
https://openalex.org/W2893336533,https://doi.org/10.1177/0004867418804069,https://doi.org/10.1177/0004867418804069,editorial,editorial,False,high,"Short opinion piece (2 pages, 4 refs, no abstract) titled commentary-style in a psychiatry journal; oa_type editorial fits the broad-topic opinion definition.",False,403,
https://openalex.org/W4253857770,https://doi.org/10.1590/s1677-5538.ibju.2015.04.01,http://www.scielo.br/j/ibju/a/wGjZThHVYF8DpsTz6qPWDhj/?lang=en,editorial,editorial,False,high,Title 'Editorial in This Issue' and zero references identify it as an editorial.,False,200,
https://openalex.org/W4230459776,https://doi.org/10.7764/rts.76.5,https://doi.org/10.7764/rts.76.5,editorial,editorial,False,high,"DC.Type.articleType is ""Editorial"" and title is ""Editorial"" on a single page.",False,403,
https://openalex.org/W3082096445,https://doi.org/10.19102/icrm.2020.110801,https://www.innovationsincrm.com/cardiac-rhythm-management/articles-2020/august/1621-coronavirus-disease-2019-modern-electrophysiology-practice,editorial,editorial,False,medium,"Opinion/commentary piece on a broad topic (lessons from COVID-19 for EP practice) with few references, matching editorial.",False,200,
https://openalex.org/W2042092171,https://doi.org/10.1044/1059-0889(2010/ed-01),https://pubs.asha.org/doi/10.1044/1059-0889%282010/ed-01%29,editorial,editorial,False,high,DOI slug 'ed-01' and editorial framing on pages 1-2 of the journal indicate an editorial.,False,200,
https://openalex.org/W2023680164,https://doi.org/10.1164/rccm.201406-1014ed,https://doi.org/10.1164/rccm.201406-1014ed,editorial,editorial,False,high,"dc.Type meta tag and DOI suffix ""ed"" plus rhetorical title both confirm editorial.",False,403,
https://openalex.org/W2080645626,https://doi.org/10.1038/mt.2010.184,https://linkinghub.elsevier.com/retrieve/pii/S1525001616308292,editorial,editorial,False,high,Single-page commentary with zero references and a topic-opinion title ('Changing of the Guard?') in Molecular Therapy's editorial section.,False,200,
https://openalex.org/W4247222898,https://doi.org/10.1093/brain/awp072,https://doi.org/10.1093/brain/awp072,editorial,editorial,False,high,Title and metadata explicitly say 'Editorial' with no references.,False,403,
https://openalex.org/W4407150274,https://doi.org/10.1186/s13062-025-00603-4,https://biologydirect.biomedcentral.com/articles/10.1186/s13062-025-00603-4,editorial,other,True,medium,"Title ""Martin Karplus (1930–2024)"" is an obituary/biography, which the taxonomy explicitly routes to other.",False,200,
https://openalex.org/W4247609390,https://doi.org/10.31512/encitec.v9i1.3086,https://doi.org/10.31512/encitec.v9i1.3086,editorial,editorial,False,high,Title 'Editorial' with single page and zero references in a journal indicates an editorial.,False,,
https://openalex.org/W3004990003,https://doi.org/10.2105/ajph.2019.305533,https://doi.org/10.2105/ajph.2019.305533,editorial,editorial,False,high,"dc.Type meta tag explicitly states ""editorial"" and the title is opinion on a broad topic.",False,403,
https://openalex.org/W4233153001,https://doi.org/10.7784/rbtur.v2i4.115,https://doi.org/10.7784/rbtur.v2i4.115,editorial,editorial,False,high,"DC.Type.articleType is ""Editorial"" and title is ""Editorial.""",False,,
https://openalex.org/W2228768071,https://doi.org/10.1016/j.ultramic.2015.04.007,https://linkinghub.elsevier.com/retrieve/pii/S0304399115000832,editorial,other,True,high,"Title is a person's name with birth–death dates (1922–2014) on roman-numeral front-matter page, signaling an obituary, which routes to other.",False,200,
https://openalex.org/W4411671592,https://doi.org/10.5771/0030-3690-2025-7-001,https://www.inlibra.com/de/document/view/detail/uuid/921b2976-9ede-3be4-9a69-2d52632cdabf,editorial,editorial,False,high,Title 'Editorial' on single page 1-1 with no references in a journal.,False,200,
https://openalex.org/W3006112295,https://doi.org/10.1136/bmjqs-2019-009731,https://doi.org/10.1136/bmjqs-2019-009731,editorial,editorial,False,medium,Title 'reflections on...' signals an opinion/commentary piece in a quality journal rather than original research or a literature survey.,False,403,
https://openalex.org/W4381856625,https://doi.org/10.59391/inscriptions.v2i2.46,https://www.tankebanen.no/inscriptions/index.php/inscriptions/article/view/46,editorial,editorial,False,high,"Title ""Editorial"" plus DC.Type.articleType=""Editorial"" identify it as an editorial.",False,200,
https://openalex.org/W2332444212,https://doi.org/10.9755/ejfa.v26i2.16745,https://ejfa.info/index_php/ejfa/search/authors/view_firstname-a_a_abdelhadiandi_-middlename--lastname-a_wasfi-affiliation,editorial,editorial,False,high,"Title explicitly begins 'Editorial:' with 0 references, matching the editorial opinion genre.",False,200,
https://openalex.org/W2016508398,https://doi.org/10.1016/j.genm.2009.02.003,https://linkinghub.elsevier.com/retrieve/pii/S1550857909000084,editorial,editorial,False,medium,"Short 3-page front-of-issue piece on a broad topic in Gender Medicine with few references, consistent with an editorial.",False,200,
https://openalex.org/W4252051806,https://doi.org/10.5944/educxx1.14.1.337,https://doi.org/10.5944/educxx1.14.1.337,editorial,editorial,False,high,"DC.Type.articleType is ""Editorial"" and title is ""EDITORIAL.""",False,,
https://openalex.org/W4237945002,https://doi.org/10.1017/s0263574713000891,https://www.cambridge.org/core/journals/robotica/article/editorial/12756CC5A517EA6F97442EC4DBC9E741,editorial,editorial,False,high,"Title 'Editorial', single page, 0 references confirm an editorial.",False,200,
https://openalex.org/W4376640510,https://doi.org/10.1080/17474086.2023.2215423,https://doi.org/10.1080/17474086.2023.2215423,editorial,editorial,False,medium,Question-format opinion title in an Expert Review journal with no abstract matches editorial/commentary framing.,False,403,
https://openalex.org/W3157681039,https://doi.org/10.1007/s10653-021-00897-z,https://link.springer.com/10.1007/s10653-021-00897-z,editorial,editorial,False,high,"dc.type ""EditorialNotes"" and a special-issue introduction title confirm an editorial.",False,200,
https://openalex.org/W3003793392,https://doi.org/10.1016/j.jaac.2019.11.023,https://linkinghub.elsevier.com/retrieve/pii/S0890856720300654,editorial,editorial,False,high,"Title and page title explicitly begin with ""Editorial:"" indicating an opinion editorial piece.",False,200,
https://openalex.org/W4393267895,https://doi.org/10.1515/9789048563272-001,https://chooser.crossref.org/?doi=10.1515%2F9789048563272-001,editorial,editorial,False,medium,"Title and citation_title are 'Editorial' (a short front-matter framing piece on pp.7-8), which the taxonomy routes to editorial over generic book-chapter.",False,200,
https://openalex.org/W4385552827,https://doi.org/10.1016/j.euo.2023.07.001,https://linkinghub.elsevier.com/retrieve/pii/S2588931123001414,editorial,editorial,False,high,"Two-page, 2-reference commentary piece with an opinion-style title ('Navigating...') typical of an editorial/commentary.",False,200,
https://openalex.org/W4391377632,https://doi.org/10.1038/d41586-024-00238-x,https://www.nature.com/articles/d41586-024-00238-x,editorial,editorial,False,high,"dc.type meta tag explicitly says ""Editorial"" and the title is an opinion piece in Nature.",False,200,
https://openalex.org/W2906205398,https://doi.org/10.17235/reed.2018.6114/2018,https://doi.org/10.17235/reed.2018.6114/2018,editorial,editorial,False,high,Title 'Achievements and objectives for 2019' is a year-in-review editorial statement on a broad topic with few references.,False,,
https://openalex.org/W4404963417,https://doi.org/10.1080/10256016.2024.2434511,https://doi.org/10.1080/10256016.2024.2434511,editorial,other,True,high,"Title ""In memoriam"" is an obituary, which the taxonomy routes to other.",False,403,
https://openalex.org/W1897731120,https://doi.org/10.7196/samj.9627,https://doi.org/10.7196/samj.9627,editorial,editorial,False,high,"DC.Type.articleType meta tag explicitly states ""Editorial"".",False,,
https://openalex.org/W2085740669,https://doi.org/10.7326/0003-4819-155-11-201112060-00021,https://doi.org/10.7326/0003-4819-155-11-201112060-00021,letter,letter,False,high,dc.Type meta tag explicitly says 'letter' in a journal correspondence section.,False,403,
https://openalex.org/W3135522002,https://doi.org/10.1016/j.jacc.2020.12.049,https://linkinghub.elsevier.com/retrieve/pii/S073510972038267X,letter,letter,False,high,Title 'Reply' to a published article with few references is author correspondence.,False,200,
https://openalex.org/W3021133704,https://doi.org/10.1016/s0140-6736(20)31052-7,https://linkinghub.elsevier.com/retrieve/pii/S0140673620310527,letter,letter,False,high,"Short single-page (e84) Lancet correspondence with few references, consistent with a letter to the editor.",False,200,
https://openalex.org/W2222834625,https://doi.org/10.1016/j.clineuro.2015.12.017,https://linkinghub.elsevier.com/retrieve/pii/S0303846715301086,letter,letter,False,medium,Short 2-page correspondence titled as a critique calling for 'more evidence' matches a letter to the editor about previously published guidance.,False,200,
https://openalex.org/W1526742632,https://doi.org/10.7326/l15-5080-2,https://doi.org/10.7326/l15-5080-2,letter,letter,False,high,"dc.Type meta is ""letter"", a single-page correspondence in Annals of Internal Medicine.",False,403,
https://openalex.org/W4214541661,https://doi.org/10.1111/ijd.16148,https://doi.org/10.1111/ijd.16148,letter,article,True,high,"Title self-identifies as a case report, which routes to article despite the OpenAlex 'letter' prior.",False,403,
https://openalex.org/W3011293832,https://doi.org/10.4103/ijo.ijo_2202_19,https://journals.lww.com/ijo/Fulltext/2020/68040/Response_to_comment_on__Comment_on__Clinical.41.aspx,letter,letter,False,high,"Title is an author 'Response to comment on' reply correspondence, single page with 2 refs, classic letter-to-editor exchange.",False,200,
https://openalex.org/W2044378570,https://doi.org/10.1111/j.1365-2559.2009.03262.x,https://doi.org/10.1111/j.1365-2559.2009.03262.x,letter,article,True,medium,"Multi-page (626–631) original research finding with abstract and references in a journal, og:type Article, despite oa_type 'letter'.",False,403,
https://openalex.org/W4388071047,https://doi.org/10.1186/s13049-023-01129-2,https://sjtrem.biomedcentral.com/articles/10.1186/s13049-023-01129-2,letter,letter,False,high,"dc.type meta tag explicitly states ""Letter"" on a single-page correspondence-style item.",False,200,
https://openalex.org/W2884329558,https://doi.org/10.1172/jci122032,https://www.jci.org/articles/view/122032,letter,editorial,True,medium,"JCI Commentary giving expert opinion framing a topic/study rather than reader correspondence, fitting editorial over the inherited 'letter' tag.",False,200,
https://openalex.org/W2084452698,https://doi.org/10.1001/archderm.142.10.1366,https://doi.org/10.1001/archderm.142.10.1366,letter,letter,False,medium,"Single-page correspondence in Archives of Dermatology reporting on a case via letter format, consistent with a letter to the editor.",False,403,
https://openalex.org/W2974966483,https://doi.org/10.1007/s10508-019-01555-3,https://link.springer.com/10.1007/s10508-019-01555-3,letter,article,True,medium,"Springer dc.type is ""OriginalPaper"" with 54 references and full page range in a research journal, not reader correspondence.",False,200,
https://openalex.org/W4239351152,https://doi.org/10.1080/08820130802205845,https://taylorandfrancis.com/,letter,editorial,True,high,"Title 'Letter from the Editor' is editor's opinion/framing content, which routes to editorial not reader correspondence.",False,200,
https://openalex.org/W4230361099,https://doi.org/10.4324/9781315469096-89,https://www.taylorfrancis.com/chapters/mono/10.4324/9781315469096-89/letter-ruskin-work-convents-emily-maurice,letter,book-chapter,True,high,"Crossref type book-chapter with ISBN inside the book 'Octavia Hill', despite 'letter' title.",False,200,
https://openalex.org/W3034193350,https://doi.org/10.1093/cid/ciaa766,https://doi.org/10.1093/cid/ciaa766,letter,editorial,True,medium,"Commentary on a broad topic (microbiome science standards) in CID, fitting editorial rather than reader correspondence.",False,403,
https://openalex.org/W2144811966,https://doi.org/10.1016/j.jdermsci.2012.11.007,https://linkinghub.elsevier.com/retrieve/pii/S0923181112003362,letter,letter,False,high,"Title is a brief correspondence critiquing a published method's typing-error risk, consistent with a letter to the editor.",False,200,
https://openalex.org/W2056460458,https://doi.org/10.1007/s00296-011-2167-5,https://link.springer.com/article/10.1007/s00296-011-2167-5,letter,letter,False,high,"Springer dc.type meta tag explicitly marks this as ""Letter"" correspondence in a journal.",False,200,
https://openalex.org/W2886947400,https://doi.org/10.5698/1535-7597.18.4.255,https://doi.org/10.5698/1535-7597.18.4.255,letter,editorial,True,medium,"Two-page commentary/research-highlight in Epilepsy Currents with few references, fitting editorial commentary rather than original research or reader correspondence.",False,403,
https://openalex.org/W2969357720,https://doi.org/10.33963/kp.14938,https://journals.viamedica.pl/bc.php?target=/index%252ephp%252fpolish_heart_journal%252farticle%252fview%252f82338,letter,editorial,True,high,"DC.Type.articleType meta tag explicitly states ""Editorial"", overriding the oa_type ""letter"".",False,200,
https://openalex.org/W2019898040,https://doi.org/10.4161/cc.10.14.16203,https://doi.org/10.4161/cc.10.14.16203,letter,editorial,True,medium,"Single-page, zero-reference commentary in Cell Cycle giving opinion on a research topic fits editorial rather than letter correspondence.",False,403,
https://openalex.org/W1965977552,https://doi.org/10.1055/s-2006-958705,https://www.thieme-connect.de/products/ejournals/abstract/10.1055/s-2006-958705,letter,letter,False,low,"Short two-page item with zero references in a journal, consistent with letter-to-editor correspondence as tagged.",False,200,
https://openalex.org/W2017853771,https://doi.org/10.1038/mp.2012.141,https://www.nature.com/articles/mp2012141,letter,article,True,medium,"Despite dc.type ""Letter"", the title reports original research findings (GLP-1 attenuates cocaine reward) with references, indicating a short research communication that routes to article.",False,200,
https://openalex.org/W28357848,https://doi.org/10.1056/nejmc1701027,https://doi.org/10.1056/nejmc1701027,article,letter,True,high,"dc.Type meta tag is ""letter"" and the NEJMc DOI/title indicate NEJM correspondence.",False,403,
https://openalex.org/W2797374038,https://doi.org/10.1590/1806-9282.64.02.104,http://www.scielo.br/j/ramb/a/gYyn3ffhhtf8Jwygzp74Vvv/?lang=en,letter,editorial,True,medium,"Short opinion piece ('Truths and untruths about harm reduction') on a broad topic with few references, characteristic of an editorial/commentary rather than reader correspondence.",False,200,
https://openalex.org/W4389472111,https://doi.org/10.21149/15117,https://doi.org/10.21149/15117,letter,letter,False,high,"articleType meta ""Carta al editor"" (letter to the editor), single page with few refs.",False,403,
https://openalex.org/W2731234191,https://doi.org/10.5603/cj.2017.0064,https://journals.viamedica.pl/bc.php?target=/index%252ephp%252fcardiology_journal%252farticle%252fview%252f49354,letter,letter,False,high,DC.Type.articleType is 'Letters to the Editor — Clinical cardiology'.,False,200,
https://openalex.org/W4414985177,https://doi.org/10.1111/1346-8138.70012,https://doi.org/10.1111/1346-8138.70012,letter,article,True,medium,"Original research reporting a novel KRT5 variant causing disease, not reader correspondence about prior work, so short-communication content routes to article despite the letter tag.",False,403,
https://openalex.org/W2463104369,https://doi.org/10.1111/trf.13651,https://doi.org/10.1111/trf.13651,letter,editorial,True,medium,"Short multi-page commentary ('Bench to bedside') offering opinion on a broad topic rather than reader correspondence, fitting editorial over the inherited 'letter' tag.",False,403,
https://openalex.org/W2052015299,https://doi.org/10.1016/j.surg.2009.10.039,https://linkinghub.elsevier.com/retrieve/pii/S0039606009006643,letter,letter,False,low,"Short two-page item (753-754) flagged as correspondence in Surgery with no clear research-article structure, matching letter.",False,200,
https://openalex.org/W4400658258,https://doi.org/10.1111/jocn.17307,https://doi.org/10.1111/jocn.17307,letter,letter,False,high,"Title 'Comment on:' a previously published article is reader correspondence, fitting letter.",False,403,
https://openalex.org/W1992081197,https://doi.org/10.1038/leu.2014.261,https://www.nature.com/articles/leu2014261,letter,article,True,high,"Despite dc.type=""Letter"", this is original research (targeted mutational profiling) presented as a Nature-style short research communication, which the taxonomy routes to article.",False,200,
https://openalex.org/W2110898437,https://doi.org/10.1136/heartjnl-2013-304093,https://heart.bmj.com/content/99/22/1706.1,letter,letter,False,high,"Short correspondence with only 3 refs on a .1 sub-page in Heart's letters section, typical of a letter to the editor.",False,200,
https://openalex.org/W2168791049,https://doi.org/10.1016/j.amepre.2010.05.002,https://linkinghub.elsevier.com/retrieve/pii/S0749379710003314,letter,letter,False,low,"Short two-page correspondence piece (285-286) responding to prior published work, consistent with a letter to the editor.",False,200,
https://openalex.org/W4297089097,https://doi.org/10.1016/j.parkreldis.2022.08.016,https://linkinghub.elsevier.com/retrieve/pii/S1353802022002723,letter,editorial,True,low,"Single-page (144-144) commentary with only 3 references and no abstract in a journal, indicating opinion/commentary content rather than original research.",False,200,
https://openalex.org/W4247467784,https://doi.org/10.1097/aln.0000000000001139,https://journals.lww.com/anesthesiology/fulltext/2016/07000/in_reply.48.aspx,letter,letter,False,high,"Title ""In Reply"" is an author response to correspondence in a journal's letters section.",False,200,
https://openalex.org/W2073699727,https://doi.org/10.1111/add.12390,https://doi.org/10.1111/add.12390,letter,editorial,True,high,"Title ""Commentary on Chen et al."" is opinion/commentary on a topic, fitting editorial rather than reader correspondence.",False,403,
https://openalex.org/W2900303138,https://doi.org/10.1038/s41563-018-0225-z,https://www.nature.com/articles/s41563-018-0225-z,letter,editorial,True,medium,"A Nature Materials News & Views-style research highlight commenting on a single study, fitting editorial's research-highlight category despite the 'BriefCommunication' tag.",False,200,
https://openalex.org/W2096326747,https://doi.org/10.1016/j.ejim.2007.06.007,https://linkinghub.elsevier.com/retrieve/pii/S0953620507001902,letter,letter,False,low,"Single-page, no abstract, only 3 references in an internal-medicine journal indicates brief correspondence rather than a full case-report article.",False,200,
https://openalex.org/W2029497499,https://doi.org/10.1007/s00266-007-0016-4,https://link.springer.com/10.1007/s00266-007-0016-4,letter,article,True,high,dc.type 'OriginalPaper' and a full surgical-technique paper with references overrides the inherited 'letter' oa_type.,False,200,
https://openalex.org/W1215420072,https://doi.org/10.1007/s10557-013-6454-0,https://link.springer.com/article/10.1007/s10557-013-6454-0,letter,editorial,True,high,"dc.type meta tag reads ""EditorialNotes,"" indicating an editorial commentary on a broad topic rather than reader correspondence.",False,200,
https://openalex.org/W2065708881,https://doi.org/10.1016/j.jcmg.2014.01.019,https://linkinghub.elsevier.com/retrieve/pii/S1936878X14003325,letter,letter,False,medium,"Short correspondence (3 pages, 4 refs, no abstract) in a journal's letters section consistent with reader correspondence.",False,200,
https://openalex.org/W2009117015,https://doi.org/10.1016/j.cmet.2011.10.004,https://linkinghub.elsevier.com/retrieve/pii/S1550413111003901,letter,editorial,True,medium,"Short 2-page Cell Metabolism 'Preview' commentary framing a specific study, which is opinion/commentary content (editorial), not reader correspondence (letter) or original research.",False,200,
https://openalex.org/W3010963925,https://doi.org/10.1016/j.jfma.2020.01.006,https://linkinghub.elsevier.com/retrieve/pii/S0929664620300103,letter,editorial,True,low,"Short two-page piece (4 refs, no abstract) offering opinion on the broad topic of post-stroke care, fitting editorial/commentary rather than reader correspondence.",False,200,
https://openalex.org/W2894093591,https://doi.org/10.1001/jamacardio.2018.3010,https://doi.org/10.1001/jamacardio.2018.3010,letter,letter,False,high,"Title ends in ""—Reply,"" a single-page correspondence reply to previously published material.",False,403,
https://openalex.org/W4403952028,https://doi.org/10.1007/s12098-024-05316-6,https://link.springer.com/10.1007/s12098-024-05316-6,letter,letter,False,high,"Title ""Correspondence"" plus dc.type ""Letter"" indicate reader correspondence about a previously published article.",False,200,
https://openalex.org/W4200590344,https://doi.org/10.1038/s41415-021-3773-6,https://www.nature.com/articles/s41415-021-3773-6,letter,other,True,medium,"dc.type meta tag is ""News"" and title is an interview-style ""Expert view"" piece, routing to other.",False,200,
https://openalex.org/W3118511467,https://doi.org/10.1053/j.gastro.2021.01.005,https://linkinghub.elsevier.com/retrieve/pii/S0016508521000305,letter,editorial,True,medium,"Question-framed commentary on a broad topic in Gastroenterology with few pages and modest references, fitting opinion/commentary rather than reader correspondence or original research.",False,200,
https://openalex.org/W2926620872,https://doi.org/10.1016/j.stem.2019.03.003,https://linkinghub.elsevier.com/retrieve/pii/S193459091930102X,letter,editorial,True,medium,"This is a short Cell Stem Cell 'Preview' commentary (pp.508-510, no abstract, few refs) offering opinion/framing on recent research, fitting editorial rather than letter.",False,200,
https://openalex.org/W2031556451,https://doi.org/10.1103/physreve.83.033101,https://doi.org/10.1103/physreve.83.033101,letter,letter,False,high,"Title is a ""Comment on"" a previously published article, i.e. correspondence about prior work.",False,403,
https://openalex.org/W2087382430,https://doi.org/10.1200/jco.2009.25.3773,https://doi.org/10.1200/jco.2009.25.3773,letter,editorial,True,high,"dc.Type meta tag explicitly says ""editorial"" and the title is an opinion piece accompanying NSCLC research.",False,403,
https://openalex.org/W4404824259,https://doi.org/10.1038/s41594-024-01443-y,https://www.nature.com/articles/s41594-024-01443-y,letter,editorial,True,medium,"Short Nature News & Views–style commentary piece (2 pp., 12 refs) discussing research rather than reader correspondence, so editorial despite the misleading dc.type ""Letter"".",False,200,
https://openalex.org/W2067758541,https://doi.org/10.1038/ni1106-1129,https://www.nature.com/articles/ni1106-1129,letter,article,True,medium,"dc.type=""BriefCommunication"" with 15 references routes to article per taxonomy.",False,200,
https://openalex.org/W4403891575,https://doi.org/10.1007/s12098-024-05318-4,https://link.springer.com/10.1007/s12098-024-05318-4,letter,letter,False,high,dc.type meta tag is 'Letter' and single-page (101) correspondence with few references in a pediatrics journal.,False,200,
https://openalex.org/W2110180453,https://doi.org/10.1007/s10072-015-2198-x,https://link.springer.com/article/10.1007/s10072-015-2198-x,letter,letter,False,high,"dc.type meta tag explicitly says ""Letter"" for this correspondence in Neurological Sciences.",False,200,
https://openalex.org/W2139838581,https://doi.org/10.1210/en.2007-1417,https://doi.org/10.1210/en.2007-1417,letter,editorial,True,low,Two-page front-of-issue piece (pp.3-4) in Endocrinology with a declarative title and ~20 refs reads as a commentary/research highlight rather than a full original article.,False,403,
https://openalex.org/W2322972690,https://doi.org/10.1177/0004867412462749,https://doi.org/10.1177/0004867412462749,letter,letter,False,high,"dc.Type meta tag explicitly says ""letter"" and it is short correspondence in a journal.",False,403,
https://openalex.org/W2002036328,https://doi.org/10.1001/jama.2013.285279,https://doi.org/10.1001/jama.2013.285279,letter,letter,False,high,"Single-page JAMA correspondence with few references on a previously published topic, consistent with letter to the editor.",False,403,
https://openalex.org/W2780582143,https://doi.org/10.1111/bjd.16275,https://doi.org/10.1111/bjd.16275,letter,article,True,medium,"Title reports an original research finding (novel point mutation) with cited references, fitting short original-research 'Letter' which routes to article rather than reader correspondence.",False,403,
https://openalex.org/W2171296419,https://doi.org/10.1136/ard.2005.041269,https://linkinghub.elsevier.com/retrieve/pii/S0003496724201394,letter,letter,False,medium,Short two-page correspondence in ARD's letters section tagged as letter with no abstract.,False,200,
https://openalex.org/W4413275289,https://doi.org/10.1080/15265161.2025.2529950,https://doi.org/10.1080/15265161.2025.2529950,letter,editorial,True,high,"dc.Type meta tag is ""article-commentary,"" a commentary opinion piece routing to editorial.",False,403,
https://openalex.org/W3022777765,https://doi.org/10.1016/j.eururo.2020.04.007,https://linkinghub.elsevier.com/retrieve/pii/S0302283820302396,letter,editorial,True,medium,"Short two-page commentary piece in European Urology posing an opinion question on a topic, characteristic of an editorial rather than reader correspondence.",False,200,
https://openalex.org/W2751215542,https://doi.org/10.1053/j.gastro.2017.08.053,https://linkinghub.elsevier.com/retrieve/pii/S0016508517360869,letter,editorial,True,medium,"Short opinion/commentary piece ('Is Doing More Better?') accompanying research, fitting editorial rather than reader correspondence.",False,200,
https://openalex.org/W4210479306,https://doi.org/10.1093/ejcts/ezac091,https://doi.org/10.1093/ejcts/ezac091,letter,editorial,True,medium,"Short opinion/commentary piece with a rhetorical topical title in the journal's editorial/commentary section, fitting opinion-on-a-topic rather than reader correspondence.",False,403,
https://openalex.org/W2233795124,https://doi.org/10.1016/j.medin.2015.08.007,https://linkinghub.elsevier.com/retrieve/pii/S021056911500203X,letter,letter,False,medium,"Short two-page correspondence piece in a journal's letters section with few references, consistent with letter to the editor.",False,200,
https://openalex.org/W2891326764,https://doi.org/10.1097/gme.0000000000001183,https://journals.lww.com/menopausejournal/citation/2018/10000/do_current_treatment_options_fall_short_for.3.aspx,letter,editorial,True,medium,"Question-style commentary on a broad topic in a journal, with references but no abstract, fits editorial/opinion rather than reader correspondence.",False,200,
https://openalex.org/W2911450265,https://doi.org/10.21037/atm.2019.01.73,https://atm.amegroups.org/article/view/23905/23207,letter,editorial,True,high,"DC.Type.articleType is ""Editorial Commentary,"" a commentary on a topic rather than reader correspondence.",False,200,
https://openalex.org/W2135619955,https://doi.org/10.1111/j.1755-148x.2009.00587.x,https://doi.org/10.1111/j.1755-148x.2009.00587.x,letter,article,True,medium,"Original-research content with 25 references and og:type Article, despite the Crossref 'letter' label.",False,403,
https://openalex.org/W2409890716,https://doi.org/10.3109/0886022x.2012.664765,https://doi.org/10.3109/0886022x.2012.664765,letter,letter,False,medium,dc.Type meta tag is 'letter' and the record is a single-page item with only 2 references in a correspondence format.,False,403,
https://openalex.org/W2028476796,https://doi.org/10.1111/j.1460-9568.2012.08274.x,https://doi.org/10.1111/j.1460-9568.2012.08274.x,letter,editorial,True,high,"Title explicitly labels it a ""Commentary on Riccio et al."", an opinion/commentary piece on a specific topic.",False,403,
https://openalex.org/W2320615282,https://doi.org/10.1583/12-3860c.1,https://doi.org/10.1583/12-3860c.1,letter,editorial,True,high,"Title begins ""Commentary:"" indicating an opinion/commentary piece, which routes to editorial.",False,403,
https://openalex.org/W4401964991,https://doi.org/10.1002/alz.14205,https://doi.org/10.1002/alz.14205,letter,article,True,medium,"Title reports original Mendelian randomization findings with abstract and references, so it's original research not reader correspondence.",False,403,
https://openalex.org/W4287832679,https://doi.org/10.1212/wnl.0000000000200964,https://doi.org/10.1212/wnl.0000000000200964,letter,letter,False,high,"Title ""Reader Response:"" marks reader correspondence about a previously published article.",False,403,
https://openalex.org/W4378782732,https://doi.org/10.1097/nmd.0000000000001632,https://journals.lww.com/jonmd/citation/2023/06000/a_mars_rover_returns_to_earth__dr__frank_s_reply.9.aspx,letter,letter,False,high,"Title 'Dr. Frank's Reply' is single-page author correspondence/reply, matching the letter type.",False,200,
https://openalex.org/W2075925506,https://doi.org/10.1590/s1516-31802012000600011,http://www.scielo.br/j/spmj/a/dv8htNCM7db9hJTd5GZKQJk/?lang=en,letter,editorial,True,low,"Short 2-page commentary piece with few references opining on a research topic, characteristic of an editorial/commentary rather than reader correspondence.",False,200,
https://openalex.org/W1522639076,https://doi.org/10.1111/j.1365-4632.2011.05067.x,https://doi.org/10.1111/j.1365-4632.2011.05067.x,letter,letter,False,medium,"Short 2-page correspondence-style commentary in a dermatology journal with no abstract, consistent with a letter to the editor.",False,403,
https://openalex.org/W4382344909,https://doi.org/10.1093/ndt/gfad127,https://doi.org/10.1093/ndt/gfad127,letter,letter,False,low,"Crossref journal-article with opinion-style title and OpenAlex 'letter' prior, no clear editorial/review markers.",False,403,
https://openalex.org/W2021630541,https://doi.org/10.1111/add.12542,https://doi.org/10.1111/add.12542,letter,editorial,True,high,"Title begins ""Commentary on Lorains et al.""—a commentary/opinion piece, which the taxonomy routes to editorial.",False,403,
https://openalex.org/W2050193975,https://doi.org/10.1001/archpediatrics.2012.563,https://doi.org/10.1001/archpediatrics.2012.563,letter,editorial,True,medium,Opinion/commentary title 'Using Sucrose—With Eyes Wide Open' in a pediatrics journal reads as an editorial framing a topic rather than reader correspondence.,False,403,
https://openalex.org/W2790314251,https://doi.org/10.14283/jpad.2018.6,https://linkinghub.elsevier.com/retrieve/pii/S2274580724005752,letter,letter,False,medium,"dc.type meta tag explicitly states ""Letter"" and journal pages 155-156 indicate a short correspondence piece.",False,200,
https://openalex.org/W33210398,https://doi.org/10.1111/resp.13980,https://doi.org/10.1111/resp.13980,article,editorial,True,medium,"Page title ""Letter from California, USA"" is a recurring commentary/opinion column in Respirology, not reader correspondence about a specific work.",False,403,
https://openalex.org/W2200898058,https://doi.org/10.1016/j.hrthm.2015.08.007,https://linkinghub.elsevier.com/retrieve/pii/S1547527115010218,letter,letter,False,high,"Title ""Reply to the Editor"" is author correspondence about previously published material.",False,200,
https://openalex.org/W2094893277,https://doi.org/10.1097/mph.0b013e3181a6e191,https://journals.lww.com/jpho-online/fulltext/2009/06000/serendipity_methotrexate_and_6_mercaptopurine_for.1.aspx,letter,editorial,True,medium,"Reflective commentary title ('Serendipity—...') in a journal with broad-topic opinion framing rather than original research, fitting editorial.",False,200,
https://openalex.org/W2624673157,https://doi.org/10.1002/humu.23241,https://doi.org/10.1002/humu.23241,letter,letter,False,medium,"Single-page (749-749) journal item with zero references in Human Mutation, consistent with brief correspondence/letter.",False,403,
https://openalex.org/W2905574334,https://doi.org/10.1111/ggi.13549,https://doi.org/10.1111/ggi.13549,letter,letter,False,medium,"Short two-page correspondence (1654-1655) with few references in a journal's letters section, consistent with a letter to the editor.",False,403,
https://openalex.org/W4387376311,https://doi.org/10.1002/pbc.30662,https://doi.org/10.1002/pbc.30662,letter,letter,False,high,"Title ""Reply to: Comment on:"" is author correspondence replying to a comment on a prior article.",False,403,
https://openalex.org/W2079431570,https://doi.org/10.1038/bmt.2008.240,https://www.nature.com/articles/bmt2008240,letter,letter,False,high,"dc.type meta tag is ""Letter"" and it's a single-page correspondence with few references in Bone Marrow Transplantation.",False,200,
https://openalex.org/W4288074517,https://doi.org/10.1093/plcell/koac231,https://doi.org/10.1093/plcell/koac231,letter,editorial,True,medium,"Short 2-page research-highlight commentary in The Plant Cell summarizing another study, matching editorial's 'research highlights' inclusion.",False,403,
https://openalex.org/W2036768807,https://doi.org/10.1016/j.medcli.2009.11.034,https://linkinghub.elsevier.com/retrieve/pii/S0025775309016376,letter,editorial,True,medium,"Short 2-page opinion piece with rhetorical-question title commenting on a broad clinical topic, characteristic of an editorial rather than reader correspondence.",False,200,
https://openalex.org/W4328123572,https://doi.org/10.1038/d41586-023-00843-2,https://www.nature.com/articles/d41586-023-00843-2,letter,letter,False,high,"dc.type is ""Correspondence,"" a single-page reader letter to Nature with no references.",False,200,
https://openalex.org/W4389037436,https://doi.org/10.1111/bjh.19216,https://doi.org/10.1111/bjh.19216,letter,article,True,medium,"Title and 15 references indicate original research (characterization with metabolism/differentiation experiments) despite the journal's 'letter' label, which routes short original research to article.",False,403,
https://openalex.org/W2078061506,https://doi.org/10.1167/iovs.12-10721,https://doi.org/10.1167/iovs.12-10721,letter,letter,False,medium,Single-page IOVS correspondence with a comment-style title responding to prior published work indicates a letter to the editor.,False,403,
https://openalex.org/W2540347744,https://doi.org/10.1093/biostatistics/kxw031,https://doi.org/10.1093/biostatistics/kxw031,letter,letter,False,high,"Title and page title explicitly read 'Letter to the Editor response,' reader/author correspondence about prior published material.",False,403,
https://openalex.org/W4232259855,https://doi.org/10.4103/0971-5916.154519,https://ijmr.org.in/issue/2015-141-1/,letter,letter,False,medium,Single-page item titled 'Establishing association' with only 2 references in a medical journal indicates reader correspondence.,False,200,
https://openalex.org/W3107722894,https://doi.org/10.1016/s1470-2045(20)30695-1,https://linkinghub.elsevier.com/retrieve/pii/S1470204520306951,letter,letter,False,high,Title 'Authors' reply' on a single page e541 in a journal correspondence section indicates reader/author correspondence about previously published material.,False,200,
https://openalex.org/W3026280493,https://doi.org/10.1073/pnas.2006307117,https://doi.org/10.1073/pnas.2006307117,letter,editorial,True,medium,"Short 3-page PNAS commentary piece reflecting on others' research, fitting editorial/commentary rather than original article or reader letter.",False,403,
https://openalex.org/W2057287436,https://doi.org/10.1182/blood-2013-11-531079,https://doi.org/10.1182/blood-2013-11-531079,letter,letter,False,medium,"Brief two-page correspondence in Blood's Letters section commenting on prior findings, consistent with letter type.",False,403,
https://openalex.org/W2109006273,https://doi.org/10.1016/j.jtcvs.2008.07.034,https://linkinghub.elsevier.com/retrieve/pii/S0022522308012543,letter,letter,False,high,Single-page correspondence with only 2 references in a journal's letters section indicates reader correspondence.,False,200,
https://openalex.org/W2026290993,https://doi.org/10.1016/j.seizure.2014.07.008,https://linkinghub.elsevier.com/retrieve/pii/S1059131114002076,letter,letter,False,medium,"Short 3-page piece with only 4 references and a question-style title in Seizure's correspondence format, matching reader correspondence rather than original research.",False,200,
https://openalex.org/W2549566011,https://doi.org/10.1111/jdv.14060,https://doi.org/10.1111/jdv.14060,letter,article,True,medium,"Content is an original clinical case report ('a case of IgG/IgA pemphigus') with 9 references, fitting article (case report) rather than reader correspondence.",False,403,
https://openalex.org/W4283319300,https://doi.org/10.1136/bmj.o1452,https://doi.org/10.1136/bmj.o1452,letter,letter,False,medium,BMJ single-page 'o'-numbered correspondence responding to published cost-effectiveness work signals a letter to the editor.,False,403,
https://openalex.org/W4242445454,https://doi.org/10.1017/cbo9781139566179.041,https://www.cambridge.org/core/books/abs/classical-journal/letter-to-the-right-rev-the-lord-bishop-of-od-1767/894BB15D797A6D56294EB83621906AB7,letter,book-chapter,True,high,"Crossref type is book-chapter with citation_inbook_title and a Cambridge Core book chapter URL, despite a historical title beginning 'A Letter to.'",False,200,
https://openalex.org/W3104831583,https://doi.org/10.1136/rapm-2020-102254,https://doi.org/10.1136/rapm-2020-102254,letter,letter,False,high,"Title ""Response to Dr Howle and colleagues"" is reader/author correspondence replying to a prior letter.",False,403,
https://openalex.org/W2067167468,https://doi.org/10.1016/j.juro.2014.05.119,https://doi.org/10.1016/j.juro.2014.05.119,letter,letter,False,high,"Title prefix ""Re:"" and dc.Type ""correspondence"" mark this as reader correspondence about previously published material.",False,403,
https://openalex.org/W4282822101,https://doi.org/10.1001/jama.2022.6170,https://doi.org/10.1001/jama.2022.6170,letter,letter,False,high,"Single-page JAMA correspondence with 3 references about previously published COVID-19 treatment material, consistent with a letter to the editor.",False,403,
https://openalex.org/W2920753791,https://doi.org/10.1097/ccm.0000000000003546,https://journals.lww.com/ccmjournal/citation/2019/03000/widespread_adoption_of_guidelines_will_require.22.aspx,letter,editorial,True,medium,"Opinion/commentary title with asterisk in a critical-care journal, broad-topic stance rather than reader correspondence, fits editorial.",False,200,
https://openalex.org/W129186548,https://doi.org/10.1097/01.smj.0000223699.07877.da,http://sma.org/southern-medical-journal/article/macrophage-activation-syndrome-associated-with-systemic-onset-juvenile-rheumatoid-arthritis/,letter,article,True,medium,"Multi-page (786-787) case report with 6 references in a medical journal indicates a full article, not reader correspondence.",False,200,
https://openalex.org/W2021277323,https://doi.org/10.2214/ajr.06.5009,https://doi.org/10.2214/ajr.06.5009,letter,letter,False,medium,"Short 2-page AJR correspondence piece (pages 580-581) about a clinical technique, consistent with a letter despite dc.Type research-article tag.",False,403,
https://openalex.org/W2341002460,https://doi.org/10.1016/s0140-6736(16)30194-5,https://linkinghub.elsevier.com/retrieve/pii/S0140673616301945,letter,editorial,True,medium,"Two-page Lancet opinion piece on a broad topic (global health disparities) with references, characteristic of a Comment/editorial rather than reader correspondence.",False,200,
https://openalex.org/W3207090325,https://doi.org/10.12809/hkmj219744,https://www.hkmj.org/abstracts/v27n5/380.htm,letter,letter,False,low,"Crossref/OpenAlex tag it a letter and the URL is in the journal's correspondence section, though it reports brief original data.",False,200,
https://openalex.org/W2899562059,https://doi.org/10.1007/s12664-018-0912-3,https://link.springer.com/article/10.1007/s12664-018-0912-3,letter,editorial,True,high,"dc.type meta tag is ""EditorialNotes"" and the piece is commentary on a broad topic with references.",False,200,
https://openalex.org/W2520565227,https://doi.org/10.1016/j.medcli.2016.07.014,https://linkinghub.elsevier.com/retrieve/pii/S002577531630361X,letter,letter,False,medium,"Short correspondence (e55-e56, 5 refs, no abstract) in Medicina Clínica's letters section tagged letter by OpenAlex.",False,200,
https://openalex.org/W2779088833,https://doi.org/10.1111/cga.12265,https://doi.org/10.1111/cga.12265,letter,letter,False,high,"Title is a single-page ""Comment on...by Kose et al."" correspondence about a previously published article.",False,403,
https://openalex.org/W2168164418,https://doi.org/10.1016/j.ciresp.2009.01.010,https://linkinghub.elsevier.com/retrieve/pii/S0009739X0900164X,letter,article,True,low,"Two-page clinical case report with references presented as original content, treated as an article rather than reader correspondence.",False,200,
https://openalex.org/W2091994211,https://doi.org/10.1007/s00259-006-0345-6,https://link.springer.com/article/10.1007/s00259-006-0345-6,letter,editorial,True,high,"dc.type meta tag is ""EditorialNotes"" and title is an opinion/advocacy piece on a broad topic, not reader correspondence.",False,200,
https://openalex.org/W3124553103,https://doi.org/10.1161/strokeaha.120.032902,https://doi.org/10.1161/strokeaha.120.032902,letter,letter,False,high,"Title ""Response...to Letter Regarding Article"" plus dc.Type=letter and single page e72 indicate author correspondence reply.",False,403,
https://openalex.org/W1867266019,https://doi.org/10.1097/dss.0000000000000533,https://journals.lww.com/dermatologicsurgery/citation/2015/12000/management_of_a_nasal_spindle_cell_lipoma_.14.aspx,letter,article,True,medium,"Multi-page (1424-1426) case report with abstract and references reads as a full article, not reader correspondence.",False,200,
https://openalex.org/W4407931352,https://doi.org/10.1016/s2213-8587(25)00029-4,https://linkinghub.elsevier.com/retrieve/pii/S2213858725000294,letter,letter,False,medium,Short correspondence (2 pages) commenting on previously published type 1 diabetes screening work in a journal's correspondence section.,False,200,
https://openalex.org/W1967110468,https://doi.org/10.1002/pbc.23151,https://doi.org/10.1002/pbc.23151,letter,editorial,True,medium,"Short opinion/commentary on a broad topic (palliative care need) rather than reader correspondence about a prior article, fitting editorial.",False,403,
https://openalex.org/W2802410102,https://doi.org/10.1111/bjh.15193,https://doi.org/10.1111/bjh.15193,letter,letter,False,high,Title 'Comments on the article... Response to Pan et al' is reader/author correspondence about a previously published article.,False,403,
https://openalex.org/W2024769207,https://doi.org/10.1016/j.aprim.2009.04.019,https://linkinghub.elsevier.com/retrieve/pii/S0212656709003369,letter,letter,False,medium,"Single-page item (184-184) in a journal's correspondence section with few references, consistent with a letter to the editor.",False,200,
https://openalex.org/W2967469024,https://doi.org/10.1016/s2214-109x(19)30322-5,https://linkinghub.elsevier.com/retrieve/pii/S2214109X19303225,letter,editorial,True,medium,"A 'what next?' commentary on a broad topic with abstract and references in Lancet Global Health reads as opinion/commentary, i.e. editorial rather than reader correspondence.",False,200,
https://openalex.org/W4411750587,https://doi.org/10.1007/s00383-025-06091-x,https://link.springer.com/10.1007/s00383-025-06091-x,letter,letter,False,high,"dc.type is ""Letter"" and the single-page correspondence title responds to previously published material.",False,200,
https://openalex.org/W4407388968,https://doi.org/10.1007/s12015-025-10854-3,https://link.springer.com/10.1007/s12015-025-10854-3,letter,letter,False,high,"Publisher dc.type meta tag explicitly marks this short correspondence as ""Letter.""",False,200,
https://openalex.org/W4406709181,https://doi.org/10.1016/j.ultrasmedbio.2024.12.019,https://linkinghub.elsevier.com/retrieve/pii/S0301562924004782,letter,article,True,medium,"Short original clinical report with references and no editorial/correspondence framing, presenting new work rather than commenting on prior material, so a brief-communication article.",False,200,
https://openalex.org/W2054911595,https://doi.org/10.1097/01.mlr.0000225363.93560.8e,https://journals.lww.com/lww-medicalcare/citation/2006/07000/whither_quality_of_breast_cancer_care_.1.aspx,letter,editorial,True,medium,"Short two-page opinion piece ('Whither...?') commenting on a broad topic in Medical Care, characteristic of an editorial/commentary rather than reader correspondence.",False,200,
https://openalex.org/W4281653589,https://doi.org/10.1111/apa.16429,https://doi.org/10.1111/apa.16429,letter,letter,False,high,"Title labels it 'Correspondence,' a single-page reader letter with few references in Acta Paediatrica.",False,403,
https://openalex.org/W2066577959,https://doi.org/10.1111/j.1365-2125.2006.02646.x,https://doi.org/10.1111/j.1365-2125.2006.02646.x,letter,letter,False,medium,"Short correspondence in a journal's letters section about a clinical case, two pages with few references—reader correspondence pattern.",False,403,
https://openalex.org/W2110159817,https://doi.org/10.1161/strokeaha.107.487124,https://doi.org/10.1161/strokeaha.107.487124,letter,editorial,True,high,"dc.Type meta tag explicitly says ""editorial"" and title poses a broad-topic question.",False,403,
https://openalex.org/W4412072102,https://doi.org/10.1080/15265161.2025.2509943,https://www.tandfonline.com/action/cookieAbsent,letter,editorial,True,high,"dc.Type meta is ""article-commentary,"" a commentary on a topic which routes to editorial rather than letter.",False,200,
https://openalex.org/W2418564695,https://doi.org/10.4045/tidsskr.13.1082,https://tidsskriftet.no/2013/09/brev-til-redaktoren/diagnoser-og-22-juli-saken,letter,letter,False,high,"URL path 'brev-til-redaktoren' (letter to the editor) plus single-page, single-reference correspondence.",False,200,
https://openalex.org/W2122061925,https://doi.org/10.1212/wnl.0b013e3181af0b6e,https://doi.org/10.1212/wnl.0b013e3181af0b6e,letter,review,True,high,"Title explicitly states '(AN EVIDENCE-BASED REVIEW)' with 31 references surveying treatment literature, not reader correspondence.",False,403,
https://openalex.org/W1993799645,https://doi.org/10.1038/502038a,https://www.nature.com/articles/502038a,letter,letter,False,high,dc.type 'Letter' with single-page Nature Correspondence item is reader correspondence to the editor.,False,200,
https://openalex.org/W2017112088,https://doi.org/10.1016/s1470-2045(10)70200-x,https://linkinghub.elsevier.com/retrieve/pii/S147020451070200X,letter,letter,False,medium,"Short two-page Lancet Oncology correspondence with only 4 references and no abstract, consistent with a letter to the editor.",False,200,
https://openalex.org/W3093868220,https://doi.org/10.1016/j.ijsu.2020.10.005,https://linkinghub.elsevier.com/retrieve/pii/S174391912030741X,letter,editorial,True,high,"Title 'Invited commentary on:' is opinion/commentary on a topic, which routes to editorial rather than reader correspondence.",False,200,
https://openalex.org/W4251741469,https://doi.org/10.1177/014107680609900104,https://doi.org/10.1177/014107680609900104,letter,letter,False,high,"dc.Type meta tag explicitly says ""letter"" on a single-page correspondence item.",False,403,
https://openalex.org/W4307433473,https://doi.org/10.1210/clinem/dgac620,https://doi.org/10.1210/clinem/dgac620,letter,letter,False,high,"Title is an author's reply to a Letter to the Editor, classic reader/author correspondence about previously published material.",False,403,
https://openalex.org/W4412815400,https://doi.org/10.1007/s00586-025-09183-3,https://link.springer.com/10.1007/s00586-025-09183-3,letter,letter,False,high,"Title and dc.type both state ""Letter to the editor"" concerning a previously published article.",False,200,
https://openalex.org/W2171437828,https://doi.org/10.1016/j.ejcts.2008.07.022,https://doi.org/10.1016/j.ejcts.2008.07.022,letter,letter,False,high,"Single-page correspondence commenting on a previously published article (cites the original study), classic letter-to-the-editor.",False,403,
https://openalex.org/W2218037858,https://doi.org/10.1016/j.jacc.2014.12.065,https://linkinghub.elsevier.com/retrieve/pii/S0735109715005975,letter,letter,False,high,"Title ""Reply"" responding to correspondence is author reply to a letter to the editor.",False,200,
https://openalex.org/W2087912592,https://doi.org/10.1053/j.ajkd.2013.06.028,https://linkinghub.elsevier.com/retrieve/pii/S0272638613011852,letter,letter,False,medium,"Two-page correspondence item in AJKD referencing a previously published systematic review, consistent with a letter to the editor.",False,200,
https://openalex.org/W2091753929,https://doi.org/10.1016/j.cortex.2011.09.006,https://linkinghub.elsevier.com/retrieve/pii/S0010945211002504,letter,article,True,medium,5-page full text with 29 references in a journal indicates an original research/case report article rather than reader correspondence.,False,200,
https://openalex.org/W2414927247,https://doi.org/10.4045/tidsskr.09.0686,https://tidsskriftet.no/2009/06/brev-til-redaktoren/snoskredforskning-i-norge,letter,letter,False,high,URL path 'brev-til-redaktoren' (letter to the editor) confirms reader correspondence.,False,200,
https://openalex.org/W2034742358,https://doi.org/10.1016/j.gie.2007.10.032,https://linkinghub.elsevier.com/retrieve/pii/S0016510707029409,letter,editorial,True,medium,"Opinion/commentary title ('the continued dilemma of the ideal treatment...') with no abstract and few refs in a journal's editorial slot reflects editorial framing on a broad topic, not reader correspondence.",False,200,
https://openalex.org/W2763386306,https://doi.org/10.1093/infdis/jix527,https://doi.org/10.1093/infdis/jix527,letter,editorial,True,medium,"Title is a broad-topic commentary ('Moving Toward Greater Understanding') in a journal, fitting editorial rather than reader correspondence.",False,403,
https://openalex.org/W2898628154,https://doi.org/10.1016/j.clon.2018.10.007,https://linkinghub.elsevier.com/retrieve/pii/S0936655518304680,letter,editorial,True,low,"Single-page opinion piece on a broad workforce topic (not reader correspondence about a specific prior article), fitting editorial/commentary.",False,200,
https://openalex.org/W3135008852,https://doi.org/10.1038/s41559-021-01402-6,https://www.nature.com/articles/s41559-021-01402-6,letter,article,True,high,"dc.type is BriefCommunication, which the taxonomy classifies as an article.",False,200,
https://openalex.org/W2548051185,https://doi.org/10.1080/2159256x.2016.1256852,https://doi.org/10.1080/2159256x.2016.1256852,letter,editorial,True,medium,"dc.Type meta tag is 'article-commentary', signaling opinion/commentary that routes to editorial.",False,403,
https://openalex.org/W2891509673,https://doi.org/10.1253/circj.cj-18-0954,https://www.jstage.jst.go.jp/article/circj/82/11/82_CJ-18-0954/_article,letter,article,True,medium,"Two-page research report with abstract and 12 references presenting original phenotype/prognosis findings, fitting a short research article rather than reader correspondence.",False,200,
https://openalex.org/W2163893423,https://doi.org/10.1016/s0140-6736(06)68782-5,https://linkinghub.elsevier.com/retrieve/pii/S0140673606687825,letter,letter,False,high,"Short correspondence in The Lancet responding to a published study with multiple citation_references, consistent with a letter to the editor.",False,200,
https://openalex.org/W4386142977,https://doi.org/10.21037/atm-23-1667,https://atm.amegroups.org/article/view/115990/html,letter,editorial,True,high,DC.Type.articleType meta tag explicitly says 'Editorial'.,False,200,
https://openalex.org/W4249950656,https://doi.org/10.1121/1.4788981,https://doi.org/10.1121/1.4788981,letter,letter,False,high,"Title begins 'Comment on...' a previously published article and dc.Type is 'letter', indicating reader correspondence about prior published material.",False,403,
https://openalex.org/W2794241037,https://doi.org/10.1038/gim.2017.269,https://linkinghub.elsevier.com/retrieve/pii/S1098360021018864,letter,editorial,True,medium,"Opinion/commentary piece arguing a broad position on variant interpretation rather than reader correspondence, fitting editorial.",False,200,
https://openalex.org/W2528775942,https://doi.org/10.1001/jama.2016.15702,https://doi.org/10.1001/jama.2016.15702,letter,article,True,medium,"JAMA Research Letter presenting original analysis with abstract and references routes to article, not reader correspondence.",False,403,
https://openalex.org/W2148745992,https://doi.org/10.1542/hpeds.2013-0119,https://doi.org/10.1542/hpeds.2013-0119,letter,article,True,medium,"Multi-page journal article with abstract and 28 references in Hospital Pediatrics indicates a full research/review article, not reader correspondence.",False,403,
https://openalex.org/W2803541508,https://doi.org/10.1111/codi.14262,https://doi.org/10.1111/codi.14262,letter,article,True,medium,"A 'video vignette' surgical case report with abstract and references is a short full content article, not reader correspondence.",False,403,
https://openalex.org/W2973801143,https://doi.org/10.1080/10428194.2019.1660975,https://doi.org/10.1080/10428194.2019.1660975,letter,article,True,medium,"Substantive case report with abstract, 18 references, and 5-page span (450-454) is a full research paper despite the 'letter' tag, and case reports route to article.",False,403,
https://openalex.org/W3040015885,https://doi.org/10.1177/1932296820935527,https://doi.org/10.1177/1932296820935527,letter,letter,False,high,"dc.Type meta tag explicitly says ""letter"" and the short 2-page correspondence about a routine case confirms it.",False,403,
https://openalex.org/W2799439537,https://doi.org/10.1016/j.jtho.2018.01.011,https://linkinghub.elsevier.com/retrieve/pii/S1556086418300376,letter,letter,False,medium,Short correspondence in e-paginated section (e79–e81) with only 6 references in a journal's letters section.,False,200,
https://openalex.org/W4220866233,https://doi.org/10.1111/ajd.13820,https://doi.org/10.1111/ajd.13820,letter,letter,False,medium,"Short correspondence piece with e-pages and few refs in a dermatology journal, consistent with a letter to the editor.",False,403,
https://openalex.org/W2896424302,https://doi.org/10.1111/apt.14975,https://doi.org/10.1111/apt.14975,letter,letter,False,high,"Title ""Letter: ...—Authors' reply"" is reader/author correspondence about previously published material.",False,403,
https://openalex.org/W2063777264,https://doi.org/10.1093/cid/cir344,https://doi.org/10.1093/cid/cir344,letter,letter,False,low,"Short multi-page correspondence (4 pages, 6 refs) in CID flagged as letter; no article-type metadata overrides this prior.",False,403,
https://openalex.org/W2037943541,https://doi.org/10.1016/j.aprim.2013.03.004,https://linkinghub.elsevier.com/retrieve/pii/S021265671300156X,letter,letter,False,low,"Brief two-page clinical case note in Atención Primaria's correspondence format with only 5 references, tagged letter.",False,200,
https://openalex.org/W2577056139,https://doi.org/10.1016/j.kint.2016.10.024,https://linkinghub.elsevier.com/retrieve/pii/S0085253816306275,letter,editorial,True,medium,"Short multi-reference commentary piece in Kidney International, an opinion/commentary on a topic rather than original research or reader correspondence.",False,200,
https://openalex.org/W2590672633,https://doi.org/10.21037/jtd.2017.01.51,https://jtd.amegroups.org/article/view/11525/10575,letter,editorial,True,medium,"Short two-page, two-reference opinion/commentary piece framing a technique ('whose time has come'), characteristic of an editorial rather than reader correspondence.",False,200,
https://openalex.org/W2145477120,https://doi.org/10.1007/s00467-013-2535-3,https://link.springer.com/article/10.1007/s00467-013-2535-3,letter,letter,False,high,"dc.type meta tag explicitly states ""Letter"" in this short 2-page correspondence.",False,200,
https://openalex.org/W3022653717,https://doi.org/10.1016/j.surg.2016.07.014,https://linkinghub.elsevier.com/retrieve/pii/S003960601630349X,letter,letter,False,high,"Title ""Reply to: Comments on..."" is author correspondence replying to a comment on a previously published article.",False,200,
https://openalex.org/W3005920804,https://doi.org/10.1249/mss.0000000000002176,https://journals.lww.com/acsm-msse/fulltext/2020/03000/chicken_and_the_egg__physical_activity_and.8.aspx,letter,editorial,True,medium,"Single-page opinion/commentary piece with few references on a broad topic (physical activity and epigenetics), matching editorial framing rather than reader correspondence.",False,200,
https://openalex.org/W4377016776,https://doi.org/10.1016/j.jtho.2023.03.010,https://linkinghub.elsevier.com/retrieve/pii/S1556086423001983,letter,editorial,True,medium,"Opinion-style commentary title in an oncology journal with multi-page span and references, fitting editorial commentary rather than reader correspondence.",False,200,
https://openalex.org/W4399296686,https://doi.org/10.1016/j.asjsur.2024.05.229,https://linkinghub.elsevier.com/retrieve/pii/S1015958424011230,letter,letter,False,medium,"Two-page short correspondence with only 5 references in Asian Journal of Surgery, consistent with a letter to the editor.",False,200,
https://openalex.org/W2607431873,https://doi.org/10.1016/j.atherosclerosis.2017.04.012,https://linkinghub.elsevier.com/retrieve/pii/S0021915017301715,letter,editorial,True,medium,Opinion/commentary title ('Do we really need...?') with 20 refs in a journal commentary slot fits editorial rather than reader correspondence.,False,200,
https://openalex.org/W2732494624,https://doi.org/10.1093/cid/cix459,https://doi.org/10.1093/cid/cix459,letter,editorial,True,low,Opinion-style title with 26 references over 3 pages reads as a commentary/editorial on a broad topic rather than reader correspondence.,False,403,
https://openalex.org/W3133606675,https://doi.org/10.1111/phpp.12675,https://doi.org/10.1111/phpp.12675,letter,article,True,medium,"Reports original Internet-based survey data with abstract and references, so this short research letter routes to article rather than reader correspondence.",False,403,
https://openalex.org/W4200184123,https://doi.org/10.11622/smedj.2021228,http://www.smj.org.sg/article/comment-relation-blood-pressure-variability-left-ventricular-function-and-arterial-stiffness,letter,letter,False,high,"Title begins 'Comment on:' a previously published article, single page, characteristic of reader correspondence/letter to editor.",False,200,
https://openalex.org/W2800249371,https://doi.org/10.1038/s41409-018-0191-8,https://www.nature.com/articles/s41409-018-0191-8,letter,letter,False,high,"dc.type meta tag reads ""Letter"" and it's correspondence in Bone Marrow Transplantation.",False,200,
https://openalex.org/W1840143578,https://doi.org/10.1111/1471-0528.13716,https://doi.org/10.1111/1471-0528.13716,letter,letter,False,medium,"Single-page, zero-reference correspondence in BJOG, consistent with a letter to the editor about previously published material.",False,403,
https://openalex.org/W4241137509,https://doi.org/10.1038/sj.bdj.2009.769,https://www.nature.com/articles/sj.bdj.2009.769,letter,letter,False,medium,"Single-page BDJ correspondence with one reference in the letters section, consistent with a letter to the editor despite Nature's generic 'OriginalPaper' meta.",False,200,
https://openalex.org/W4206533333,https://doi.org/10.3233/efi-2006-242-304,https://doi.org/10.3233/efi-2006-242-304,letter,letter,False,high,Title 'Letter to the Editor' identifies reader correspondence in a journal.,False,403,
https://openalex.org/W3119753669,https://doi.org/10.1016/j.ccell.2020.12.020,https://linkinghub.elsevier.com/retrieve/pii/S1535610820306681,letter,editorial,True,medium,"Short 3-page Cancer Cell 'Preview' commentary highlighting research on a broad topic, with few references and no abstract.",False,200,
https://openalex.org/W3216067622,https://doi.org/10.1016/j.cmi.2021.11.019,https://linkinghub.elsevier.com/retrieve/pii/S1198743X21006662,letter,letter,False,medium,"Short correspondence (3 pages, 5 refs, no abstract) in CMI consistent with a letter to the editor commenting on a guideline.",False,200,
https://openalex.org/W2338524166,https://doi.org/10.4103/0019-509x.180843,https://journals.lww.com/indianjcancer/fulltext/2016/53010/occurrence_of_myelodysplasia_acute_myeloid.16.aspx,letter,letter,False,medium,"Single-page correspondence in journal's letters section with few references, consistent with a letter to the editor.",False,200,
https://openalex.org/W4412882817,https://doi.org/10.1007/s10072-025-08401-6,https://link.springer.com/10.1007/s10072-025-08401-6,letter,letter,False,high,"dc.type meta tag is ""Letter"" with 2 pages and 1 reference, consistent with correspondence.",False,200,
https://openalex.org/W94509743,https://doi.org/10.5694/j.1326-5377.2010.tb03898.x,https://doi.org/10.5694/j.1326-5377.2010.tb03898.x,letter,letter,False,medium,"Short two-page MJA correspondence piece with few references and no abstract, consistent with a letter to the editor.",False,403,
https://openalex.org/W2137276012,https://doi.org/10.1111/j.1747-4477.2006.00036.x,https://doi.org/10.1111/j.1747-4477.2006.00036.x,letter,letter,False,high,"Title explicitly is a single-page ""Letter to the President"" correspondence with zero references.",False,403,
https://openalex.org/W2110579956,https://doi.org/10.1111/pcmr.12362,https://doi.org/10.1111/pcmr.12362,letter,editorial,True,medium,"Short two-page commentary/research-highlight piece with few references, characteristic of an editorial rather than reader correspondence.",False,403,
https://openalex.org/W2138154517,https://doi.org/10.1111/j.1464-5491.2006.01994_1.x,https://doi.org/10.1111/j.1464-5491.2006.01994_1.x,letter,letter,False,medium,Single-page correspondence in Diabetic Medicine with DOI suffix '_1' indicating a letter to the editor.,False,403,
https://openalex.org/W2619788516,https://doi.org/10.1113/jp274564,https://doi.org/10.1113/jp274564,letter,letter,False,medium,Short 2-page correspondence with few references in J Physiol consistent with a letter to the editor; 403 is bot-block not dead.,False,403,
https://openalex.org/W2071521393,https://doi.org/10.1590/0004-282x20140216,http://www.scielo.br/j/anp/a/yGr8kMnwGqCdGjwR3FNk8Mz/?lang=en,letter,letter,False,medium,"Single-page item with only 3 references in a neuro journal flagged as letter, consistent with reader correspondence.",False,200,
https://openalex.org/W4386261646,https://doi.org/10.1016/s1470-2045(23)00402-3,https://linkinghub.elsevier.com/retrieve/pii/S1470204523004023,letter,letter,False,high,"Title ""Authors' reply"" with single e-page and few refs is reader/author correspondence about previously published material.",False,200,
https://openalex.org/W2767852758,https://doi.org/10.1016/j.jgg.2017.10.002,https://linkinghub.elsevier.com/retrieve/pii/S1673852717301789,letter,article,True,high,"Original CRISPR research with 20 references over multiple pages, a short rapid-communication research paper rather than reader correspondence.",False,200,
https://openalex.org/W2002519587,https://doi.org/10.3324/haematol.10701,https://haematologica.org/article/view/4380,letter,letter,False,high,"DC.Type.articleType is 'Letters to the Editor', confirming correspondence type.",False,200,
https://openalex.org/W2892587983,https://doi.org/10.1016/j.ejim.2018.09.014,https://linkinghub.elsevier.com/retrieve/pii/S0953620518303753,letter,letter,False,medium,"Short correspondence (e18–e19, 5 refs) in journal's letters section, matching letter genre.",False,200,
https://openalex.org/W4294542840,https://doi.org/10.1055/a-1860-7330,https://www.thieme-connect.de/products/ejournals/abstract/10.1055/a-1860-7330,letter,editorial,True,high,"Title 'Kommentar zu...' marks it as a commentary, which routes to editorial rather than reader correspondence.",False,200,
https://openalex.org/W4412389002,https://doi.org/10.1111/all.16650,https://doi.org/10.1111/all.16650,letter,article,True,medium,"Title reports original research findings with abstract and references, so this short 'Letter' is original research routed to article, not reader correspondence.",False,403,
https://openalex.org/W2047576532,https://doi.org/10.1097/01.jcp.0000264971.92828.b2,https://journals.lww.com/psychopharmacology/citation/2007/04000/pancytopenia_associated_with_the_introduction_of.23.aspx,letter,letter,False,medium,"Brief correspondence in journal's letters section (oa_type letter, two-page case note with few refs in J Clin Psychopharmacology).",False,200,
https://openalex.org/W3194520749,https://doi.org/10.1136/bmj.n2039,https://doi.org/10.1136/bmj.n2039,letter,article,True,low,"BMJ journalistic feature piece (journal-article, not reader correspondence despite oa_type 'letter'); treated as a published article.",False,403,
https://openalex.org/W2989445650,https://doi.org/10.1001/jamaoncol.2019.4708,https://doi.org/10.1001/jamaoncol.2019.4708,letter,editorial,True,medium,"Single-page JAMA Oncology opinion/commentary piece with broad-topic framing title ('Expanding the Scope of...'), characteristic of an editorial rather than reader correspondence.",False,403,
https://openalex.org/W4200532685,https://doi.org/10.1093/ejcts/ezab533,https://doi.org/10.1093/ejcts/ezab533,letter,letter,False,medium,Short two-page correspondence (403-404) with no abstract in a journal's letters section supports letter over full article.,False,403,
https://openalex.org/W4315844000,https://doi.org/10.53841/bpsfpop.2007.1.98.3,https://doi.org/10.53841/bpsfpop.2007.1.98.3,letter,editorial,True,high,"Title 'Letter from the Guest Editor' is an editorial introduction/framing by the editor, not reader correspondence.",False,403,
https://openalex.org/W2788827369,https://doi.org/10.1016/j.ijoa.2018.02.007,https://linkinghub.elsevier.com/retrieve/pii/S0959289X18300293,letter,letter,False,low,"Short two-page correspondence-style record (pp.138-139) in journal's correspondence section, tagged letter.",False,200,
https://openalex.org/W2015102147,https://doi.org/10.1038/jid.2013.363,https://linkinghub.elsevier.com/retrieve/pii/S0022202X15365957,letter,article,True,medium,"Title presents original research findings with 19 references over 3 pages, a short research communication rather than reader correspondence.",False,200,
https://openalex.org/W3216442674,https://doi.org/10.1016/j.tranon.2021.101294,https://linkinghub.elsevier.com/retrieve/pii/S1936523321002850,review,review,False,high,184 references with a survey-of-literature title on a therapeutic agent confirms a review article.,False,200,
https://openalex.org/W2471292408,https://doi.org/10.1007/s00281-016-0573-1,https://link.springer.com/article/10.1007/s00281-016-0573-1,review,review,False,high,"dc.type meta is ""ReviewPaper"" with 225 references in a Seminars review venue.",False,200,
https://openalex.org/W3026831482,https://doi.org/10.1080/17483107.2020.1767220,https://doi.org/10.1080/17483107.2020.1767220,review,review,False,high,"Title explicitly states ""A review of"" with 76 references surveying the literature, indicating a review article.",False,403,
https://openalex.org/W4414895995,https://doi.org/10.1177/20552076251384237,https://doi.org/10.1177/20552076251384237,review,review,False,high,"Title says ""systematic review"" and dc.Type is ""review-article"" with 58 references surveying many works.",False,403,
https://openalex.org/W2041572443,https://doi.org/10.1196/annals.1409.005,https://doi.org/10.1196/annals.1409.005,review,,,,,,403,refusal
https://openalex.org/W2942662700,https://doi.org/10.1016/j.cnc.2019.02.010,https://linkinghub.elsevier.com/retrieve/pii/S0899588519300127,review,article,True,medium,"Journal article with full multi-page text and references in a clinical nursing journal, not a survey of many works despite the venue-derived 'review' tag.",False,200,
https://openalex.org/W4298002866,https://doi.org/10.3390/diseases10040071,https://doi.org/10.3390/diseases10040071,review,review,False,high,"dc.type=Review, title says 'A Topical Review', and 96 references confirm a literature survey.",False,403,
https://openalex.org/W3000002674,https://doi.org/10.1111/nyas.14295,https://doi.org/10.1111/nyas.14295,review,review,False,medium,Survey-style title with 106 references in a journal indicates a review of existing literature.,False,403,
https://openalex.org/W2591608557,https://doi.org/10.18632/oncotarget.15794,https://www.oncotarget.com/article/15794/text/,review,article,True,high,"dc.type.articletype is ""Research Papers"" with original-research content, not a literature survey.",False,200,
https://openalex.org/W2014674107,https://doi.org/10.1016/j.sjopt.2014.09.007,https://linkinghub.elsevier.com/retrieve/pii/S1319453414001052,review,review,False,high,"Title explicitly says ""A review"" with 75 references surveying the literature, fitting the review type.",False,200,
https://openalex.org/W2787322845,https://doi.org/10.1037/neu0000412,https://doi.apa.org/doi/10.1037/neu0000412,review,review,False,medium,Title 'Searching for the genetic roots...' with 192 references indicates a literature survey rather than original research.,False,200,
https://openalex.org/W70549018,https://doi.org/10.3748/wjg.v12.i20.3180,https://doi.org/10.3748/wjg.v12.i20.3180,review,review,False,high,Survey-style title with 53 references and oa_type review in a gastroenterology journal indicates a literature review.,False,403,
https://openalex.org/W2017789828,https://doi.org/10.1039/c1ib00115a,https://doi.org/10.1039/c1ib00115a,review,review,False,medium,Survey-style title with 76 references in Integrative Biology indicates a review article rather than original research.,False,403,
https://openalex.org/W2994713229,https://doi.org/10.18502/ijph.v48i12.3547,https://chooser.crossref.org/?doi=10.18502%2Fijph.v48i12.3547,review,review,False,high,"Title explicitly states 'A Systematic Review and Meta-Analysis,' confirming a survey of many works.",False,200,
https://openalex.org/W36586244,https://doi.org/10.1016/j.jstrokecerebrovasdis.2022.106960,https://linkinghub.elsevier.com/retrieve/pii/S1052305722006516,article,review,True,high,"citation_title and page title identify a 'systematic review and meta-analysis of randomized controlled trials,' a survey of many works.",False,200,
https://openalex.org/W2333971916,https://doi.org/10.1086/673796,https://doi.org/10.1086/673796,review,book-review,True,high,dc.Type meta is 'book-review' and title is a single book with author/publisher/ISBN.,False,403,
https://openalex.org/W2033323363,https://doi.org/10.1177/0022034509334774,https://doi.org/10.1177/0022034509334774,review,review,False,high,"dc.Type meta is 'review-article' with 148 references, confirming a literature review.",False,403,
https://openalex.org/W4315641305,https://doi.org/10.3389/fcvm.2022.1008914,https://www.frontiersin.org/journals/cardiovascular-medicine/articles/10.3389/fcvm.2022.1008914/full,review,review,False,high,"Title explicitly identifies a network meta-analysis of randomized controlled trials, a survey of many studies.",False,200,
https://openalex.org/W3008969894,https://doi.org/10.1016/j.ajg.2020.01.002,https://linkinghub.elsevier.com/retrieve/pii/S1687197920300022,review,article,True,high,"Title is a case report presented as a full paper, which routes to article despite oa_type review.",False,200,
https://openalex.org/W2091666993,https://doi.org/10.1007/s40279-014-0282-7,https://link.springer.com/article/10.1007/s40279-014-0282-7,review,review,False,high,"dc.type ""ReviewPaper"" with 205 references confirms a literature review article.",False,200,
https://openalex.org/W4410923814,https://doi.org/10.1007/s10741-025-10520-3,https://link.springer.com/10.1007/s10741-025-10520-3,review,review,False,high,"dc.type meta tag is ""ReviewPaper"" and venue is a review journal surveying multiple works.",False,200,
https://openalex.org/W4386331467,https://doi.org/10.3390/ijms241713511,https://doi.org/10.3390/ijms241713511,review,review,False,high,"dc.type meta is ""Review"", 363 refs, title surveys MSC literature.",False,403,
https://openalex.org/W4387692189,https://doi.org/10.1021/jacs.3c01135,https://doi.org/10.1021/jacs.3c01135,review,review,False,high,"dc.Type meta tag is ""review-article"" with 141 references surveying the field.",False,403,
https://openalex.org/W2909709257,https://doi.org/10.1155/2019/8534761,https://doi.org/10.1155/2019/8534761,review,review,False,high,"dc.type ""Review Article"" and title ""Systematic Review and Meta-Analysis"" confirm a literature review.",False,403,
https://openalex.org/W1977462381,https://doi.org/10.1263/jbb.102.1,https://linkinghub.elsevier.com/retrieve/pii/S138917230670620X,review,review,False,medium,Broad survey title with 46 references and no original-data abstract on a journal page indicates a review article.,False,200,
https://openalex.org/W4401773069,https://doi.org/10.1136/wjps-2024-000884,https://doi.org/10.1136/wjps-2024-000884,review,review,False,high,110 references and a literature-survey title ('Role of genetics and the environment in the etiology of...') indicate a review article.,False,403,
https://openalex.org/W4281775207,https://doi.org/10.1242/dev.186536,https://doi.org/10.1242/dev.186536,review,review,False,high,167 references surveying enhancer-gene specificity literature with no new original research marks it a review article.,False,403,
https://openalex.org/W1983295380,https://doi.org/10.1111/ger.12137,https://doi.org/10.1111/ger.12137,review,review,False,high,"Title explicitly states 'a systematic review,' a survey of many studies.",False,403,
https://openalex.org/W4409258923,https://doi.org/10.1080/17425247.2025.2490267,https://doi.org/10.1080/17425247.2025.2490267,review,review,False,high,"dc.Type meta is 'review-article' and title says 'Recent advances in,' a survey with 111 references.",False,403,
https://openalex.org/W1212256517,https://doi.org/10.1002/chir.22503,https://doi.org/10.1002/chir.22503,review,article,True,high,"Journal-article in Chirality reporting an original case study with abstract and references, not a survey of many works.",False,403,
https://openalex.org/W2000651619,https://doi.org/10.1016/j.rbmo.2011.04.005,https://linkinghub.elsevier.com/retrieve/pii/S1472648311002318,review,review,False,medium,202 references and a survey-style title on vitrification methods indicate a literature review article.,False,200,
https://openalex.org/W2888442031,https://doi.org/10.1017/s003329171800199x,https://www.cambridge.org/core/journals/psychological-medicine/article/abs/effectiveness-of-psychotherapy-for-treatmentresistant-depression-a-metaanalysis-and-metaregression/8372937109ADD2A118E295C3DCF14658,review,review,False,high,"Title explicitly identifies a meta-analysis and meta-regression surveying many studies, fitting the review type.",False,200,
https://openalex.org/W2809593003,https://doi.org/10.1007/s10555-018-9743-z,https://link.springer.com/article/10.1007/s10555-018-9743-z,review,review,False,high,Survey-style title with 358 references in 'Cancer and Metastasis Reviews' indicates a literature review.,False,200,
https://openalex.org/W4324020462,https://doi.org/10.1002/14651858.cd010941.pub3,https://doi.org/10.1002/14651858.cd010941.pub3,review,review,False,high,Cochrane Database of Systematic Reviews title is a systematic review with 84 references surveying multiple studies.,False,403,
https://openalex.org/W4213118661,https://doi.org/10.1016/s0025-7125(20)30071-7,https://linkinghub.elsevier.com/retrieve/pii/S0025712520300717,review,paratext,True,high,"Title 'Contributors' on roman-numeral front-matter pages (vii-ix) is a packaging list, not content.",False,200,
https://openalex.org/W2109718654,https://doi.org/10.1136/jcp.2008.060624,https://doi.org/10.1136/jcp.2008.060624,review,review,False,medium,Survey of haemoglobinopathy screening across Europe and Africa with 23 references and no original findings indicates a review article.,False,403,
https://openalex.org/W2095181795,https://doi.org/10.1038/nrgastro.2013.194,https://www.nature.com/articles/nrgastro.2013.194,review,review,False,high,"dc.type=""ReviewPaper"" in Nature Reviews journal with 60 references confirms a review article.",False,200,
https://openalex.org/W3196752477,https://doi.org/10.1016/j.biomaterials.2021.121111,https://linkinghub.elsevier.com/retrieve/pii/S0142961221004671,review,review,False,high,Survey title with 215 references and no original data indicates a review article.,False,200,
https://openalex.org/W4293511005,https://doi.org/10.1080/15513815.2022.2114300,https://doi.org/10.1080/15513815.2022.2114300,review,article,True,high,"dc.Type is research-article and title shows a retrospective original-research analysis, not a literature survey.",False,403,
https://openalex.org/W2599329853,https://doi.org/10.3233/jhd-160232,https://doi.org/10.3233/jhd-160232,review,review,False,high,"Title explicitly states 'A Systematic Review' surveying the literature, with 55 references.",False,403,
https://openalex.org/W2535071049,https://doi.org/10.1042/bst20160172,https://doi.org/10.1042/bst20160172,review,review,False,high,"Survey article with 167 references in Biochemical Society Transactions reviewing intrinsically disordered regions broadly, matching review type.",False,403,
https://openalex.org/W2070937642,https://doi.org/10.1016/j.diabres.2011.12.006,https://linkinghub.elsevier.com/retrieve/pii/S0168822711006747,review,review,False,high,"Title ""Mechanisms and implications"" with 70 references and no abstract surveys prior research on metabolic memory, a review article.",False,200,
https://openalex.org/W4285077789,https://doi.org/10.1007/s13311-022-01271-2,https://linkinghub.elsevier.com/retrieve/pii/S1878747923010759,review,review,False,high,"dc.type ""ReviewPaper"" with 139 references confirms a survey-style review article.",False,200,
https://openalex.org/W3211717880,https://doi.org/10.3389/fonc.2021.774201,https://www.frontiersin.org/journals/oncology/articles/10.3389/fonc.2021.774201/full,review,review,False,high,"Title explicitly states 'Systematic Review and Meta-Analysis,' marking it as a survey-type review article.",False,200,
https://openalex.org/W2963619246,https://doi.org/10.1515/hsz-2019-0232,https://www.degruyterbrill.com:443/document/doi/10.1515/hsz-2019-0232/html,review,review,False,medium,Survey-style title with 185 references in Biological Chemistry indicates a review article.,False,202,
https://openalex.org/W4386066864,https://doi.org/10.1371/journal.pone.0280514,https://journals.plos.org/plosone/article?id=10.1371/journal.pone.0280514,review,article,True,high,"PLOS ONE original-research paper presenting new data (og:type article, raw type journal-article), not a survey of many works despite the 'review' oa_type.",False,200,
https://openalex.org/W4228997540,https://doi.org/10.1108/bij-11-2021-0669,https://doi.org/10.1108/bij-11-2021-0669,review,review,False,high,Title explicitly states 'A review of' with 165 references surveying many works in a literature review.,False,403,
https://openalex.org/W1993529461,https://doi.org/10.1016/s0300-5712(14)50002-4,https://linkinghub.elsevier.com/retrieve/pii/S0300571214500024,review,review,False,medium,150 references with a survey-style supplement article title strongly indicates a literature review.,False,200,
https://openalex.org/W4294335457,https://doi.org/10.1016/j.ijmachtools.2022.103942,https://linkinghub.elsevier.com/retrieve/pii/S0890695522000931,review,review,False,high,Title explicitly ends with ': A review' with 207 references surveying prior work.,False,200,
https://openalex.org/W2062589057,https://doi.org/10.2165/00023210-200822080-00004,https://link.springer.com/article/10.2165/00023210-200822080-00004,review,review,False,high,"dc.type meta tag is ""ReviewPaper"" with 120 references surveying prior literature.",False,200,
https://openalex.org/W3136535354,https://doi.org/10.3389/fcell.2021.650431,https://www.frontiersin.org/journals/cell-and-developmental-biology/articles/10.3389/fcell.2021.650431/full,review,review,False,high,"Title is a survey of non-coding RNAs in MSC senescence with 215 references, characteristic of a review article.",False,200,
https://openalex.org/W2108359909,https://doi.org/10.1016/j.thromres.2014.06.026,https://linkinghub.elsevier.com/retrieve/pii/S0049384814003521,review,article,True,low,Crossref journal-article with 18 references and og:type Article in Thrombosis Research; no signal supporting the inherited 'review' type.,False,200,
https://openalex.org/W2901172054,https://doi.org/10.4045/tidsskr.17.1023,https://tidsskriftet.no/2018/11/klinisk-oversikt/rekonstruksjon-ved-facialisparese,review,review,False,medium,URL path 'klinisk-oversikt' (clinical review) plus oa_type review with 20 references indicates a literature review article.,False,200,
https://openalex.org/W4411091540,https://doi.org/10.3390/life15060920,https://doi.org/10.3390/life15060920,review,review,False,high,Title states 'Systematic Review' and dc.type is 'Review'.,False,403,
https://openalex.org/W2091426696,https://doi.org/10.1016/j.ccm.2010.04.001,https://linkinghub.elsevier.com/retrieve/pii/S0272523110000602,review,review,False,medium,"Survey-style article in a 'Clinics in...' review-focused journal with references and no original data, consistent with a review article.",False,200,
https://openalex.org/W2154252535,https://doi.org/10.1016/j.copbio.2013.10.008,https://linkinghub.elsevier.com/retrieve/pii/S0958166913006824,review,review,False,high,"Current Opinion journal review article with 58 references surveying the field, consistent with oa_type review.",False,200,
https://openalex.org/W1985209006,https://doi.org/10.1016/j.jped.2014.07.001,https://linkinghub.elsevier.com/retrieve/pii/S0021755714001235,review,review,False,medium,Survey-style title with 65 references and no original study in a pediatric journal indicates a literature review.,False,200,
https://openalex.org/W3199344865,https://doi.org/10.1177/24556327211026745,https://doi.org/10.1177/24556327211026745,review,article,True,medium,"Harvested dc.Type is ""research-article"" despite ""Review"" in the title, overriding the venue-derived oa_type.",False,403,
https://openalex.org/W2170751660,https://doi.org/10.1111/j.1753-4887.1972.tb04001.x,https://doi.org/10.1111/j.1753-4887.1972.tb04001.x,review,article,True,medium,"Full-text journal article in Nutrition Reviews presenting an argued case, not a survey of many works despite oa_type 'review'.",False,403,
https://openalex.org/W2169527297,https://doi.org/10.1111/j.1600-6143.2011.03753.x,https://linkinghub.elsevier.com/retrieve/pii/S1600613522281052,review,review,False,high,Title explicitly states 'Review and Summary Recommendations' surveying multiple works with 78 references.,False,200,
https://openalex.org/W2971017846,https://doi.org/10.3390/jcm8091345,https://doi.org/10.3390/jcm8091345,review,review,False,high,"dc.type meta tag explicitly states ""Review"" with 91 references surveying the literature.",False,403,
https://openalex.org/W4412785408,https://doi.org/10.46747/cfp.710708e167,https://doi.org/10.46747/cfp.710708e167,review,article,True,medium,"Crossref journal-article clinical practice guideline published in Canadian Family Physician, not a literature survey, so article rather than the venue-derived review tag.",False,403,
https://openalex.org/W2341551755,https://doi.org/10.18737/m7p32j,https://southernspaces.org/2015/spatial-humanities-and-modes-resistance-review-hypercities/,review,book-review,True,high,"Title ""A Review of HyperCities"" appraises a single book (HyperCities), signaling book-review.",False,200,
https://openalex.org/W4396925477,https://doi.org/10.14309/crj.0000000000001355,https://journals.lww.com/acgcr/fulltext/2024/05000/gut_directed_hypnotherapy_may_pose_specific.18.aspx,review,article,True,high,"Case series of 3 patients in ACG Case Reports Journal—a case report presented as a full paper, not a literature survey.",False,200,
https://openalex.org/W2332793163,https://doi.org/10.2174/13816128113199990603,https://doi.org/10.2174/13816128113199990603,review,review,False,high,128 references surveying conformational sampling methods in a review-oriented journal indicates a literature review article.,False,403,
https://openalex.org/W4399423270,https://doi.org/10.1016/j.vprsr.2024.101060,https://linkinghub.elsevier.com/retrieve/pii/S2405939024000807,review,article,True,medium,"Title leads with 'New records of helminth infections' presenting original findings, making it a research article despite the appended literature review.",False,200,
https://openalex.org/W3208500063,https://doi.org/10.1126/science.abi8372,https://doi.org/10.1126/science.abi8372,review,review,False,high,"dc.Type meta tag explicitly states 'review-article', and content surveys overlapping mechanisms across many works.",False,403,
https://openalex.org/W2145606419,https://doi.org/10.1517/17425247.4.3.215,https://doi.org/10.1517/17425247.4.3.215,review,review,False,medium,Survey-style title with 116 references in an Expert Opinion review journal indicates a literature review rather than original research.,False,403,
https://openalex.org/W2073359238,https://doi.org/10.1016/j.aller.2010.08.001,https://linkinghub.elsevier.com/retrieve/pii/S0301054610001801,review,review,False,medium,Survey-style article with 38 references and no original data in an allergology journal supports a review classification.,False,200,
https://openalex.org/W2030941812,https://doi.org/10.1097/mcc.0b013e328357f022,https://journals.lww.com/co-criticalcare/abstract/2012/10000/icu_based_rehabilitation_and_its_appropriate.18.aspx,review,review,False,high,Current Opinion review journal article with 75 references surveying the field.,False,200,
https://openalex.org/W3163808458,https://doi.org/10.3390/s21103308,https://doi.org/10.3390/s21103308,review,review,False,high,"dc.type meta tag explicitly states ""Review"" with 128 references surveying the field.",False,403,
https://openalex.org/W4401240315,https://doi.org/10.1093/jhps/hnae028,https://doi.org/10.1093/jhps/hnae028,review,review,False,high,"Title explicitly states 'a systematic review' surveying multiple studies, matching the review type.",False,403,
https://openalex.org/W3128101662,https://doi.org/10.1016/j.ctim.2021.102675,https://linkinghub.elsevier.com/retrieve/pii/S0965229921000169,review,review,False,high,"Title explicitly states 'scoping review' with 59 references, a survey of many works.",False,200,
https://openalex.org/W2952279799,https://doi.org/10.1089/jir.2018.0154,https://doi.org/10.1089/jir.2018.0154,review,review,False,high,"dc.Type meta tag reads ""review-article"" with 80 references surveying a regulatory pathway.",False,403,
https://openalex.org/W3121570312,https://doi.org/10.1016/j.dsx.2021.01.016,https://linkinghub.elsevier.com/retrieve/pii/S1871402121000187,review,article,True,medium,Title indicates a case report (presented as full paper) which routes to article despite oa_type review.,False,200,
https://openalex.org/W2049134825,https://doi.org/10.1016/j.ejphar.2008.02.078,https://linkinghub.elsevier.com/retrieve/pii/S0014299908002331,review,review,False,medium,Survey-style title plus 90 references and no original-data abstract indicate a literature review article.,False,200,
https://openalex.org/W2620990198,https://doi.org/10.1016/j.jsat.2017.06.001,https://linkinghub.elsevier.com/retrieve/pii/S0740547216304317,review,review,False,high,"Title explicitly states 'A systematic review' surveying prior literature with 74 references, matching the review type.",False,200,
https://openalex.org/W2149863648,https://doi.org/10.1111/j.1365-2125.2006.02698.x,https://doi.org/10.1111/j.1365-2125.2006.02698.x,review,review,False,high,"Title explicitly states ""A systematic review"" with 41 references surveying many studies.",False,403,
https://openalex.org/W2951201982,https://doi.org/10.1016/j.tracli.2019.06.190,https://linkinghub.elsevier.com/retrieve/pii/S1246782019302551,review,review,False,medium,"Survey-style topical paper with 35 references and no original abstract, tagged review.",False,200,
https://openalex.org/W1978348741,https://doi.org/10.1038/nrclinonc.2013.212,https://www.nature.com/articles/nrclinonc.2013.212,review,review,False,high,"dc.type ""ReviewPaper"" with 112 references in Nature Reviews Clinical Oncology confirms a review article.",False,200,
https://openalex.org/W2084639085,https://doi.org/10.1016/j.plaphy.2011.02.013,https://linkinghub.elsevier.com/retrieve/pii/S0981942811000696,review,article,True,medium,Crossref journal-article with original methodological content and no review-claim in title; oa_type 'review' is the unreliable venue-derived prior we audit.,False,200,
https://openalex.org/W3143334808,https://doi.org/10.1002/bmc.5123,https://doi.org/10.1002/bmc.5123,review,review,False,medium,Survey-style title with 93 references and oa_type review indicates a literature review article.,False,403,
https://openalex.org/W3038917861,https://doi.org/10.4093/dmj.2020.0138,https://www.e-dmj.org/journal/view.php?doi=10.4093/dmj.2020.0138,review,review,False,medium,"COVID-19/diabetes overview with 51 references surveying prior literature, tagged review in a journal.",False,200,
https://openalex.org/W3159284754,https://doi.org/10.3390/biomedicines9050490,https://doi.org/10.3390/biomedicines9050490,review,review,False,high,"dc.type meta tag explicitly states ""Review"" with 84 references surveying the literature.",False,403,
https://openalex.org/W4361298117,https://doi.org/10.1007/s00101-023-01270-8,https://link.springer.com/10.1007/s00101-023-01270-8,review,review,False,high,"dc.type meta is ""ReviewPaper"" with 85 references in a journal.",False,200,
https://openalex.org/W4292567189,https://doi.org/10.1177/01617346221120069,https://doi.org/10.1177/01617346221120069,review,review,False,high,Title explicitly states 'A Review of...' surveying a decade of approaches with 118 references.,False,403,
https://openalex.org/W3018352994,https://doi.org/10.1155/2020/9829176,https://doi.org/10.1155/2020/9829176,review,review,False,high,dc.type is 'Review Article' with 319 references and 32 pages surveying the field.,False,403,
https://openalex.org/W2023051262,https://doi.org/10.2112/jcoastres-d-09-00008.1,https://bioone.org/doi/abs/10.2112/JCOASTRES-D-09-00008.1,review,review,False,high,"Title explicitly states 'A Review of...' with 32 references, surveying existing literature.",False,200,
https://openalex.org/W4223544769,https://doi.org/10.3390/nu14081588,https://doi.org/10.3390/nu14081588,review,review,False,high,dc.type meta tag and title indicate a review article surveying dietary therapy considerations.,False,403,
https://openalex.org/W2751618734,https://doi.org/10.1007/s13762-017-1466-0,https://link.springer.com/article/10.1007/s13762-017-1466-0,review,review,False,high,"dc.type ""ReviewPaper"" plus title ""A review of..."" and 119 references confirm a literature review.",False,200,
https://openalex.org/W2059054578,https://doi.org/10.2147/tcrm.s51474,https://www.dovepress.com/alpha-1-proteinase-inhibitors-for-the-treatment-of-alpha-1-antitrypsin-peer-reviewed-fulltext-article-TCRM,review,review,False,high,"Title surveys safety/tolerability/outcomes with 93 references in a review-style overview, matching a literature review.",False,200,
https://openalex.org/W2616403633,https://doi.org/10.1080/10408444.2017.1318354,https://doi.org/10.1080/10408444.2017.1318354,review,review,False,high,"dc.Type meta tag is ""review"" in journal Critical Reviews in Toxicology, with title indicating a state-of-science survey.",False,403,
https://openalex.org/W3044064637,https://doi.org/10.1590/1806-9282.66.6.849,http://www.scielo.br/j/ramb/a/Bcy9Drp5bd3fsDXPTyDMPQg/?lang=en,review,review,False,high,"Title explicitly states ""a systematic review"" surveying multiple studies, with reference list, in a journal.",False,200,
https://openalex.org/W4407771234,https://doi.org/10.1186/s12874-025-02498-1,https://bmcmedresmethodol.biomedcentral.com/articles/10.1186/s12874-025-02498-1,review,review,False,high,"Title explicitly states 'A systematic review' surveying multiple studies, confirming a literature review.",False,200,
https://openalex.org/W1977545736,https://doi.org/10.1016/j.theriogenology.2010.12.013,https://linkinghub.elsevier.com/retrieve/pii/S0093691X10006680,review,review,False,high,"Title says 'reviewed' and the work surveys histopathologic literature with 67 references, no new original research.",False,200,
https://openalex.org/W1927299313,https://doi.org/10.1517/14740338.2015.1089231,https://doi.org/10.1517/14740338.2015.1089231,review,article,True,high,"dc.Type=research-article and it's an original meta-analysis presenting new pooled findings, not a survey of literature.",False,403,
https://openalex.org/W3124607199,https://doi.org/10.1111/1751-2980.12971,https://doi.org/10.1111/1751-2980.12971,review,review,False,high,Title 'The role of...' with 102 references and no original data indicates a literature review article.,False,403,
https://openalex.org/W3095258059,https://doi.org/10.1002/advs.202002628,https://doi.org/10.1002/advs.202002628,review,review,False,high,"""At a Glance"" survey with 135 references and no original research signals a review article.",False,403,
https://openalex.org/W4392814634,https://doi.org/10.1108/ijrdm-09-2023-0560,https://doi.org/10.1108/ijrdm-09-2023-0560,review,review,False,high,"Title declares 'a review and research agenda' with 81 references surveying literature, marking it a review article.",False,403,
https://openalex.org/W2310716991,https://doi.org/10.1182/blood-2016-01-643569,https://doi.org/10.1182/blood-2016-01-643569,review,review,False,high,"Title is a classification review surveying many works with 162 references in Blood, matching the review type.",False,403,
https://openalex.org/W3215046974,https://doi.org/10.1155/2021/4954070,https://doi.org/10.1155/2021/4954070,review,review,False,high,"dc.type meta tag is ""Review Article"" with 104 references surveying the topic.",False,403,
https://openalex.org/W4322618140,https://doi.org/10.2174/1573406419666230228115410,https://doi.org/10.2174/1573406419666230228115410,review,review,False,high,Title explicitly says 'MiniReview' with 81 references surveying many works.,False,403,
https://openalex.org/W4301395367,https://doi.org/10.1139/er-2021-0126,https://doi.org/10.1139/er-2021-0126,review,review,False,high,"dc.Type 'review-article', title 'a critical review', and journal Environmental Reviews all confirm a literature review.",False,403,
https://openalex.org/W3049763072,https://doi.org/10.1097/meg.0000000000001906,https://journals.lww.com/eurojgh/abstract/2021/08000/artificial_intelligence_can_increase_the_detection.1.aspx,review,review,False,high,"Title explicitly states 'systematic review and meta-analysis,' a survey of many works.",False,200,
https://openalex.org/W2077455115,https://doi.org/10.1097/01.naj.0000348604.47231.68,https://journals.lww.com/ajnonline/abstract/2009/04000/understanding_and_managing_burn_pain__part_1.39.aspx,review,review,False,medium,"Survey-style clinical CE article summarizing existing knowledge on burn pain management with 22 references, consistent with review.",False,200,
https://openalex.org/W3092764854,https://doi.org/10.4314/njt.v39i2.9,https://www.ajol.info/index.php/njt/article/view/197606,review,review,False,high,"Title explicitly states 'A review' with 102 references surveying prior work, matching the review type.",False,200,
https://openalex.org/W3110026939,https://doi.org/10.3389/fonc.2020.606436,https://www.frontiersin.org/journals/oncology/articles/10.3389/fonc.2020.606436/full,review,review,False,high,233 references with a survey-style title on autophagy functions and implications for cancer therapy indicates a review article.,False,200,
https://openalex.org/W3009933638,https://doi.org/10.11646/zootaxa.4747.1.1,https://www.mapress.com/zt/article/view/zootaxa.4747.1.1,review,article,True,high,"DC.Type.articleType=""Article"" and the work describes eleven new species (original taxonomic research), not a literature survey despite ""review"" in the title.",False,200,
https://openalex.org/W2909115343,https://doi.org/10.1016/j.japh.2018.11.009,https://linkinghub.elsevier.com/retrieve/pii/S1544319118304825,review,review,False,high,"Title explicitly states 'A systematic review' with 43 references, a survey of many works.",False,200,
https://openalex.org/W1564018944,https://doi.org/10.3233/bd-140374,https://doi.org/10.3233/bd-140374,review,article,True,medium,"Title describes a single case (Mondor's disease as a biopsy complication) with management plus a literature review, i.e. a case report presented as a full paper, not a survey of many works.",False,403,
https://openalex.org/W4284967230,https://doi.org/10.3389/fpubh.2022.892366,https://www.frontiersin.org/journals/public-health/articles/10.3389/fpubh.2022.892366/full,review,review,False,medium,"Survey-style title across many diseases with 38 references in a Frontiers review slot, consistent with a review article.",False,200,
https://openalex.org/W2123607722,https://doi.org/10.1227/01.neu.0000333794.13844.d9,https://journals.lww.com/neurosurgery/abstract/2008/06001/surgical_treatment_of_complex_intracranial.36.aspx,review,article,True,medium,Full journal paper reporting surgical treatment with abstract and 32 references; no signal it is a literature survey despite oa_type=review.,False,200,
https://openalex.org/W3036384227,https://doi.org/10.1080/19490976.2020.1770666,https://doi.org/10.1080/19490976.2020.1770666,review,review,False,high,274 references and survey title 'current progress and challenges' indicate a literature review article.,False,403,
https://openalex.org/W4294483997,https://doi.org/10.1016/j.ymeth.2022.08.013,https://linkinghub.elsevier.com/retrieve/pii/S1046202322001967,review,article,True,high,"Crossref journal-article describing a methods technique with original content, not a survey of many works despite oa_type 'review'.",False,200,
https://openalex.org/W4311045267,https://doi.org/10.3390/jcm11237072,https://doi.org/10.3390/jcm11237072,review,review,False,high,"Title says 'Scoping Review', dc.type='Review', and 120 references confirm a literature survey.",False,403,
https://openalex.org/W1502756345,https://doi.org/10.1007/s00117-008-1618-9,https://link.springer.com/article/10.1007/s00117-008-1618-9,review,article,True,medium,"dc.type ""OriginalPaper"" indicates an original research article rather than a literature review.",False,200,
https://openalex.org/W2339654417,https://doi.org/10.1093/gastro/gow008,https://doi.org/10.1093/gastro/gow008,review,review,False,high,100 references surveying immunonutrition literature with an interrogative review title signals a review article.,False,403,
https://openalex.org/W2052834898,https://doi.org/10.1016/j.immuni.2012.05.008,https://linkinghub.elsevier.com/retrieve/pii/S1074761312001938,review,review,False,high,"Title ""The Chemokine Superfamily Revisited"" with 112 references in Immunity is a survey-style review article.",False,200,
https://openalex.org/W4206074598,https://doi.org/10.1038/s41575-021-00552-z,https://www.nature.com/articles/s41575-021-00552-z,review,review,False,high,"dc.type ""ReviewPaper"" in a Nature Reviews journal with 202 references surveying the literature.",False,200,
https://openalex.org/W2345945712,https://doi.org/10.15252/emmm.201506174,https://link.springer.com/10.15252/emmm.201506174,review,review,False,high,"Title surveys the impact of GWAS with 99 references, a literature review of many works.",False,200,
https://openalex.org/W2957154975,https://doi.org/10.21037/jtd.2019.06.56,https://jtd.amegroups.org/article/view/30020/21783,review,review,False,high,Title explicitly states 'a systematic review' with 43 references surveying multiple guidelines.,False,200,
https://openalex.org/W4306320587,https://doi.org/10.1093/eurheartj/ehac544.1628,https://doi.org/10.1093/eurheartj/ehac544.1628,review,conference-abstract,True,high,"Supplement_2 abstract-style article ID with 0 references in European Heart Journal congress supplement indicates a meeting abstract, not a full review.",False,403,
https://openalex.org/W4391785350,https://doi.org/10.1002/rmv.2522,https://doi.org/10.1002/rmv.2522,review,review,False,medium,"Published in Reviews in Medical Virology with 55 references surveying the literature, consistent with a review article.",False,403,
https://openalex.org/W3112517861,https://doi.org/10.3390/biology9120453,https://doi.org/10.3390/biology9120453,review,review,False,high,Title says 'Scoping Review' and dc.type=Review with 73 references surveying literature.,False,403,
https://openalex.org/W4415223466,https://doi.org/10.70875/v9i5article8,https://doi.org/10.70875/v9i5article8,review,review,False,high,"Title explicitly states 'a literature review,' indicating a survey of many works.",False,,
https://openalex.org/W3093282387,https://doi.org/10.1097/mog.0000000000000688,https://journals.lww.com/co-gastroenterology/abstract/2021/01000/noninvasive_strategies_for_colorectal_cancer.10.aspx,review,review,False,high,Current Opinion review journal with 70 references surveying noninvasive screening strategies indicates a literature review.,False,200,
https://openalex.org/W1782314725,https://doi.org/10.1111/hae.12778,https://doi.org/10.1111/hae.12778,review,article,True,medium,"Crossref journal-article with abstract, full pages 715-722 and og:type 'Article'; no signals of a literature survey beyond ambiguous title.",False,403,
https://openalex.org/W4320726556,https://doi.org/10.1002/suco.202200473,https://doi.org/10.1002/suco.202200473,review,review,False,high,Title explicitly says 'state-of-the-art review' with 138 references surveying many works.,False,403,
https://openalex.org/W2737741153,https://doi.org/10.4317/jced.54154,http://www.medicinaoral.com/medoralfree01/aop/54154.pdf,review,review,False,medium,"Title frames a survey of the role of L-PRF in MRONJ treatment with 21 references, consistent with a review article.",False,200,
https://openalex.org/W4410266265,https://doi.org/10.1016/j.ijbiomac.2025.144087,https://linkinghub.elsevier.com/retrieve/pii/S0141813025046392,review,article,True,high,Original research full paper (tree-like gel for solar evaporation) in a journal with 47 refs; oa_type 'review' is venue-derived error.,False,200,
https://openalex.org/W2015255692,https://doi.org/10.1016/j.spinee.2006.09.001,https://linkinghub.elsevier.com/retrieve/pii/S1529943006009120,review,review,False,medium,Survey-style title with 53 references in a supplement and no original results indicates a review article.,False,200,
https://openalex.org/W2010022393,https://doi.org/10.1210/er.2005-0016,https://doi.org/10.1210/er.2005-0016,review,review,False,high,"Survey article in Endocrine Reviews with 133 references covering the field, consistent with a review.",False,403,
https://openalex.org/W2089424798,https://doi.org/10.1080/03670240701454683,https://doi.org/10.1080/03670240701454683,review,review,False,medium,Title explicitly labels it 'A Systematic Review' with 159 references surveying a historic collection.,False,403,
https://openalex.org/W4402656069,https://doi.org/10.1111/ics.13019,https://doi.org/10.1111/ics.13019,review,review,False,medium,Survey-style title with 63 references in a journal classified as review by OpenAlex.,False,403,
https://openalex.org/W4400975748,https://doi.org/10.4103/njms.njms_33_22,https://journals.lww.com/njms/fulltext/2024/15020/application_of_calcium_sulfate_as_graft_material.3.aspx,review,review,False,high,Title explicitly states 'A review of literature' with 49 references surveying multiple works.,False,200,
https://openalex.org/W2889847204,https://doi.org/10.3332/ecancer.2018.867,https://ecancer.org/en/journal/article/867-moving-on-from-metchnikoff-thinking-about-microbiome-therapeutics-in-cancer,review,review,False,low,"Journal article with 42 references surveying microbiome therapeutics literature, consistent with oa_type review absent article-type metadata.",False,200,
https://openalex.org/W2143587378,https://doi.org/10.1111/j.1742-4658.2008.06556.x,https://doi.org/10.1111/j.1742-4658.2008.06556.x,review,review,False,high,"Title is a survey of PKCε function with 52 references in a minireview-style format, matching the review type.",False,403,
https://openalex.org/W4387339544,https://doi.org/10.1016/j.clinimag.2023.109990,https://linkinghub.elsevier.com/retrieve/pii/S0899707123002103,review,article,True,medium,Single-page journal article in Clinical Imaging with no review-survey signals; oa_type 'review' is the venue-derived prior we distrust.,False,200,
https://openalex.org/W4389444872,https://doi.org/10.14218/fim.2023.00043,https://www.xiahepublishing.com/2835-6357/FIM-2023-00043,review,review,False,high,Title explicitly states 'A Systematic Review' surveying many studies with 104 references.,False,200,
https://openalex.org/W2015728583,https://doi.org/10.1097/mbc.0b013e32834689fa,https://journals.lww.com/bloodcoagulation/abstract/2011/07000/total_hip_replacement_in_a_patient_with_acquired.14.aspx,review,article,True,high,"Title describes a single case report ('a patient with...') published as a full journal paper, which routes to article not review.",False,200,
https://openalex.org/W3208638900,https://doi.org/10.1097/mao.0000000000003353,https://journals.lww.com/otology-neurotology/abstract/2022/01000/cochlear_implantation_in_children_with_autism.4.aspx,article,review,True,high,"Title explicitly states 'Systematic Review and Pooled Analysis,' marking it a survey of multiple works.",False,200,
https://openalex.org/W3092711607,https://doi.org/10.1016/j.wneu.2020.10.018,https://linkinghub.elsevier.com/retrieve/pii/S1878875020322105,review,article,True,high,"Title and content are a case report presented as a full paper, which routes to article despite oa_type 'review'.",False,200,
https://openalex.org/W4409190224,https://doi.org/10.1016/j.compbiomed.2025.110120,https://linkinghub.elsevier.com/retrieve/pii/S0010482525004718,review,review,False,low,"Survey-style title ('How to improve...') with reference list in a biomedical journal, consistent with the review classification absent stronger article-type metadata.",False,200,
https://openalex.org/W2123179186,https://doi.org/10.1183/09031936.00013908,https://doi.org/10.1183/09031936.00013908,review,review,False,high,"165 references with survey title on basic mechanisms confirms review article, not original research.",False,403,
https://openalex.org/W2048424602,https://doi.org/10.7547/0990512,https://doi.org/10.7547/0990512,review,review,False,high,"citation_title explicitly reads 'A Review of the Literature' with 51 references, confirming a literature survey.",False,403,
https://openalex.org/W1969075540,https://doi.org/10.4161/cc.10.1.14292,https://doi.org/10.4161/cc.10.1.14292,review,editorial,True,high,"dc.Type meta tag explicitly says ""editorial"" and 2-page (8-9), 0-reference commentary supports it over oa_type review.",False,403,
https://openalex.org/W3045951522,https://doi.org/10.1016/b978-0-444-64239-4.00003-5,https://linkinghub.elsevier.com/retrieve/pii/B9780444642394000035,review,book-chapter,True,high,"Crossref type book-chapter with ISBN in Handbook of Clinical Neurology, a chapter within an edited reference volume.",False,200,
https://openalex.org/W3208875713,https://doi.org/10.3390/ma14216306,https://doi.org/10.3390/ma14216306,review,review,False,high,"dc.type=""Review"" with 118 references and survey-style title confirms a review article.",False,403,
https://openalex.org/W2793925526,https://doi.org/10.3390/su10040914,https://doi.org/10.3390/su10040914,review,review,False,high,Title explicitly says 'A Review of...' surveying multiple perspectives with 94 references.,False,403,
https://openalex.org/W2948505953,https://doi.org/10.1007/s10620-019-05568-9,https://link.springer.com/article/10.1007/s10620-019-05568-9,review,review,False,high,Title explicitly states 'Systematic Review and Meta-Analysis' surveying many studies with 85 references.,False,200,
https://openalex.org/W36194265,https://doi.org/10.1007/s00381-022-05692-4,https://link.springer.com/10.1007/s00381-022-05692-4,article,review,True,high,"Springer dc.type meta is ""ReviewPaper"", indicating a review article.",False,200,
https://openalex.org/W2612460311,https://doi.org/10.2183/pjab.93.019,https://www.jstage.jst.go.jp/article/pjab/93/5/93_PJA9305B-04/_article,review,review,False,high,Survey title with 185 references and no original findings indicates a review article.,False,200,
https://openalex.org/W2898955642,https://doi.org/10.21037/tgh.2018.10.12,https://tgh.amegroups.org/article/view/4678/5445,review,review,False,high,"DC.Type.articleType is ""Review Article"" with 92 references, confirming a literature review.",False,200,
https://openalex.org/W4411301666,https://doi.org/10.61399/ikcusbfd.1583766,https://dergipark.org.tr/en/pub/ikcusbfd/article/1583766,review,review,False,high,Title says 'Narrative Review' and DC.Type.articleType=Review with 57 references surveying prior work.,False,200,
https://openalex.org/W2163393078,https://doi.org/10.1093/annonc/mdv102,https://linkinghub.elsevier.com/retrieve/pii/S0923753419318332,review,review,False,high,"Title explicitly says ""comprehensive review"" surveying lenalidomide therapy literature with 67 references and no original abstract.",False,200,
https://openalex.org/W4310861368,https://doi.org/10.1016/j.clnesp.2022.11.023,https://linkinghub.elsevier.com/retrieve/pii/S2405457722014139,review,review,False,high,"Title explicitly identifies the work as 'A meta-analysis,' a survey of many studies rather than original research.",False,200,
https://openalex.org/W4400833554,https://doi.org/10.1002/jcp.31336,https://doi.org/10.1002/jcp.31336,review,editorial,True,low,"Title is an advocacy/opinion piece on a broad topic (necessary actions for STEMM diversity), characteristic of editorial/commentary rather than original research or a literature survey.",False,403,
https://openalex.org/W2056909674,https://doi.org/10.1016/j.neuro.2010.04.007,https://linkinghub.elsevier.com/retrieve/pii/S0161813X10000732,review,review,False,medium,"Title surveys gene–environment interactions across Parkinson's/parkinsonism with 43 references and no original data, matching a review article.",False,200,
https://openalex.org/W2122947884,https://doi.org/10.2174/1573399811666150302112421,https://doi.org/10.2174/1573399811666150302112421,review,review,False,high,"Title frames a survey of FFA receptors as drug targets in the journal 'Current Diabetes Reviews,' consistent with a review article.",False,403,
https://openalex.org/W2088250892,https://doi.org/10.1016/j.emc.2011.12.001,https://linkinghub.elsevier.com/retrieve/pii/S0733862711001362,review,review,False,medium,Evidence-based management survey with 86 references in a clinical 'Clinics of North America' review series indicates a literature review.,False,200,
https://openalex.org/W4285796491,https://doi.org/10.1021/acs.analchem.2c01905,https://doi.org/10.1021/acs.analchem.2c01905,review,editorial,True,medium,"Title ""Perspectives... Reflections on Careers, Experiences"" signals an opinion/interview commentary piece rather than original research or a literature survey.",False,403,
https://openalex.org/W3166996475,https://doi.org/10.1016/j.mrrev.2021.108386,https://linkinghub.elsevier.com/retrieve/pii/S1383574221000235,review,review,False,high,"Title says 'Overview', 204 references, in 'Reviews in Mutation Research' — a literature survey of many works.",False,200,
https://openalex.org/W4383371859,https://doi.org/10.1016/j.ejso.2023.07.006,https://linkinghub.elsevier.com/retrieve/pii/S0748798323006054,review,review,False,high,"Title explicitly states 'systematic review and meta-analysis of cohort studies,' surveying many works with 69 references.",False,200,
https://openalex.org/W4406537067,https://doi.org/10.3389/fdsfr.2024.1519142,https://www.frontiersin.org/journals/drug-safety-and-regulation/articles/10.3389/fdsfr.2024.1519142/full,review,article,True,medium,"Title presents an original proposal and example (not a survey of many works), and og:type/citation metadata mark it as a standard journal article despite OpenAlex's venue-derived 'review' tag.",False,200,
https://openalex.org/W2081890048,https://doi.org/10.1109/eeeic.2012.6221500,https://ieeexplore.ieee.org/document/6221500/,review,conference-paper,True,high,Crossref proceedings-article in an IEEE conference proceedings routes to conference-paper despite the title containing 'review'.,False,202,
https://openalex.org/W1997535226,https://doi.org/10.1111/j.1524-4741.2007.00550.x,https://doi.org/10.1111/j.1524-4741.2007.00550.x,review,review,False,low,"Topical-overview title with abstract and 17 references in a clinical journal suggests a narrative review, though no explicit article-type tag confirms it.",False,403,
https://openalex.org/W4248685278,https://doi.org/10.1111/j.1753-4887.1950.tb02393.x,https://doi.org/10.1111/j.1753-4887.1950.tb02393.x,review,review,False,medium,Nutrition Reviews publishes literature-survey review pieces and this short topical item fits the review genre.,False,403,
https://openalex.org/W2337025715,https://doi.org/10.5604/17322693.1173910,https://doi.org/10.5604/17322693.1173910,review,review,False,medium,"Title frames a survey of diagnostic methods (""Is tuberculin skin test still up to date?"") consistent with a review article in a biomedical journal.",False,,
https://openalex.org/W4310679686,https://doi.org/10.1007/s11894-022-00859-0,https://link.springer.com/10.1007/s11894-022-00859-0,review,review,False,high,"dc.type ""ReviewPaper"" with 113 references in a review journal confirms a literature review.",False,200,
https://openalex.org/W4387392894,https://doi.org/10.1177/10784535231195433,https://doi.org/10.1177/10784535231195433,review,review,False,high,"Title explicitly says ""A Narrative Review,"" indicating a survey of prior literature.",False,403,
https://openalex.org/W4392938433,https://doi.org/10.1007/s00432-024-05678-6,https://link.springer.com/10.1007/s00432-024-05678-6,review,review,False,high,"Title says ""systematic review"" and dc.type is ""ReviewPaper.""",False,200,
https://openalex.org/W2830145191,https://doi.org/10.1126/sciimmunol.aat1482,https://doi.org/10.1126/sciimmunol.aat1482,review,review,False,high,dc.Type meta tag says 'review-article' with 92 references surveying IL-2 biology.,False,403,
https://openalex.org/W2054820675,https://doi.org/10.1111/j.1399-0012.2006.00608.x,https://doi.org/10.1111/j.1399-0012.2006.00608.x,review,review,False,medium,"90 references surveying wound-complication literature across transplantation, consistent with a review article rather than original research.",False,403,
https://openalex.org/W1537977874,https://doi.org/10.5694/j.1326-5377.2010.tb03534.x,https://doi.org/10.5694/j.1326-5377.2010.tb03534.x,review,letter,True,medium,"Title is an argumentative reply defending a prior editorial in MJA's correspondence section, matching letter (reply/response about previously published material).",False,403,
https://openalex.org/W1974495875,https://doi.org/10.1017/erm.2013.5,https://www.cambridge.org/core/journals/expert-reviews-in-molecular-medicine/article/abs/exvivo-ocular-surface-stem-cell-therapies-current-techniques-applications-hurdles-and-future-directions/AAB7D0F51D6B1024851F5958C6C9E9D8,review,review,False,high,Title surveys current techniques/future directions with 117 references in 'Expert Reviews in Molecular Medicine'—a literature review of many works.,False,200,
https://openalex.org/W2132968029,https://doi.org/10.1007/s00253-010-2824-8,https://link.springer.com/article/10.1007/s00253-010-2824-8,review,review,False,high,dc.type meta tag is 'ReviewPaper' with 82 references surveying prior work.,False,200,
https://openalex.org/W2091617588,https://doi.org/10.1002/ar.b.20120,https://doi.org/10.1002/ar.b.20120,review,review,False,medium,Survey-style article with 68 references in The New Anatomist consistent with a review article.,False,403,
https://openalex.org/W2145736072,https://doi.org/10.1517/14728222.2011.561320,https://doi.org/10.1517/14728222.2011.561320,review,review,False,high,110 references surveying murine models in an Expert Opinion review journal indicates a literature review.,False,403,
https://openalex.org/W1979362726,https://doi.org/10.1055/s-2008-1075678,https://www.thieme-connect.de/products/ejournals/abstract/10.1055/s-2008-1075678,review,review,False,low,Topical survey title ('Nuclear medicine imaging in cerebral diseases') matches a review article in a medical journal supplement.,False,200,
https://openalex.org/W2729728383,https://doi.org/10.4038/sljpsyc.v8i1.8133,https://doi.org/10.4038/sljpsyc.v8i1.8133,review,review,False,high,"Title explicitly states 'A review of interventions for smoking cessation,' indicating a literature survey of multiple works.",False,,
https://openalex.org/W2270247567,https://doi.org/10.7762/cnr.2016.5.1.1,https://e-cnr.org/journal/view.php?doi=10.7762/cnr.2016.5.1.1,review,review,False,medium,oa_type 'review' with 41 references surveying salt-diet literature supports a review article despite single-page biblio.,False,200,
https://openalex.org/W4387032904,https://doi.org/10.1186/s40779-023-00479-3,https://mmrjournal.biomedcentral.com/articles/10.1186/s40779-023-00479-3,review,review,False,high,"dc.type meta is ""ReviewPaper"" with 163 references surveying prior literature.",False,200,
https://openalex.org/W2994758161,https://doi.org/10.1039/c9cs00725c,https://doi.org/10.1039/c9cs00725c,review,review,False,high,Published in Chemical Society Reviews with 475 references—a literature survey review article.,False,403,
https://openalex.org/W2028697065,https://doi.org/10.1371/journal.pmed.1001701,https://journals.plos.org/plosmedicine/article?id=10.1371/journal.pmed.1001701,review,review,False,medium,"PLoS Medicine piece surveying evidence on financial risk protection with 67 references and an evidence-survey title, consistent with a review article.",False,200,
https://openalex.org/W2125790469,https://doi.org/10.2174/1568009611313030005,https://doi.org/10.2174/1568009611313030005,review,review,False,high,"Title surveys mTOR pathway in cancer with 102 references and no original data, matching review-article genre.",False,403,
https://openalex.org/W2145936693,https://doi.org/10.1186/s13054-014-0702-y,https://ccforum.biomedcentral.com/articles/10.1186/s13054-014-0702-y,review,review,False,medium,"Title declares it a meta-analysis surveying many randomized trials, matching the review type despite the generic 'OriginalPaper' tag.",False,200,
https://openalex.org/W4399392565,https://doi.org/10.1002/adma.202400700,https://doi.org/10.1002/adma.202400700,review,review,False,high,333 references and a survey-style title in Advanced Materials indicate a literature review article.,False,403,
https://openalex.org/W4389305594,https://doi.org/10.1080/01658107.2023.2279092,https://doi.org/10.1080/01658107.2023.2279092,review,review,False,high,Title says 'Systematic Review and Meta-Analysis' and dc.Type is 'review-article'.,False,403,
https://openalex.org/W4401128010,https://doi.org/10.5771/9781498563062-183,https://www.inlibra.com/de/document/view/detail/uuid/30650157-273a-3d7c-aaef-ccb62593aa22,review,book-chapter,True,high,"Crossref type book-chapter with chapter title and page range within an ISBN volume, despite 'systematic review' in title.",False,200,
https://openalex.org/W3203844730,https://doi.org/10.3390/s21196572,https://doi.org/10.3390/s21196572,review,review,False,high,"Title ends ""-Review"", dc.type is Review, and 87 references confirm a literature survey.",False,403,
https://openalex.org/W3141696052,https://doi.org/10.1111/ijcp.14340,https://onlinelibrary.wiley.com/action/cookieAbsent,review,review,False,medium,"Survey-style imaging-approach article with 92 references and no original data, consistent with a literature review.",False,200,
https://openalex.org/W4404726091,https://doi.org/10.32592/ari.2024.79.4.695,https://doi.org/10.32592/ari.2024.79.4.695,review,article,True,medium,"Crossref journal-article with 6-page range and original-research title; oa_type 'review' is venue-derived and untrusted, no review-survey signal present.",False,,
https://openalex.org/W2099377536,https://doi.org/10.1517/14728222.2014.960843,https://doi.org/10.1517/14728222.2014.960843,review,review,False,high,"Survey-style review article with 121 references in 'Expert Opinion on Therapeutic Targets', tagged review.",False,403,
https://openalex.org/W3205476056,https://doi.org/10.1145/3474963.3474981,https://doi.org/10.1145/3474963.3474981,review,conference-paper,True,high,"Crossref proceedings-article in an ICCMS conference proceedings volume routes to conference-paper despite the ""review"" title.",False,403,
https://openalex.org/W4296363903,https://doi.org/10.5846/stxb202009182433,https://doi.org/10.5846/stxb202009182433,review,review,False,high,"Title explicitly states 'A review on...' (研究进展/review of research progress), a literature survey.",False,,
https://openalex.org/W1964474681,https://doi.org/10.2217/fon.09.84,https://doi.org/10.2217/fon.09.84,review,review,False,medium,Drug-therapy survey with 42 references and review-style title in Future Oncology indicates a literature review.,False,403,
https://openalex.org/W3041624554,https://doi.org/10.1111/jocs.14802,https://doi.org/10.1111/jocs.14802,review,review,False,high,"Title explicitly states 'updated meta-analysis' surveying trial and registry data, a systematic review of many works with 48 refs.",False,403,
https://openalex.org/W4318038585,https://doi.org/10.51200/lbibf.v20i2.3677,https://doi.org/10.51200/lbibf.v20i2.3677,review,review,False,high,"Title explicitly states 'A Literature Review' with 51 references, surveying many works.",False,,
https://openalex.org/W3042463355,https://doi.org/10.5334/tohm.351,https://doi.org/10.5334/tohm.351,review,review,False,high,Title explicitly states 'A Review of the Current Literature' with 102 references surveying many works.,False,,
https://openalex.org/W2900855045,https://doi.org/10.3892/etm.2018.6987,https://www.spandidos-publications.com/10.3892/etm.2018.6987,review,review,False,high,"Title explicitly marked ""(Review)"" with 108 references surveying prior literature.",False,200,
https://openalex.org/W4391874677,https://doi.org/10.1002/9781119697893.ch12,https://doi.org/10.1002/9781119697893.ch12,other,book-chapter,True,high,"DOI ch12 with citation_book_title, og:type Chapter, and page range within an ISBN book.",False,403,
https://openalex.org/W4239433605,https://doi.org/10.1002/9781444337822.wbetcfv1g008,https://doi.org/10.1002/9781444337822.wbetcfv1g008,other,reference-entry,True,high,"Entry titled 'Green, Henry' within The Encyclopedia of Twentieth-Century Fiction (Major Reference Works).",False,403,
https://openalex.org/W4253223420,https://doi.org/10.1108/oxan-es200878,https://doi.org/10.1108/oxan-es200878,other,report,True,medium,"Oxford Analytica Daily Brief executive-summary (dc.Type 'oxan-executive-summary') is an analyst briefing report, not a journal article.",False,403,
https://openalex.org/W3113276842,https://doi.org/10.1017/9789048527472.003,https://chooser.crossref.org/?doi=10.1017%2F9789048527472.003,other,book-chapter,True,high,"Page title says '(Chapter 3)' with citation_inbook_title 'Eurasian Encounters', ISBN present—a chapter within a book.",False,200,
https://openalex.org/W4401259340,https://doi.org/10.5040/9798400664519.0005,https://www.bloomsburycollections.com/monograph-detail?docid=b-9798400664519&tocid=b-9798400664519-d42,other,paratext,True,high,"Title ""ABBREVIATIONS"" on roman-numeral front-matter pages (xii-xiii) is structural packaging material, not content.",False,200,
https://openalex.org/W4387919690,https://doi.org/10.5040/9781350162808-030,https://www.bloomsburyvisualarts.com/encyclopedia-chapter?docid=b-9781350162808&tocid=b-9781350162808-0001944,other,paratext,True,high,"Title 'Bibliography' is back-matter packaging material within a book, not substantive content.",False,200,
https://openalex.org/W4410675651,https://doi.org/10.5040/9798881813895.ch-8,https://www.bloomsburycollections.com/monograph-detail?docid=b-9798881813895&tocid=b-9798881813895-chapter8,other,book-chapter,True,high,"DOI "".ch-8"", page range 179-198, and ISBN within container book ""Feminist Institutionalism in South Africa"" indicate a book chapter.",False,200,
https://openalex.org/W4388887545,https://doi.org/10.5040/9781350278776.0017,https://www.bloomsburycollections.com/monograph-detail?docid=b-9781350278776&tocid=b-9781350278776-chapter7,other,book-chapter,True,high,DOI resolves to a chapter (tocid chapter7) within the monograph container with ISBN and page range 119-127.,False,200,
https://openalex.org/W4301768176,https://doi.org/10.5040/9781441155207.ch-003,https://www.bloomsburyphilosophylibrary.com/encyclopedia-chapter?docid=b-9781441155207&tocid=b-9781441155207-chapter3,other,book-chapter,True,high,"DOI ch-003 with ISBN, page range 49-70 within container book 'On Bathos' indicates a single book chapter.",False,200,
https://openalex.org/W4316656198,https://doi.org/10.1017/9781800103474.229,https://www.cambridge.org/core/books/abs/country-houses-of-shropshire/sundorne-castle/25F56F8C53CA191A6D0FDF30FA033EFB,other,book-chapter,True,high,Page title labels it 'Chapter 227' within the book 'The Country Houses of Shropshire' with ISBN and citation_inbook_title.,False,200,
https://openalex.org/W4386628507,https://doi.org/10.5040/9781526526991.chapter-003,https://www.bloomsburycollections.com/monograph-detail?docid=b-9781526526991&tocid=b-9781526526991-chapter3,other,book-chapter,True,high,DOI chapter-003 with page range 17-30 in book container 'Tax Implications on Family Breakdown' with ISBN indicates a chapter.,False,200,
https://openalex.org/W1570695805,https://doi.org/10.1002/9781118900772.etrds0373,https://doi.org/10.1002/9781118900772.etrds0373,other,reference-entry,True,high,Page title 'Major Reference Works - Wiley Online Library' with citation_book_title for a reference work indicates a single entry.,False,403,
https://openalex.org/W4233638170,https://doi.org/10.5040/9781501365171.993,https://chooser.crossref.org/?doi=10.5040%2F9781501365171.993,other,reference-entry,True,high,Single-page entry 'commode' within 'The Fairchild Books Dictionary of Interior Design' is a dictionary entry.,False,200,
https://openalex.org/W2494173684,https://doi.org/10.1002/9781118959091.app1,https://doi.org/10.1002/9781118959091.app1,other,book-chapter,True,medium,"og:type=Chapter with citation_book_title and a multi-page appendix within a book, best fits book-chapter.",False,403,
https://openalex.org/W2914654953,https://doi.org/10.1002/9780470376478.ch10,https://onlinelibrary.wiley.com/action/cookieAbsent,other,book-chapter,True,high,"DOI ch10 with citation_book_title, og:type=Chapter, and page range within an ISBN volume.",False,200,
https://openalex.org/W1504932516,https://doi.org/10.1002/0471435139.tox052.pub2,https://doi.org/10.1002/0471435139.tox052.pub2,other,reference-entry,True,medium,Page title identifies it as a 'Major Reference Works' entry in Patty's Toxicology reference work.,False,403,
https://openalex.org/W2606153915,https://doi.org/10.1002/9781118476406.emoe546,https://doi.org/10.1002/9781118476406.emoe546,other,reference-entry,True,high,Entry in the 'Encyclopedia of Maritime and Offshore Engineering' major reference work.,False,403,
https://openalex.org/W4387631966,https://doi.org/10.5040/9781440880162.0007,https://www.bloomsburycollections.com/encyclopedia-chapter?docid=b-9781440880162&tocid=b-9781440880162-0000134,other,book-chapter,True,medium,"A titled section (pp.211-218) within the book 'Clothing through American History' with ISBN, fitting a book-chapter.",False,200,
https://openalex.org/W4236124238,https://doi.org/10.1002/9781118788516.sem028,https://doi.org/10.1002/9781118788516.sem028,other,reference-entry,True,high,"Page title ""Major Reference Works"" and container ""Wiley Blackwell Companion to Semantics"" mark it as an entry in a reference work.",False,403,
https://openalex.org/W2496199553,https://doi.org/10.1002/9781119198680.ch6,https://doi.org/10.1002/9781119198680.ch6,other,book-chapter,True,high,DOI suffix '.ch6' with ISBN and container 'Business Restructuring' over a page range indicates a book chapter.,False,403,
https://openalex.org/W4252035713,https://doi.org/10.1002/9780470114735.hawley05805,https://doi.org/10.1002/9780470114735.hawley05805,other,reference-entry,True,high,"Single-page entry in Hawley's Condensed Chemical Dictionary (a reference work), titled with a chemical compound.",False,403,
https://openalex.org/W7106239153,https://doi.org/10.5040/9798881837303.0009,https://www.bloomsburycollections.com/monograph-detail?docid=b-9798881837303&tocid=b-9798881837303-0003395,other,paratext,True,high,"""About the Author"" front/back-matter section of a book is packaging material, not content.",False,200,
https://openalex.org/W4396880025,https://doi.org/10.1093/oso/9780190933562.002.0009,https://doi.org/10.1093/oso/9780190933562.002.0009,other,paratext,True,medium,"Title ""Notes"" is a book's back-matter endnotes section, structural packaging rather than substantive content.",False,403,
https://openalex.org/W1559800980,https://doi.org/10.1002/9781118730133.oth1,https://onlinelibrary.wiley.com/action/cookieAbsent,other,book-chapter,True,high,"DOI has ISBN, og:type=Chapter, and citation_book_title='The Cerebellum' with this as a titled section within it.",False,200,
https://openalex.org/W4251645586,https://doi.org/10.1002/9781118792148.ch129,https://doi.org/10.1002/9781118792148.ch129,other,conference-paper,True,medium,"PRICM is a Pacific Rim conference proceedings volume and this is a full original-research paper with references, despite Wiley tagging it as a book chapter.",False,403,
https://openalex.org/W7127657812,https://doi.org/10.5040/9798216437284.ch-005,https://www.bloomsburycollections.com/monograph-detail?docid=b-9798216437284&tocid=b-9798216437284-chapter5,other,book-chapter,True,high,"DOI suffix .ch-005 with tocid chapter5 in a monograph (ISBN, container 'The Dark Abyss of Time') and page range 75-104 indicates a book chapter.",False,200,
https://openalex.org/W4417376618,https://doi.org/10.5040/9798765195659.ch-004,https://www.bloomsburycollections.com/monograph-detail?docid=b-9798765195659&tocid=b-9798765195659-chapter4,other,book-chapter,True,high,"DOI suffix '.ch-004', page range 55-80 within ISBN-bearing container 'Sibelius', and Bloomsbury chapter4 landing URL indicate a book chapter.",False,200,
https://openalex.org/W1521040059,https://doi.org/10.1002/9781444395778.ch17,https://doi.org/10.1002/9781444395778.ch17,other,book-chapter,True,high,"DOI ch17, og:type ""Chapter"" within ""The Blackwell Companion to Paul"" with ISBN indicates a book chapter.",False,403,
https://openalex.org/W2503934991,https://doi.org/10.1002/9781119197713.ch3,https://doi.org/10.1002/9781119197713.ch3,other,book-chapter,True,high,"DOI .ch3, ISBN-bearing book container, og:type 'Chapter' with pages 23-31 indicate a book chapter.",False,403,
https://openalex.org/W3199084514,https://doi.org/10.1002/9783527814527.ch8,https://doi.org/10.1002/9783527814527.ch8,other,book-chapter,True,high,"DOI ch8, citation_book_title 'Ribozymes' with og:type 'Chapter' and pages 193-226 identify a book chapter.",False,403,
https://openalex.org/W4235624545,https://doi.org/10.1002/9781405165518.wbeose065.pub2,https://doi.org/10.1002/9781405165518.wbeose065.pub2,other,reference-entry,True,high,"Entry in The Blackwell Encyclopedia of Sociology, a major reference work.",False,403,
https://openalex.org/W1601267471,https://doi.org/10.1002/9783527619382.ch45,https://doi.org/10.1002/9783527619382.ch45,other,book-chapter,True,high,"DOI .ch45, og:type ""Chapter"", and a handbook container with ISBN identify this as a book chapter.",False,403,
https://openalex.org/W4411255580,https://doi.org/10.1039/9781837674824-fp005,https://doi.org/10.1039/9781837674824-fp005,other,paratext,True,high,"Title ""Dedication"" with front-matter pages v-vi is structural packaging material, not content.",False,403,
https://openalex.org/W4235703624,https://doi.org/10.7788/boehlau.9783412217617.bm,https://doi.org/10.7788/boehlau.9783412217617.bm,other,paratext,True,high,Title 'Frontmatter' with ISBN/book-series context indicates structural front-matter packaging.,False,403,
https://openalex.org/W1560058055,https://doi.org/10.1002/9781444317657.ch29,https://doi.org/10.1002/9781444317657.ch29,other,book-chapter,True,high,"DOI ch29 with ISBN, og:type 'Chapter', and citation_book_title indicate a book chapter.",False,403,
https://openalex.org/W4415576398,https://doi.org/10.5040/9798216430087.ch-2,https://www.bloomsburycollections.com/monograph-detail?docid=b-9798216430087&tocid=b-9798216430087-chapter2,other,book-chapter,True,high,"DOI suffix "".ch-2"" with page range 23-36 within an ISBN book container indicates a chapter.",False,200,
https://openalex.org/W7162485548,https://doi.org/10.5040/9798765158845.ch-4,https://www.bloomsburycollections.com/monograph-detail?docid=b-9798765158845&tocid=b-9798765158845-chapter4,other,book-chapter,True,high,DOI .ch-4 with page range 69-82 inside book container 'Healing Sacred Wounds' on Bloomsbury Collections monograph-detail chapter URL.,False,200,
https://openalex.org/W4248208279,https://doi.org/10.1002/0471701343.sdp39308,https://doi.org/10.1002/0471701343.sdp39308,other,reference-entry,True,high,"It is a single chemical entry within Sax's Dangerous Properties reference work (Major Reference Works), with ISBN and a per-substance title.",False,403,
https://openalex.org/W2515318018,https://doi.org/10.1002/9781118978320.ch4,https://doi.org/10.1002/9781118978320.ch4,other,book-chapter,True,high,"DOI .ch4, og:type=Chapter, and citation_book_title within an ISBN volume indicate a book chapter.",False,403,
https://openalex.org/W4236463386,https://doi.org/10.1002/9781405198073.wbierp1341,https://doi.org/10.1002/9781405198073.wbierp1341,other,reference-entry,True,high,"Entry in 'The International Encyclopedia of Revolution and Protest' (Major Reference Works), making it a reference-entry.",False,403,
https://openalex.org/W4366382078,https://doi.org/10.1017/9781839703010.003,https://www.cambridge.org/core/books/abs/childs-right-to-participate-in-family-law-proceedings/childs-right-to-participate-in-european-human-rights-instruments/703DA65A7064220FA05F7429BAEDD0BC,other,book-chapter,True,high,Page title labels it '(Chapter 3)' within a book container with ISBN and citation_inbook_title.,False,200,
https://openalex.org/W4417394946,https://doi.org/10.5040/9798216434894.ch-011,https://www.bloomsburycollections.com/monograph-detail?docid=b-9798216434894&tocid=b-9798216434894-chapter11,other,book-chapter,True,high,DOI suffix '.ch-011' and tocid 'chapter11' within book 'Sympathy for the Drummer' (ISBN present) indicate a single book chapter.,False,200,
https://openalex.org/W4401949668,https://doi.org/10.5040/9781472862563.ch-001,https://www.bloomsburycollections.com/monograph-detail?docid=b-9781472862563&tocid=b-9781472862563-chapter1,other,book-chapter,True,high,"ISBN-bearing chapter (ch-001, pages 4-8) within a monograph container 'RAF Fighters vs Ju 87 Stuka'.",False,200,
https://openalex.org/W2127550709,https://doi.org/10.1002/9781118241455.ch34,https://doi.org/10.1002/9781118241455.ch34,other,book-chapter,True,high,DOI .chXX with og:type 'Chapter' and citation_book_title in a Blackwell Companion identifies a book chapter.,False,403,
https://openalex.org/W4200326473,https://doi.org/10.5040/9781501362774.0014,https://chooser.crossref.org/?doi=10.5040%2F9781501362774.0014,other,book-chapter,True,medium,"Has ISBN and page range 191-197 within the book ""Popular Music, Power and Play,"" indicating a chapter/section of a book.",False,200,
https://openalex.org/W4230218401,https://doi.org/10.1787/growth-2014-sum-el,https://doi.org/10.1787/growth-2014-sum-el,other,report,True,medium,"OECD 'Going for Growth' economic policy report issued by an agency outside the journal system, despite Crossref's 'monograph' tag.",False,403,
https://openalex.org/W4241617401,https://doi.org/10.1787/1f3c8319-tr,https://doi.org/10.1787/1f3c8319-tr,other,report,True,medium,"OECD iLibrary 'Education at a Glance' OECD Indicators is an institutional/agency report, and this is its Turkish-language summary.",False,403,
https://openalex.org/W1512159856,https://doi.org/10.1002/9780470623992.ch100,https://doi.org/10.1002/9780470623992.ch100,other,book-chapter,True,high,"DOI ch100 with ISBN, citation_book_title, and og:type 'Chapter' identify a book chapter.",False,403,
https://openalex.org/W4246304383,https://doi.org/10.7788/9783412510275.front,https://doi.org/10.7788/9783412510275.front,other,paratext,True,high,"Title 'Titelei' (front matter/title page) on pages 1-4 of a book is packaging material, not content.",False,403,
https://openalex.org/W1529973179,https://doi.org/10.1002/9781444329803.ch17,https://doi.org/10.1002/9781444329803.ch17,other,book-chapter,True,high,"DOI .ch17, ISBN-bearing book container, and og:type=Chapter identify this as a book chapter.",False,403,
https://openalex.org/W4246173544,https://doi.org/10.1002/9780470114735.hawley02636,https://doi.org/10.1002/9780470114735.hawley02636,other,reference-entry,True,high,"Single-page entry in Hawley's Condensed Chemical Dictionary, a reference work tagged 'Major Reference Works' on Wiley.",False,403,
https://openalex.org/W2585706123,https://doi.org/10.1002/9781119162926.ch14,https://doi.org/10.1002/9781119162926.ch14,other,book-chapter,True,high,"DOI .ch14, og:type ""Chapter"", citation_book_title ""Preventing Suicide"" with ISBN and page range 215-244.",False,403,
https://openalex.org/W4232425455,https://doi.org/10.1002/9783527810581.ch15,https://doi.org/10.1002/9783527810581.ch15,other,book-chapter,True,high,og:type=Chapter and citation_book_title with DOI .ch15 indicate a chapter within a book.,False,403,
https://openalex.org/W4410675016,https://doi.org/10.5040/9798881812560.ch-004,https://www.bloomsburycollections.com/monograph-detail?docid=b-9798881812560&tocid=b-9781611488944-4,other,book-chapter,True,high,"DOI .ch-004 with ISBN, page range 57-88 within book container ""Creative Presence"" indicates a chapter.",False,200,
https://openalex.org/W1608555593,https://doi.org/10.1002/9781119007104.app5,https://doi.org/10.1002/9781119007104.app5,other,paratext,True,medium,Title 'Appendix E: Index of Coumarins' is a back-matter index record packaging the book rather than carrying content.,False,403,
https://openalex.org/W4212998463,https://doi.org/10.1002/9781119600206.ch86,https://doi.org/10.1002/9781119600206.ch86,other,book-chapter,True,high,DOI .ch86 with og:type=Chapter and citation_book_title in a textbook indicates a book chapter.,False,403,
https://openalex.org/W4417368587,https://doi.org/10.5040/9798765163030.0047,https://www.bloomsburycollections.com/monograph-detail?docid=b-9798765163030&tocid=b-9798765163030-chapter38,other,book-chapter,True,high,"Has ISBN, a book container ('101 Lessons from the Dugout'), page range 86-87, and a chapter tocid in the Bloomsbury monograph URL.",False,200,
https://openalex.org/W2505244501,https://doi.org/10.1002/9781119204985.ch2,https://doi.org/10.1002/9781119204985.ch2,other,book-chapter,True,high,"DOI .ch2, og:type ""Chapter"", and citation_book_title within an ISBN book identify this as a book chapter.",False,403,
https://openalex.org/W4410694225,https://doi.org/10.5040/9781666983197.ch1,https://www.bloomsburycollections.com/monograph-detail?docid=b-9781666983197&tocid=b-9781666983197-chapter1,other,book-chapter,True,high,"DOI .ch1 within container book ""Africa in the Contemporary Spanish Novel"" with ISBN and chapter page range 1-72.",False,200,
https://openalex.org/W2496299637,https://doi.org/10.1002/9781118735985.ch3,https://doi.org/10.1002/9781118735985.ch3,other,book-chapter,True,high,"DOI ch3, og:type Chapter and citation_book_title indicate a chapter within an ISBN book.",False,403,
https://openalex.org/W4212944529,https://doi.org/10.1017/9781839702006.008,https://www.cambridge.org/core/books/abs/platform-work-in-europe/regulatory-and-jurisprudential-perspectives-on-platform-work-the-uk-case/73ED3B08C366FA00F5694D252AE024EC,other,book-chapter,True,high,citation_inbook_title and Cambridge Core book URL with page range 153-170 identify this as a chapter within the book 'Platform Work in Europe'.,False,200,
https://openalex.org/W4386626753,https://doi.org/10.5040/9798400626395.0046,https://www.bloomsburycollections.com/encyclopedia-chapter?docid=b-9798400626395&tocid=b-9798400626395-0003495,other,book-chapter,True,medium,ISBN-bearing entry with chapter page range (206-208) within a Bloomsbury Collections monograph volume.,False,200,
https://openalex.org/W4399955764,https://doi.org/10.5040/9781350401174.ch-3,https://www.bloomsburycollections.com/monograph-detail?docid=b-9781350401174&tocid=b-9781350401174-chapter3,other,book-chapter,True,high,"DOI .ch-3, page range 81-106 within a book container with ISBN on Bloomsbury Collections monograph chapter URL.",False,200,
https://openalex.org/W1587558899,https://doi.org/10.1002/9781444324617.ch30,https://doi.org/10.1002/9781444324617.ch30,other,book-chapter,True,high,"DOI suffix '.ch30', page range 341-352, and ISBN-bearing container 'Nurturing Children and Families' indicate a chapter within a book.",False,403,
https://openalex.org/W4251563703,https://doi.org/10.1787/eco_surveys-pol-2018-graph67-en,https://doi.org/10.1787/eco_surveys-pol-2018-graph67-en,other,supplementary-materials,True,low,"DOI/title identify a single graph ('graph67') component within an OECD economic survey, i.e. a subordinate figure rather than a standalone work.",False,403,
https://openalex.org/W7127614837,https://doi.org/10.5040/9798881831516.0005,https://www.bloomsburycollections.com/monograph-detail?docid=b-9798881831516&tocid=b-9798881831516-0000140,other,paratext,True,high,Title 'Acknowledgments' on roman-numeral front matter (xi-xiv) of a book is structural packaging material.,False,200,
https://openalex.org/W4409941884,https://doi.org/10.5040/9781978722262.ch-3,https://www.bloomsburycollections.com/monograph-detail?docid=b-9781978722262&tocid=b-9781978722262-chapter3,other,book-chapter,True,high,"DOI '.ch-3', chapter title 'Place' with pages 47-66 in monograph 'Postcolonial Preaching' with ISBN indicates a book chapter.",False,200,
https://openalex.org/W7127569627,https://doi.org/10.5040/9798216458654.ch-006,https://www.bloomsburycollections.com/monograph-detail?docid=b-9798216458654&tocid=b-9798216458654-chapter6,other,book-chapter,True,high,DOI '.ch-006' with chapter pages 85-98 within the book 'Performed Culture in Chinese Language Education' (ISBN present).,False,200,
https://openalex.org/W4417378028,https://doi.org/10.5040/9798765150382.ch-006,https://www.bloomsburycollections.com/monograph-detail?docid=b-9798765150382&tocid=b-9798765150382-chapter6,other,book-chapter,True,high,"DOI .ch-006, container 'Audrey Hepburn' with ISBN, and Bloomsbury chapter6 toc URL indicate a single book chapter.",False,200,
https://openalex.org/W4242811946,https://doi.org/10.1002/9781118747957.ch18,https://onlinelibrary.wiley.com/action/cookieAbsent,other,book-chapter,True,high,"DOI suffix .ch18, og:type ""Chapter"" and ISBN container show this is a chapter within a book.",False,200,
https://openalex.org/W4240121189,https://doi.org/10.1108/oxan-es202973,https://doi.org/10.1108/oxan-es202973,other,report,True,medium,"Oxford Analytica executive-summary briefing (dc.Type ""oxan-executive-summary"") is an analytical briefing report, not journal scholarship.",False,403,
https://openalex.org/W4280521667,https://doi.org/10.1002/9781119632672.biblio,https://doi.org/10.1002/9781119632672.biblio,other,paratext,True,high,"Title ""References"" with DOI suffix .biblio is a book's back-matter reference list, structural packaging not content.",False,403,
https://openalex.org/W7125596145,https://doi.org/10.1002/9781394360345.ch2,https://doi.org/10.1002/9781394360345.ch2,other,book-chapter,True,high,"DOI .ch2, ISBN, og:type 'Chapter' and citation_book_title indicate a chapter within a book.",False,403,
https://openalex.org/W4410657255,https://doi.org/10.5040/9798881817190.ch-001,https://www.bloomsburycollections.com/monograph-detail?docid=b-9798881817190&tocid=b-9798881817190-chapter1,other,book-chapter,True,high,"DOI "".ch-001"", ISBN-bearing book container ""Virtual Ninja Manifesto"", page range 23-40, and Bloomsbury monograph-chapter URL indicate a book chapter.",False,200,
https://openalex.org/W4386146760,https://doi.org/10.1002/9781119261728.ch10,https://doi.org/10.1002/9781119261728.ch10,other,book-chapter,True,high,DOI .ch10 with ISBN container book and og:type=Chapter indicate a book chapter.,False,403,
https://openalex.org/W4391269018,https://doi.org/10.5040/bci-00a0.0112,https://www.theologyandreligiononline.com/encyclopedia-chapter?docid=b-9780802824936&tocid=b-9780802824936-BK.4.13,other,book-chapter,True,high,"Has ISBN, page range 741-747 within the book container 'The Book of Psalms', a section/chapter title.",False,200,
https://openalex.org/W4211246418,https://doi.org/10.1002/9783527641949.ch2,https://doi.org/10.1002/9783527641949.ch2,other,book-chapter,True,high,"DOI .ch2 with og:type ""Chapter"" and citation_book_title ""Organoselenium Chemistry"" indicates a book chapter.",False,403,
https://openalex.org/W4403368788,https://doi.org/10.1787/6523a818-en,https://doi.org/10.1787/6523a818-en,other,other,False,low,"OECD iLibrary record for a single statistical chart/indicator within a tourism report, fitting no specific type despite cr_type=book.",False,403,
https://openalex.org/W2504309486,https://doi.org/10.1017/cbo9781139177160.024,https://www.cambridge.org/core/books/abs/do-we-really-understand-quantum-mechanics/consistent-families-of-histories/C8C7B534619FE501087C19F3B3CBE459,other,book-chapter,True,high,"DOI/page-title mark it as Appendix K within the book 'Do We Really Understand Quantum Mechanics?', a chapter-level part of a book.",False,200,
https://openalex.org/W3083598985,https://doi.org/10.46692/9781447330899.005,https://chooser.crossref.org/?doi=10.46692%2F9781447330899.005,other,book-chapter,True,high,Page title says 'Chapter 3' within container book 'Poverty in Education across the UK' with citation_inbook_title and pages 65-86.,False,200,
https://openalex.org/W4410687285,https://doi.org/10.5040/9781666987935.ch-005,https://www.bloomsburycollections.com/monograph-detail?docid=b-9781666987935&tocid=b-9781666987935-chapter5,other,book-chapter,True,high,DOI suffix '.ch-005' with page range 169-208 inside book 'Clashing Worldviews in the U.S. Supreme Court' (ISBN present) indicates a book chapter.,False,200,
https://openalex.org/W4416476186,https://doi.org/10.5040/9798216419112.0010,https://www.bloomsburycollections.com/monograph-detail?docid=b-9798216419112&tocid=b-9798216419112-0005276,other,paratext,True,high,"""About the Author"" back-matter packaging in a book is structural paratext.",False,200,
https://openalex.org/W3213393165,https://doi.org/10.1002/9781119413936.ch112,https://doi.org/10.1002/9781119413936.ch112,other,book-chapter,True,high,"DOI .chXXX with ISBN, citation_book_title and og:type=Chapter mark this as a chapter in Evidence-Based Orthopedics.",False,403,
https://openalex.org/W1511555569,https://doi.org/10.1002/9780470682807.ch17,https://doi.org/10.1002/9780470682807.ch17,other,book-chapter,True,high,DOI .ch17 with citation_book_title and og:type 'Chapter' indicates a chapter within an ISBN book.,False,403,
https://openalex.org/W2501005470,https://doi.org/10.1002/9781119203858.ch4,https://doi.org/10.1002/9781119203858.ch4,other,book-chapter,True,high,DOI suffix .ch4 with ISBN and a book container 'Visual Leaders' plus page range 51-60 indicates a chapter within a book.,False,403,
https://openalex.org/W7165870487,https://doi.org/10.1017/9781805439097.001,https://www.cambridge.org/core/books/abs/lives-and-deaths-of-the-norse-gods/preface/092B140CA392978327AB415BE08D22C4,other,editorial,True,high,"Title ""Preface"" within a book is front-matter framing content, which the taxonomy routes to editorial (introductions/prefaces).",False,200,
https://openalex.org/W4234360155,https://doi.org/10.1002/0471701343.sdp36454,https://doi.org/10.1002/0471701343.sdp36454,other,reference-entry,True,high,Single chemical-substance entry within the reference work 'Sax's Dangerous Properties of Industrial Materials' (ISBN present).,False,403,
https://openalex.org/W2493572593,https://doi.org/10.1017/cbo9781107707283.014,https://www.cambridge.org/core/books/abs/chawton-manor-and-its-owners/note-on-knight-arms/A094D24F607B745C733E28E814298031,other,book-chapter,True,high,DOI is a section/appendix (citation_inbook_title 'Chawton Manor and its Owners') within a book on Cambridge Core.,False,200,
https://openalex.org/W4401259348,https://doi.org/10.5040/9798400672347.0014,https://www.bloomsburycollections.com/monograph-detail?docid=b-9798400672347&tocid=b-9798400672347-d121,other,book-chapter,True,high,ISBN-bearing record with pages 66-75 within the monograph 'The Invisible Church' on Bloomsbury Collections indicates a book chapter.,False,200,
https://openalex.org/W4410623232,https://doi.org/10.5040/9781666982381.ch-001,https://www.bloomsburycollections.com/monograph-detail?docid=b-9781666982381&tocid=b-9781666982381-0010537,other,book-chapter,True,high,"DOI suffix "".ch-001"" with pages 9-16 inside ISBN-bearing monograph 'Century of American Steel' indicates a book chapter titled 'Foundations'.",False,200,
https://openalex.org/W4242530448,https://doi.org/10.5040/9781501311239.ch-001,https://www.bloomsburyfashioncentral.com/encyclopedia-chapter?docid=b-9781501311239&tocid=b-9781501311239-chapter1,other,book-chapter,True,high,DOI '.ch-001' with ISBN and a book container 'J.J. Pizzuto's Fabric Science' marks this as a chapter.,False,200,
https://openalex.org/W4395105686,https://doi.org/10.1017/9781782045991.009,https://chooser.crossref.org/?doi=10.1017%2F9781782045991.009,other,book-chapter,True,high,"Page title says ""(Chapter 6)"" with citation_inbook_title and ISBN, identifying it as a chapter within a book.",False,200,
https://openalex.org/W4234762372,https://doi.org/10.1787/155a6eb9-fr,https://doi.org/10.1787/155a6eb9-fr,other,book-chapter,True,medium,"A titled section ('Projections du lait entier en poudre') within the OECD-FAO Agricultural Outlook book series volume, indicating a book chapter.",False,403,
https://openalex.org/W4410680451,https://doi.org/10.5040/9781978720800.ch-5,https://chooser.crossref.org/?doi=10.5040%2F9781978720800.ch-5,other,book-chapter,True,high,DOI suffix '.ch-5' with page range 93-110 inside the book 'The Lost Supper' (ISBN present) indicates a book chapter.,False,200,
https://openalex.org/W1573422299,https://doi.org/10.1002/9783527651122.ch8,https://doi.org/10.1002/9783527651122.ch8,other,book-chapter,True,high,"DOI suffix "".ch8"" with page range 235-267 in book container ""Graphene"" with ISBN indicates a book chapter.",False,403,
https://openalex.org/W4210265221,https://doi.org/10.1002/9781119500292.ch17,https://chooser.crossref.org/?doi=10.1002%2F9781119500292.ch17,other,book-chapter,True,high,DOI .ch17 with og:type=Chapter and citation_book_title=Robust Control identifies a book chapter.,False,200,
https://openalex.org/W2502260636,https://doi.org/10.1002/9781119202721.app6,https://onlinelibrary.wiley.com/action/cookieAbsent,other,book-chapter,True,high,og:type 'Chapter' with citation_book_title 'Statistical Thinking' and appendix DOI (.app6) indicate a book chapter/appendix.,False,200,
https://openalex.org/W4416497190,https://doi.org/10.5040/9798216423843.ch-10,https://www.bloomsburycollections.com/monograph-detail?docid=b-9798216423843&tocid=b-9798216423843-chapter10,other,book-chapter,True,high,DOI .ch-10 with chapter page range 149-170 within the monograph 'Nothing But the Tooth' (ISBN present).,False,200,
https://openalex.org/W4230958927,https://doi.org/10.7788/9783412514501.172,https://doi.org/10.7788/9783412514501.172,other,book-chapter,True,medium,"Crossref type book-chapter and og:type Chapter within a book with ISBN, despite being an appendix.",False,403,
https://openalex.org/W4233370089,https://doi.org/10.1787/3a375a6d-it,https://doi.org/10.1787/3a375a6d-it,other,report,True,medium,"OECD Development Co-operation Report (an institutional policy report); cr_type book with ISBN but it is an agency report series, the Italian summary record of it.",False,403,
https://openalex.org/W4401258165,https://doi.org/10.5040/9798216190561.0046,https://www.bloomsburycollections.com/monograph-detail?docid=b-9798216190561&tocid=b-9798216190561-d363,other,book-chapter,True,high,ISBN-bearing chapter within the monograph 'The Business of Healthcare' on Bloomsbury Collections with chapter page range iii157-176.,False,200,
https://openalex.org/W4400757114,https://doi.org/10.1787/9789264311695-graph12-en,https://doi.org/10.1787/9789264311695-graph12-en,other,supplementary-materials,True,medium,DOI suffix 'graph12-en' and title indicate a single graph/figure subordinate to a parent OECD volume.,False,403,
https://openalex.org/W4255424087,https://doi.org/10.5040/9781350052970.ch-007,https://chooser.crossref.org/?doi=10.5040%2F9781350052970.ch-007,other,book-chapter,True,high,"DOI '.ch-007', page range 92-108, and container 'Introduction to the Alexander Technique' show a chapter within a book.",False,200,
https://openalex.org/W4283071249,https://doi.org/10.1002/9781119988700.refs,https://onlinelibrary.wiley.com/action/cookieAbsent,other,paratext,True,high,"Title 'References' is back-matter packaging material within a book, not substantive content.",False,200,
https://openalex.org/W4290828090,https://doi.org/10.1093/acprof:oso/9780191001604.002.0010,https://doi.org/10.1093/acprof:oso/9780191001604.002.0010,other,paratext,True,high,"Title 'Table of Legislation' on roman-numeral front-matter pages is structural packaging material, not content.",False,403,
https://openalex.org/W4248470974,https://doi.org/10.4337/9781783479382.00018,https://doi.org/10.4337/9781783479382.00018,other,book-chapter,True,high,"ISBN-bearing chapter (pp.133-134) within a book container, with 404 landing page and 'Page not found' title.",True,404,
https://openalex.org/W2496964336,https://doi.org/10.1017/cbo9781107706934.013,https://www.cambridge.org/core/books/abs/taming-of-democracy-assistance/major-organizations-in-the-democracy-establishment/04CD85EE1E35BC7C6C991EA766DA5A2A,other,paratext,True,high,"Page title marks this as 'Appendix C' back-matter of a book, a packaging/structural record rather than substantive content.",False,200,
https://openalex.org/W7127578036,https://doi.org/10.5040/9781350421073.0010,https://www.bloomsburycollections.com/monograph-detail?docid=b-9781350421073&tocid=b-9781350421073-chapter7,other,book-chapter,True,high,ISBN-bearing volume 'Future's Theory' with page range 44-59 and a chapter7 toc id indicates a book chapter.,False,200,
https://openalex.org/W4417373007,https://doi.org/10.5040/9798765111710.ch-5,https://www.bloomsburycollections.com/monograph-detail?docid=b-9798765111710&tocid=b-9798765111710-chapter5,other,book-chapter,True,high,"DOI .ch-5 with ISBN, page range 175-212 within container book 'Empathy Machines', resolving to a Bloomsbury chapter detail page.",False,200,
https://openalex.org/W1541658772,https://doi.org/10.1002/9780470025079.chap20.pub2,https://doi.org/10.1002/9780470025079.chap20.pub2,other,reference-entry,True,high,"Wiley 'Major Reference Works' entry in The Cancer Handbook reference work, with citation_book_title and chapter metadata.",False,403,
https://openalex.org/W2476211937,https://doi.org/10.1017/cbo9781139410762.026,https://www.cambridge.org/core/books/abs/history-of-the-kings-german-legion/return-of-the-loss-of-the-kings-german-legion-at-the-battle-of-salamanca/0EBEE58E7CBDC66536008D191363810C,other,book-chapter,True,medium,"citation_inbook_title shows this is a titled section within the book ""History of the King's German Legion,"" routing to book-chapter.",False,200,
https://openalex.org/W4386634982,https://doi.org/10.5040/9798400621437.ch-002,https://www.bloomsburycollections.com/monograph-detail?docid=b-9798400621437&tocid=b-9798400621437-chapter2,other,book-chapter,True,high,DOI .ch-002 and container book 'Bringing Genius Hour to Your Library' with ISBN and chapter pages 9-16 indicate a book chapter.,False,200,
https://openalex.org/W4414505057,https://doi.org/10.5040/9780567718419.ch-008,https://www.bloomsburycollections.com/monograph-detail?docid=b-9780567718419&tocid=b-9780567718419-chapter8,other,book-chapter,True,high,"DOI suffix '.ch-008', pages 133-150 within an ISBN monograph container indicate a single chapter.",False,200,
https://openalex.org/W4411562989,https://doi.org/10.5040/9781399423069.0009,https://www.bloomsburycollections.com/monograph-detail?docid=b-9781399423069&tocid=b-9781399423069-chapter3,other,book-chapter,True,high,URL is a chapter-level record (tocid=...chapter3) within a Bloomsbury monograph with ISBN and page range 32-79.,False,200,
https://openalex.org/W4235394207,https://doi.org/10.1002/9781444367072.wbiee231,https://doi.org/10.1002/9781444367072.wbiee231,other,reference-entry,True,high,"Entry titled ""Marx, Karl"" within The International Encyclopedia of Ethics (Major Reference Works) is a reference-work entry.",False,403,
https://openalex.org/W4399953141,https://doi.org/10.5040/9798216984962.0009,https://www.bloomsburycollections.com/monograph-detail?docid=b-9798216984962&tocid=b-9798216984962-d78,other,book-chapter,True,high,ISBN-bearing monograph 'Rethinking Our War on Drugs' with a titled section spanning pages 87-98 is a book chapter.,False,200,
https://openalex.org/W4236446683,https://doi.org/10.1002/9781444367072.wbiee533,https://doi.org/10.1002/9781444367072.wbiee533,other,reference-entry,True,high,"Entry titled ""Rashdall, Hastings"" within The International Encyclopedia of Ethics (Major Reference Works).",False,403,
https://openalex.org/W4408589133,https://doi.org/10.5040/9781350158603.ch-i,https://www.bloomsburycollections.com/monograph-detail?docid=b-9781350158603&tocid=b-9781350158603-0000077,other,book-chapter,True,high,DOI .ch-i and ISBN container 'Making Speeches' with pages 1-14 indicate an introduction chapter within a book.,False,200,
https://openalex.org/W4235797217,https://doi.org/10.1002/9781118960608.gbm00043,https://doi.org/10.1002/9781118960608.gbm00043,other,reference-entry,True,high,"Single genus entry ('Blastococcus') in Bergey's Manual, a Wiley Major Reference Work.",False,403,
https://openalex.org/W1602830628,https://doi.org/10.1002/9780471743989.vse9909,https://doi.org/10.1002/9780471743989.vse9909,other,reference-entry,True,high,Container 'Van Nostrand's Scientific Encyclopedia' with a biographical entry title is a single entry in a reference work.,False,403,
https://openalex.org/W4389552980,https://doi.org/10.5040/9798216000778.0007,https://www.bloomsburycollections.com/encyclopedia-chapter?docid=b-9798216000778&tocid=b-9798216000778-0000624,other,reference-entry,True,medium,URL path 'encyclopedia-chapter' with an entry title 'Election of 1964' in a reference work indicates a reference entry.,False,200,
https://openalex.org/W2903601868,https://doi.org/10.1002/9781119128625.ch15,https://doi.org/10.1002/9781119128625.ch15,other,book-chapter,True,high,"DOI .ch15, og:type=Chapter, citation_book_title present with page range 327-365 in an ISBN volume.",False,403,
https://openalex.org/W2496752767,https://doi.org/10.1002/9780470373699.speced0992,https://doi.org/10.1002/9780470373699.speced0992,other,reference-entry,True,high,"Single-page entry in the Encyclopedia of Special Education (Major Reference Works), making it an entry in a reference work.",False,403,
https://openalex.org/W2500282412,https://doi.org/10.1002/9781119196938.ch3,https://doi.org/10.1002/9781119196938.ch3,other,book-chapter,True,high,DOI .ch3 with citation_book_title and og:type 'Chapter' within a book volume confirms a book chapter.,False,403,
https://openalex.org/W4235864852,https://doi.org/10.1017/cbo9780511977855.001,https://www.cambridge.org/core/books/abs/international-taxation-of-permanent-establishments/abbreviations/F9710AB390795210501431877ECA9433,other,paratext,True,high,"Title ""Abbreviations"" on Roman-numeral front-matter pages (vi-viii) is structural packaging material, not content.",False,200,
https://openalex.org/W4231197076,https://doi.org/10.1002/9780470114735.hawley05354,https://doi.org/10.1002/9780470114735.hawley05354,other,reference-entry,True,high,"Single entry in Hawley's Condensed Chemical Dictionary, a reference work ('Major Reference Works').",False,403,
https://openalex.org/W4232985051,https://doi.org/10.1108/s1474-787120150000025010,https://doi.org/10.1108/s1474-787120150000025010,other,paratext,True,high,Title 'Copyright Page' on page iv-iv is structural front-matter packaging the volume.,False,403,
https://openalex.org/W4230476558,https://doi.org/10.1002/9781118445112.stat04944,https://doi.org/10.1002/9781118445112.stat04944,other,reference-entry,True,high,"Page title ""Major Reference Works"" in Wiley StatsRef reference work identifies it as a reference-work entry.",False,403,
https://openalex.org/W4310287128,https://doi.org/10.1002/9783527834242.chf0239,https://doi.org/10.1002/9783527834242.chf0239,other,reference-entry,True,medium,"Wiley 'Major Reference Works' handbook entry with ISBN, og:type Chapter, fitting a reference-work entry.",False,403,
https://openalex.org/W4387892494,https://doi.org/10.1787/f36e5661-nl,https://doi.org/10.1787/f36e5661-nl,other,other,False,medium,OECD translated 'Summary in Dutch' of a report series is a miscellaneous summary record not fitting a specific scholarly type.,False,403,
https://openalex.org/W2490796878,https://doi.org/10.1017/cbo9780511495847.011,https://www.cambridge.org/core/books/abs/devil-and-demonism-in-early-modern-england/cambridge-studies-in-early-modern-british-history/3E343E59446795F8E2B2E10DA43C7DEE,other,paratext,True,high,"Title is the book-series listing ('Cambridge Studies in Early Modern British History') as back-matter pages within the volume, i.e. packaging rather than content.",False,200,
https://openalex.org/W4248714028,https://doi.org/10.1108/oxan-es207401,https://doi.org/10.1108/oxan-es207401,other,report,True,medium,"Oxford Analytica executive-summary briefing (dc.Type 'oxan-executive-summary') is an analytical agency report, not journal article.",False,403,
https://openalex.org/W2991311656,https://doi.org/10.4155/fseb2013.14.150,https://librarianresources.taylorandfrancis.com/future-science-group-platform-migration-library-guide/ebooks/,other,book-chapter,True,high,og:type 'Chapter' with ISBN container 'Nanoparticles for Biotherapeutic Delivery (Volume 1)' and pages 50-62.,False,200,
https://openalex.org/W4205791903,https://doi.org/10.1002/9780470117118.ch4c,https://doi.org/10.1002/9780470117118.ch4c,other,book-chapter,True,high,"DOI ch4c suffix, og:type 'Chapter', and citation_book_title within a Handbook indicate a book chapter.",False,403,
https://openalex.org/W4410626463,https://doi.org/10.5040/9798881813154.ch-2,https://www.bloomsburycollections.com/monograph-detail?docid=b-9798881813154&tocid=b-9798881813154-chapter2,other,book-chapter,True,high,"DOI .ch-2 with chapter2 tocid, page range 33-62, within monograph 'Spaces of Governmentality' having ISBN.",False,200,
https://openalex.org/W1491992919,https://doi.org/10.1002/9781118062050.ch1,https://doi.org/10.1002/9781118062050.ch1,other,book-chapter,True,high,"DOI ch1, citation_book_title 'Shape Casting' with og:type 'Chapter' and ISBN indicate a book chapter.",False,403,
https://openalex.org/W4240851143,https://doi.org/10.1002/9783527809080.cataz12679,https://doi.org/10.1002/9783527809080.cataz12679,other,reference-entry,True,high,"Short alphabetical entry ('PHAL, phal') in 'Catalysis from A to Z', a Major Reference Work, signals a reference-entry.",False,403,
https://openalex.org/W4207040577,https://doi.org/10.5040/9781509945900.ch-013,https://www.bloomsburycollections.com/monograph-detail?docid=b-9781509945900&tocid=b-9781509945900-chapter13,other,book-chapter,True,high,"DOI ch-013 suffix, page range 253-270 within an ISBN book container indicate a chapter.",False,200,
https://openalex.org/W4243525212,https://doi.org/10.7788/9783412512330.front,https://doi.org/10.7788/9783412512330.front,other,paratext,True,high,"Title ""Titelei"" (front matter/title page) with pages 1-4 in a book is structural packaging material.",False,403,
https://openalex.org/W4251760337,https://doi.org/10.5040/9781501329210-0003499,https://www.bloomsburymusicandsound.com/encyclopedia-chapter?docid=b-9781501329210&tocid=b-9781501329210-0003499,other,reference-entry,True,high,"Single entry 'Huayno' within the Bloomsbury Encyclopedia of Popular Music of the World, a reference work.",False,200,
https://openalex.org/W2488608133,https://doi.org/10.1002/9783527676019.ch1,https://doi.org/10.1002/9783527676019.ch1,other,book-chapter,True,high,"DOI .ch1, og:type ""Chapter"", and citation_book_title within an ISBN volume identify a book chapter.",False,403,
https://openalex.org/W3013214169,https://doi.org/10.1002/9781119315063.ch6,https://doi.org/10.1002/9781119315063.ch6,other,book-chapter,True,high,DOI .ch6 with citation_book_title and og:type=Chapter within an ISBN companion volume indicates a book chapter.,False,403,
https://openalex.org/W4205726317,https://doi.org/10.1002/9780470168110.ch5,https://doi.org/10.1002/9780470168110.ch5,other,book-chapter,True,high,DOI ch5 with citation_book_title and og:type 'Chapter' indicate a chapter within a book.,False,403,
https://openalex.org/W7144183672,https://doi.org/10.5040/9781350457706.ch-008,https://www.bloomsburycollections.com/monograph-detail?docid=b-9781350457706&tocid=b-9781350457706-chapter8,other,book-chapter,True,high,"DOI .ch-008, page range 195-226 within container book 'A History of Greece' with ISBN indicates a chapter.",False,200,
https://openalex.org/W4413720760,https://doi.org/10.1093/9780197831052.003.0011,https://doi.org/10.1093/9780197831052.003.0011,other,paratext,True,medium,"Title ""Endnotes"" is book back-matter packaging rather than substantive content, fitting paratext despite the chapter DOI.",False,403,
https://openalex.org/W4409930083,https://doi.org/10.5040/9781666996104.ch-3,https://www.bloomsburycollections.com/monograph-detail?docid=b-9781666996104&tocid=b-9781666996104-chapter3,other,book-chapter,True,high,"DOI .ch-3, page range 61-80 within a monograph container with ISBN indicates a book chapter.",False,200,
https://openalex.org/W7138851034,https://doi.org/10.5040/9798400619427.1078,https://www.bloomsburyhistory.com/encyclopedia-chapter?docid=b-9798400619427&tocid=b-9798400619427-chapterd213,other,reference-entry,True,high,URL 'encyclopedia-chapter' and an entry titled 'Rhode Island' within the reference work 'Black America' indicate a reference-entry.,False,200,
https://openalex.org/W1492800868,https://doi.org/10.1002/9781118900772.etrds0233,https://doi.org/10.1002/9781118900772.etrds0233,other,reference-entry,True,high,Wiley 'Major Reference Works' page with citation_book_title indicates an entry in a reference work.,False,403,
https://openalex.org/W4245815161,https://doi.org/10.5040/9781474227063.0010,https://www.bloomsburycollections.com/encyclopedia-chapter?docid=b-9781474227063&tocid=b-9781474227063-darby,other,reference-entry,True,medium,"Entry on a single geographer within the 'Geographers Biobibliographical Studies' reference work, and final URL labels it 'encyclopedia-chapter'.",False,200,
https://openalex.org/W4254015513,https://doi.org/10.1002/9781119198765.gloss,https://doi.org/10.1002/9781119198765.gloss,other,paratext,True,high,"Title ""Glossary"" with back-matter pages in a book is packaging/structural material, not content.",False,403,
https://openalex.org/W4252946335,https://doi.org/10.5040/9781350148161.ch-008,https://chooser.crossref.org/?doi=10.5040%2F9781350148161.ch-008,other,book-chapter,True,high,"DOI suffix .ch-008, pages 69-76 within a book container with ISBN indicates a single chapter.",False,200,
https://openalex.org/W4392990317,https://doi.org/10.5040/9798216019893.ch-011,https://www.bloomsburycollections.com/monograph-detail?docid=b-9798216019893&tocid=b-9798216019893-chapter11,other,book-chapter,True,high,"DOI .ch-011 with ISBN, pages 158-162, in monograph 'Strategy and the National Security Professional'—a concluding chapter within a book.",False,200,
https://openalex.org/W7127597049,https://doi.org/10.5040/9798216424017.ch-10,https://www.bloomsburycollections.com/monograph-detail?docid=b-9798216424017&tocid=b-9798216424017-chapter10,other,book-chapter,True,high,"DOI .ch-10 with ISBN, page range 105-118, and a chapter tocid within a monograph container indicate a book chapter.",False,200,
https://openalex.org/W4253169036,https://doi.org/10.1002/9781118458747.ch10,https://doi.org/10.1002/9781118458747.ch10,other,book-chapter,True,high,DOI .ch10 with og:type 'Chapter' and citation_book_title indicate a chapter in a handbook volume.,False,403,
https://openalex.org/W2498653034,https://doi.org/10.1017/cbo9781107444621.027,https://www.cambridge.org/core/books/abs/mission-from-cape-coast-castle-to-ashantee/dr-leachs-notice-of-reptiles-insects-c/5A2ABB8988BA0EEC7D5920F1AE65C9DC,other,book-chapter,True,high,citation_inbook_title shows it is a section within the book 'Mission from Cape Coast Castle to Ashantee' with page range 493-496.,False,200,
https://openalex.org/W1565451728,https://doi.org/10.1002/9781118312551.ch5,https://doi.org/10.1002/9781118312551.ch5,other,book-chapter,True,high,DOI suffix '.ch5' with pages 169-196 in book 'The Death of the Internet' (ISBN present) indicates a book chapter.,False,403,
https://openalex.org/W4234313226,https://doi.org/10.1002/9781119280989.ch0,https://doi.org/10.1002/9781119280989.ch0,other,book-chapter,True,high,"og:type=Chapter with citation_book_title and ISBN, multi-page (1-22) introduction chapter within a book.",False,403,
https://openalex.org/W4256142101,https://doi.org/10.5040/9781501365171.1063,https://chooser.crossref.org/?doi=10.5040%2F9781501365171.1063,other,reference-entry,True,high,Single-page entry 'corbel table' within 'The Fairchild Books Dictionary of Interior Design' is a dictionary entry.,False,200,
https://openalex.org/W4401261209,https://doi.org/10.5040/9789356408951.0009,https://www.bloomsburycollections.com/monograph-detail?docid=b-9789356408951&tocid=b-9789356408951-0001958,other,paratext,True,high,"""About the Editors and Contributors"" is structural front/back matter packaging the book, not content.",False,200,
https://openalex.org/W1543283558,https://doi.org/10.1002/9780470061602.eqf19010,https://doi.org/10.1002/9780470061602.eqf19010,other,reference-entry,True,high,"Entry within the Encyclopedia of Quantitative Finance, a reference work with ISBN.",False,403,
https://openalex.org/W4238412635,https://doi.org/10.1002/9783527675357.ch5,https://doi.org/10.1002/9783527675357.ch5,other,book-chapter,True,high,DOI .ch5 with og:type 'Chapter' and citation_book_title within an ISBN volume indicates a book chapter.,False,403,
https://openalex.org/W7115601635,https://doi.org/10.5040/9780755648603.ch-6,https://www.bloomsburycollections.com/monograph-detail?docid=b-9780755648603&tocid=b-9780755648603-chapter6,other,book-chapter,True,high,"DOI .ch-6 with ISBN, page range 141-160, and container book 'Al-Qaida after 9/11' indicate a chapter within a monograph.",False,200,
https://openalex.org/W4410664092,https://doi.org/10.5040/9781666990614.ch-005,https://www.bloomsburycollections.com/monograph-detail?docid=b-9781666990614&tocid=b-9781666990614-chapter5,other,book-chapter,True,high,"DOI suffix '.ch-005' plus ISBN, page range 77-92, and 'chapter5' in the Bloomsbury monograph URL indicate a book chapter.",False,200,
https://openalex.org/W4387273814,https://doi.org/10.5040/9798400681738.0007,https://www.bloomsburycollections.com/monograph-detail?docid=b-9798400681738&tocid=b-9798400681738-0001573,other,paratext,True,high,"Title ""Bibliography"" is back-matter packaging material within a book, not substantive content.",False,200,
https://openalex.org/W4229799664,https://doi.org/10.14220/9783737009430.11,https://doi.org/10.14220/9783737009430.11,other,editorial,True,medium,Title 'Vorwort' (preface/foreword) maps to editorial's explicit inclusion of prefaces/introductions.,False,403,
https://openalex.org/W4393209267,https://doi.org/10.5040/9781350890183.226841,https://www.bloomsburyvisualarts.com/article?docid=b-9781350890183&tocid=b-9781350890183-226841,other,reference-entry,True,medium,An individual entry ('Richard Osborn Fine Art') within the Bloomsbury Art Markets reference work with ISBN and tocid-based deep link.,False,200,
https://openalex.org/W4406711045,https://doi.org/10.5040/9781472827432.0011,https://www.bloomsburycollections.com/monograph-detail?docid=b-9781472827432&tocid=b-9781472827432-0004787,other,book-chapter,True,high,"Has ISBN, container is a book ('Destroyer USS Kidd'), page range 228-291, and Bloomsbury monograph-detail TOC URL indicate a chapter within a book.",False,200,
https://openalex.org/W4246198003,https://doi.org/10.5040/9781474267083.0008,https://chooser.crossref.org/?doi=10.5040%2F9781474267083.0008,other,book-chapter,True,high,ISBN-bearing titled section (pages 9–36) within the book 'Devising Theatre with Stan's Cafe' is a book chapter.,False,200,
https://openalex.org/W1489764429,https://doi.org/10.1002/9780470692455.ch6,https://doi.org/10.1002/9780470692455.ch6,other,book-chapter,True,high,"DOI suffix '.ch6' with ISBN, page range 138-156, and container 'The Shadow Side of Fieldwork' indicate a chapter within a book.",False,403,
https://openalex.org/W4233346281,https://doi.org/10.1002/9780470921340.fmatter,https://doi.org/10.1002/9780470921340.fmatter,other,paratext,True,high,Title 'Frontmatter' with DOI suffix .fmatter is structural front-matter packaging material.,False,403,
https://openalex.org/W4230840646,https://doi.org/10.1002/9781118896877.wbiehs534,https://doi.org/10.1002/9781118896877.wbiehs534,other,reference-entry,True,high,"Entry in 'The International Encyclopedia of Human Sexuality' (Major Reference Works), making it a reference-entry.",False,403,
https://openalex.org/W4417375826,https://doi.org/10.5040/9798881836276.ch5,https://www.bloomsburycollections.com/monograph-detail?docid=b-9798881836276&tocid=b-9798881836276-chapter5,other,book-chapter,True,high,"DOI ends in .ch5 with pages 37-52 within a book container with ISBN, indicating a book chapter.",False,200,
https://openalex.org/W4238577884,https://doi.org/10.5040/9781501365171.2797,https://chooser.crossref.org/?doi=10.5040%2F9781501365171.2797,other,reference-entry,True,high,Single-page entry within 'The Fairchild Books Dictionary of Interior Design' (encyclopedia-chapter URL) is one entry in a reference work.,False,200,
https://openalex.org/W2131004846,https://doi.org/10.1002/9781118007716.ch3,https://doi.org/10.1002/9781118007716.ch3,other,book-chapter,True,high,"DOI .ch3, og:type Chapter, and citation_book_title within a book ISBN indicate a book chapter.",False,403,
https://openalex.org/W4389588577,https://doi.org/10.5040/9798400631511.ch-018,https://www.bloomsburycollections.com/monograph-detail?docid=b-9798400631511&tocid=b-9798400631511-chapter18,other,book-chapter,True,high,"DOI suffix '.ch-018', page range 347-366 within a monograph 'Contemporary Youth Activism' with ISBN indicates a book chapter.",False,200,
https://openalex.org/W4415853097,https://doi.org/10.5040/9781350601529.396,https://www.dramaonlinelibrary.com/dictionary-article?docid=b-9781350601529&tocid=b-9781350601529-0003270,other,reference-entry,True,high,Single-page entry in 'The Arden Encyclopedia of Shakespeare's Language' accessed via a dictionary-article URL.,False,200,
https://openalex.org/W4242709697,https://doi.org/10.1017/9789048515264.002,https://www.cambridge.org/core/books/abs/mobile-screens/panoramic-complex/848129AB9F2DDD4AF2384ECA7A007D4C,other,book-chapter,True,high,"Page title says ""Panoramic Complex (Chapter 1)"" within the book Mobile Screens, with citation_inbook_title and page range 27-50.",False,200,
https://openalex.org/W4312539576,https://doi.org/10.1787/eag-2016-graph190-en,https://doi.org/10.1787/eag-2016-graph190-en,other,other,False,medium,"Record is a single standalone graph/figure ('Trends in...NEETs') extracted from an OECD book, fitting no specific type.",False,403,
https://openalex.org/W4406770185,https://doi.org/10.5040/9781805017073.0017,https://www.jkplibrary.com/monograph-detail?docid=b-9781805017073&tocid=b-9781805017073-0000684,other,book-chapter,True,medium,"DOI carries a book ISBN with a chapter suffix (.0017) within a monograph, indicating a section/chapter within a book.",False,200,
https://openalex.org/W4410685748,https://doi.org/10.5040/9798881812607.ch-011,https://www.bloomsburycollections.com/monograph-detail?docid=b-9798881812607&tocid=b-9798881812607-chapter11,other,book-chapter,True,high,DOI .ch-011 with page range 199-214 in monograph 'Haunted Landscapes' (ISBN present) is a book chapter.,False,200,
https://openalex.org/W4409929626,https://doi.org/10.5040/9781978721326.ch-006,https://www.bloomsburycollections.com/monograph-detail?docid=b-9781978721326&tocid=b-9781978721326-chapter6,other,book-chapter,True,high,DOI .ch-006 with page range 55-64 within a monograph container and ISBN indicates a book chapter.,False,200,
https://openalex.org/W4414867207,https://doi.org/10.1002/9783527842346.ch11,https://doi.org/10.1002/9783527842346.ch11,other,book-chapter,True,high,"DOI .ch11 with citation_book_title and og:type ""Chapter"" plus page range 207-222 indicate a book chapter.",False,403,
https://openalex.org/W2953584653,https://doi.org/10.1017/9781780687988.022,https://www.cambridge.org/core/books/abs/limits-of-criminal-law/countering-terrorism-at-the-limits-of-criminal-liability-in-germany/2F8C9FE96B6975877A14ABA216564442,other,book-chapter,True,high,"Page title says ""(Chapter 21)"" within the book ""The Limits of Criminal Law,"" with citation_inbook_title metadata.",False,200,
https://openalex.org/W4226261807,https://doi.org/10.1787/a1d00ed8-en,https://doi.org/10.1787/a1d00ed8-en,other,book-chapter,True,medium,"A titled section within the OECD book-series volume 'National Accounts of OECD Countries' (cr_type book with ISBN), i.e. a chapter-level entry.",False,403,
https://openalex.org/W2496063144,https://doi.org/10.1017/cbo9780511707711.014,https://www.cambridge.org/core/books/abs/christ-st-francis-and-today/works-by-the-same-author/3444DA1FAD31730B94C3ED0CCC42A4C8,other,paratext,True,high,"""Works by the same author"" is a single-page back-matter listing packaging the book, not content.",False,200,
https://openalex.org/W4220778402,https://doi.org/10.46692/9781447319436.016,https://chooser.crossref.org/?doi=10.46692%2F9781447319436.016,other,book-chapter,True,high,"Page range within an ISBN book ""Policy for Play"" with citation_inbook_title metadata marks this as a chapter.",False,200,
https://openalex.org/W4415860247,https://doi.org/10.5040/9781350601529.2875,https://www.dramaonlinelibrary.com/dictionary-article?docid=b-9781350601529&tocid=b-9781350601529-0020832,other,reference-entry,True,high,Single-page entry in 'The Arden Encyclopedia of Shakespeare's Language' with a dictionary-article landing URL.,False,200,
https://openalex.org/W4391231009,https://doi.org/10.1002/9781119901280.ch12,https://doi.org/10.1002/9781119901280.ch12,other,book-chapter,True,high,"DOI ch12, og:type=Chapter and citation_book_title indicate a chapter within a book.",False,403,
https://openalex.org/W4385596462,https://doi.org/10.5040/9798216003557.ch-014,https://www.bloomsburycollections.com/monograph-detail?docid=b-9798216003557&tocid=b-9798216003557-chapter14,other,book-chapter,True,high,DOI .ch-014 with book container 'The Puzzle of the American Economy' and ISBN marks this 'Conclusion' as a chapter within a monograph.,False,200,
https://openalex.org/W2463280483,https://doi.org/10.1002/9781119942634.ch17,https://doi.org/10.1002/9781119942634.ch17,other,book-chapter,True,high,DOI suffix '.ch17' with ISBN and a book container 'The Future of Finance after SEPA' indicates a chapter within a book.,False,403,
https://openalex.org/W4415050677,https://doi.org/10.1002/9781394355075.ch14,https://doi.org/10.1002/9781394355075.ch14,other,book-chapter,True,high,"DOI .ch14 with ISBN, og:type Chapter and citation_book_title indicate a chapter in an edited book.",False,403,
https://openalex.org/W4232697326,https://doi.org/10.1002/9781118849897.ch58,https://doi.org/10.1002/9781118849897.ch58,other,book-chapter,True,high,"DOI .ch58 with ISBN, citation_book_title and og:type=Chapter indicate a chapter within a book.",False,403,
https://openalex.org/W4408619761,https://doi.org/10.5040/9798881819125.ch-005,https://chooser.crossref.org/?doi=10.5040%2F9798881819125.ch-005,other,book-chapter,True,high,"DOI suffix '.ch-005', page range 131-164, ISBN, and container 'Cuban Flute Style' with a chapter-encyclopedia URL indicate a chapter within a book.",False,200,
https://openalex.org/W4285275884,https://doi.org/10.5040/9781350204324.ch-002.8,https://chooser.crossref.org/?doi=10.5040%2F9781350204324.ch-002.8,other,book-chapter,True,high,"DOI contains 'ch-002', has ISBN, page range 141-148 within book 'The Playwright's Manifesto'.",False,200,
https://openalex.org/W4245254366,https://doi.org/10.1787/eco_surveys-fra-2017-graph69-en,https://doi.org/10.1787/eco_surveys-fra-2017-graph69-en,other,supplementary-materials,True,medium,"DOI suffix ""graph69"" and the indicator title mark this as a single figure/chart subordinate to the OECD economic survey volume.",False,403,
https://openalex.org/W2760198762,https://doi.org/10.1090/conm/442/08531,https://connect.liblynx.com/wayf/6a43cbe0f600945a00a3ff1f29b3372d,other,book-chapter,True,medium,"Has ISBN and page range within the AMS book volume 'Lie Algebras, Vertex Operator Algebras and Their Applications,' indicating a chapter in a book.",False,200,
https://openalex.org/W2504684228,https://doi.org/10.1002/9781119202783.ch9,https://doi.org/10.1002/9781119202783.ch9,other,book-chapter,True,high,"DOI .ch9, og:type=Chapter, citation_book_title=Naked Forex with citation_title=The Big Belt indicates a book chapter.",False,403,
https://openalex.org/W4238598966,https://doi.org/10.1002/9783527678679.dg10871,https://doi.org/10.1002/9783527678679.dg10871,other,reference-entry,True,high,"Single-page entry titled 'RESites' within a dictionary (Major Reference Works), i.e. one entry in a reference work.",False,,
https://openalex.org/W4409925349,https://doi.org/10.5040/9781978721012.ch-13,https://www.bloomsburycollections.com/monograph-detail?docid=b-9781978721012&tocid=b-9781978721012-chapter13,other,book-chapter,True,high,DOI .ch-13 with page range 193-210 in book container 'Moved by the Spirit' with ISBN indicates a chapter.,False,200,
https://openalex.org/W4415922432,https://doi.org/10.5040/9781474269728.825,https://www.bloomsburyfashioncentral.com/dictionary-article?docid=b-9781474269728&tocid=b-9781474269728-0005596,other,,,,,,200,"BadRequestError: Error code: 400 - {'type': 'error', 'error': {'type': 'invalid_request_error', 'message': 'Grammar compilation timed out.'}, 'request_id': 'req_011CcZapJ69GAMuLAHRqRqKm'}"
https://openalex.org/W4322719695,https://doi.org/10.1042/bsr-2016-0521_ret,https://doi.org/10.1042/bsr-2016-0521_ret,retraction,retraction,False,high,Title begins 'Retraction:' and DOI suffix _RET indicates a retraction notice.,False,403,
https://openalex.org/W4247355983,https://doi.org/10.1158/0008-5472.can-18-1166,https://doi.org/10.1158/0008-5472.can-18-1166,retraction,retraction,False,high,"Title begins ""Retraction:"" with single page and one reference citing the original work.",False,403,
https://openalex.org/W4392138532,https://doi.org/10.1111/jcmm.18188,https://doi.org/10.1111/jcmm.18188,retraction,retraction,False,high,"Title and page title begin with ""Retraction:"" citing the original work, signaling a retraction notice.",False,403,
https://openalex.org/W4309467792,https://doi.org/10.1155/2022/9835620,https://doi.org/10.1155/2022/9835620,retraction,retraction,False,high,dc.type=Retraction and title prefixed 'Retracted:' on a single-page notice make this a retraction notice.,False,403,
https://openalex.org/W4389130256,https://doi.org/10.1155/2023/9854915,https://doi.org/10.1155/2023/9854915,retraction,retraction,False,high,"Title begins ""Retracted:"" and dc.type is ""Retraction,"" marking this as the retraction notice.",False,403,
https://openalex.org/W2510697315,https://doi.org/10.1007/s11096-016-0361-y,https://link.springer.com/article/10.1007/s11096-016-0361-y,retraction,retraction,False,high,Title begins 'Retraction Note to:' indicating a retraction notice for the original work.,False,200,
https://openalex.org/W4391223077,https://doi.org/10.1155/2024/9818926,https://doi.org/10.1155/2024/9818926,retraction,retraction,False,high,"Title begins 'Retracted:' and citation_title names a withdrawn article, identifying this as a retraction notice.",False,403,
https://openalex.org/W4387610939,https://doi.org/10.1016/j.lfs.2023.122175,https://linkinghub.elsevier.com/retrieve/pii/S002432052300810X,retraction,retraction,False,high,"Title begins ""Retraction notice to"" citing the original article, the defining signal for a retraction notice.",False,200,
https://openalex.org/W3124479683,https://doi.org/10.1039/d1ra90026a,https://doi.org/10.1039/d1ra90026a,retraction,retraction,False,high,"Title and page begin with ""Retraction:"" citing the original work, the canonical retraction-notice signal.",False,403,
https://openalex.org/W4220755696,https://doi.org/10.7759/cureus.r48,https://www.cureus.com/articles/58019-comparison-of-challenges-and-problems-encountered-in-the-practice-of-exclusive-breast-feeding-by-primiparous-and-multiparous-women-in-rural-areas-of-sindh-pakistan-a-cross-sectional-study/retraction,retraction,retraction,False,high,"Page title and URL begin with 'Retraction:' citing the original work, marking this as a retraction notice.",False,200,
https://openalex.org/W3021226447,https://doi.org/10.1186/s40001-017-0267-8,https://link.springer.com/article/10.1186/s40001-017-0267-8,retraction,retraction,False,high,"Title begins ""Retraction Note to:"" citing the withdrawn original work, marking it as a retraction notice.",False,200,
https://openalex.org/W4231932891,https://doi.org/10.1371/journal.pone.0160297,https://journals.plos.org/plosone/article?id=10.1371/journal.pone.0160297,retraction,retraction,False,high,"Title begins ""Retraction:"" citing the original work, marking it as a retraction notice.",False,200,
https://openalex.org/W4387329937,https://doi.org/10.1155/2023/9819010,https://doi.org/10.1155/2023/9819010,retraction,retraction,False,high,dc.type=Retraction and title prefixed 'Retracted:' indicate a retraction notice.,False,403,
https://openalex.org/W4252092727,https://doi.org/10.1177/0748233716683107,https://doi.org/10.1177/0748233716683107,retraction,retraction,False,high,"Title ""Retraction notice"" and dc.Type ""retraction"" identify a withdrawal notice.",False,403,
https://openalex.org/W4387331019,https://doi.org/10.1155/2023/9781063,https://doi.org/10.1155/2023/9781063,retraction,retraction,False,high,"dc.type ""Retraction"" and title prefix ""Retracted:"" identify this as a retraction notice.",False,403,
https://openalex.org/W4389583357,https://doi.org/10.4103/jpbs.jpbs_1239_23,https://journals.lww.com/jpbs/fulltext/2023/15040/retraction__the_effects_of_fixed_versus_removable.8.aspx,retraction,retraction,False,high,"Title begins ""Retraction:"" and cites the withdrawn original work, marking it a retraction notice.",False,200,
https://openalex.org/W4387329917,https://doi.org/10.1155/2023/9898736,https://doi.org/10.1155/2023/9898736,retraction,retraction,False,high,"dc.type=Retraction and title prefixed ""Retracted:"" confirm a retraction notice.",False,403,
https://openalex.org/W2893979536,https://doi.org/10.1007/s00204-018-2312-y,https://link.springer.com/article/10.1007/s00204-018-2312-y,retraction,retraction,False,high,Title 'Retraction Note to:' and oa_is_retracted indicate a retraction notice citing the withdrawn work.,False,200,
https://openalex.org/W4309924730,https://doi.org/10.1155/2022/9761943,https://doi.org/10.1155/2022/9761943,retraction,retraction,False,high,"Title begins ""Retracted:"" and dc.type is ""Retraction"", marking this as a retraction notice.",False,403,
https://openalex.org/W2579582782,https://doi.org/10.1007/s40615-016-0330-0,https://link.springer.com/article/10.1007/s40615-016-0330-0,retraction,article,True,high,"dc.type=OriginalPaper with 23 references and abstract is the retracted original article itself, not the retraction notice.",False,200,
https://openalex.org/W4381989264,https://doi.org/10.1155/2023/9759146,https://doi.org/10.1155/2023/9759146,retraction,retraction,False,high,dc.type=Retraction and title begins 'Retracted:' confirm this is a retraction notice.,False,403,
https://openalex.org/W2174182788,https://doi.org/10.1016/j.apjtm.2015.10.010,https://linkinghub.elsevier.com/retrieve/pii/S1995764515001674,retraction,article,True,high,"Full original research article (abstract, 30 refs, pages 976-982) that was retracted; the retracted work itself keeps type article, not retraction.",False,200,
https://openalex.org/W4388124593,https://doi.org/10.1155/2023/9823874,https://doi.org/10.1155/2023/9823874,retraction,retraction,False,high,"Title prefix ""Retracted:"" and dc.type ""Retraction"" identify this as a retraction notice.",False,403,
https://openalex.org/W4389668157,https://doi.org/10.1155/2023/9840191,https://doi.org/10.1155/2023/9840191,retraction,retraction,False,high,"dc.type ""Retraction"" and title prefix ""Retracted:"" mark this as a retraction notice.",False,403,
https://openalex.org/W4389127054,https://doi.org/10.1155/2023/9825325,https://doi.org/10.1155/2023/9825325,retraction,retraction,False,high,"Title prefix ""Retracted:"" and dc.type=""Retraction"" identify this as a retraction notice.",False,403,
https://openalex.org/W4389126857,https://doi.org/10.1155/2023/9830270,https://doi.org/10.1155/2023/9830270,retraction,retraction,False,high,"Title begins ""Retracted:"" and dc.type is ""Retraction,"" marking this as a retraction notice.",False,403,
https://openalex.org/W4390702495,https://doi.org/10.1155/2024/9851527,https://doi.org/10.1155/2024/9851527,retraction,retraction,False,high,"Title begins 'Retracted:' with single page and one reference, indicating a retraction notice.",False,403,
https://openalex.org/W4384821263,https://doi.org/10.1155/2023/9835478,https://doi.org/10.1155/2023/9835478,retraction,retraction,False,high,"Title begins ""Retracted:"" and dc.type is ""Retraction"", marking this as a retraction notice.",False,403,
https://openalex.org/W4389381552,https://doi.org/10.1155/2023/9757958,https://onlinelibrary.wiley.com/action/cookieAbsent,retraction,retraction,False,high,"dc.type ""Retraction"" and title prefix ""Retracted:"" identify this as a retraction notice.",False,200,
https://openalex.org/W4389126839,https://doi.org/10.1155/2023/9841717,https://doi.org/10.1155/2023/9841717,retraction,retraction,False,high,"Title prefix ""Retracted:"" and dc.type ""Retraction"" identify this as a retraction notice.",False,403,
https://openalex.org/W4390696142,https://doi.org/10.1155/2024/9842453,https://doi.org/10.1155/2024/9842453,retraction,retraction,False,high,"Title begins ""Retracted:"" and dc.type is ""Retraction,"" identifying this as a retraction notice.",False,403,
https://openalex.org/W4239795189,https://doi.org/10.1080/10790268.2018.1473673,https://doi.org/10.1080/10790268.2018.1473673,retraction,retraction,False,high,Title 'Statement of Retraction' and dc.Type='retraction' identify a retraction notice.,False,403,
https://openalex.org/W2625604275,https://doi.org/10.1016/j.jtcvs.2017.06.017,https://linkinghub.elsevier.com/retrieve/pii/S0022522317311947,retraction,article,True,medium,"""WITHDRAWN:"" prefix on an original research title with 19 refs is the withdrawn article itself, not a separate retraction notice.",False,200,
https://openalex.org/W4384024453,https://doi.org/10.1155/2023/9756402,https://doi.org/10.1155/2023/9756402,retraction,retraction,False,high,dc.type 'Retraction' and title begins with 'Retracted:' indicating a retraction notice.,False,403,
https://openalex.org/W4254967796,https://doi.org/10.1089/dna.2017.3798.retract,https://doi.org/10.1089/dna.2017.3798.retract,retraction,retraction,False,high,"Title ""Retraction of:"" and dc.Type=retraction identify a retraction notice.",False,403,
https://openalex.org/W2328700267,https://doi.org/10.3389/fnins.2015.00460,https://www.frontiersin.org/journals/neuroscience/articles/10.3389/fnins.2015.00460/full,retraction,retraction,False,high,"Title explicitly begins with ""Retraction:"" citing the original work, a retraction notice.",False,200,
https://openalex.org/W4406002533,https://doi.org/10.1186/s13223-024-00946-z,https://link.springer.com/10.1186/s13223-024-00946-z,retraction,retraction,False,high,Title begins 'Retraction Note:' citing the withdrawn original work.,False,200,
https://openalex.org/W2794257656,https://doi.org/10.3892/ol.2018.7943,https://www.spandidos-publications.com/10.3892/ol.2018.7943,retraction,review,True,medium,"Title 'Pediatric sarcomas (Review)' identifies it as a review article (the retracted publication keeps its own type, distinct from a retraction notice).",False,200,
https://openalex.org/W2613799566,https://doi.org/10.1186/s13033-017-0162-2,https://link.springer.com/article/10.1186/s13033-017-0162-2,retraction,retraction,False,high,"Title begins ""Retraction Note to:"" announcing withdrawal of the original work.",False,200,
https://openalex.org/W4381950230,https://doi.org/10.1155/2023/9898067,https://doi.org/10.1155/2023/9898067,retraction,retraction,False,high,"Title prefixed ""Retracted:"" and dc.type is ""Retraction"", marking this as a retraction notice.",False,403,
https://openalex.org/W4387523454,https://doi.org/10.1155/2023/9890718,https://doi.org/10.1155/2023/9890718,retraction,retraction,False,high,"dc.type is 'Retraction' and title begins 'Retracted:', identifying this as a retraction notice.",False,403,
https://openalex.org/W4366351983,https://doi.org/10.1371/journal.pone.0284067,https://journals.plos.org/plosone/article?id=10.1371/journal.pone.0284067,retraction,retraction,False,high,"Title begins ""Retraction:"" citing the original ethnobotanical study, marking it as a retraction notice.",False,200,
https://openalex.org/W4306696551,https://doi.org/10.1038/s41467-022-33608-y,https://www.nature.com/articles/s41467-022-33608-y,retraction,retraction,False,high,Title 'Retraction Note:' identifies this as a retraction notice withdrawing the original work.,False,200,
https://openalex.org/W4289637694,https://doi.org/10.1371/journal.pone.0272194,https://journals.plos.org/plosone/article?id=10.1371/journal.pone.0272194,retraction,retraction,False,high,"Title begins ""Retraction:"" citing the original article, identifying it as a retraction notice.",False,200,
https://openalex.org/W4213436775,https://doi.org/10.1002/jcp.30438,https://onlinelibrary.wiley.com/action/cookieAbsent,retraction,retraction,False,high,"Title and page title ""Retraction"" with single-page notice in a journal indicate a retraction notice.",False,200,
https://openalex.org/W4387164762,https://doi.org/10.1093/postmj/qgad079,https://doi.org/10.1093/postmj/qgad079,retraction,retraction,False,high,"Title prefixed ""Retracted:"" with single-page notice and retracted flag indicates a retraction notice.",False,403,
https://openalex.org/W4385286269,https://doi.org/10.1155/2023/9848510,https://doi.org/10.1155/2023/9848510,retraction,retraction,False,high,"Title begins ""Retracted:"" and dc.type is ""Retraction,"" marking this as the retraction notice.",False,403,
https://openalex.org/W3124702609,https://doi.org/10.1038/s41598-020-80528-2,https://www.nature.com/articles/s41598-020-80528-2,retraction,retraction,False,high,"Title ""Retraction Note:"" identifies this as a retraction notice withdrawing the original work.",False,200,
https://openalex.org/W4396598545,https://doi.org/10.1177/15330338241240520,https://doi.org/10.1177/15330338241240520,retraction,retraction,False,high,"Title begins ""Retracted:"" and dc.Type meta is ""retraction.""",False,403,
https://openalex.org/W4221094928,https://doi.org/10.1038/s41598-022-09103-1,https://www.nature.com/articles/s41598-022-09103-1,retraction,retraction,False,high,"Title begins 'Retraction Note:' and cites the original work, marking it as a retraction notice.",False,200,
https://openalex.org/W4403748890,https://doi.org/10.1021/acs.langmuir.4c04133,https://doi.org/10.1021/acs.langmuir.4c04133,retraction,retraction,False,high,"Title begins ""Retraction of..."" and dc.Type meta is ""retraction.""",False,403,
https://openalex.org/W4319298158,https://doi.org/10.3892/or.2023.8493,https://www.spandidos-publications.com/10.3892/or.2023.8493,retraction,article,True,high,"Title is a full original research paper (the retracted article itself keeps its own type, not the retraction notice).",False,200,
https://openalex.org/W4389371231,https://doi.org/10.1155/2023/9758098,https://doi.org/10.1155/2023/9758098,retraction,retraction,False,high,"Title begins ""Retracted:"" and dc.type is ""Retraction,"" marking this as a retraction notice.",False,403,
https://openalex.org/W4293260147,https://doi.org/10.4103/0019-5545.249675,https://journals.lww.com/indianjpsychiatry/fulltext/2019/61010/retraction__the_princess_of_polka_dots__using_art.26.aspx,retraction,retraction,False,high,Title 'Retraction' with single reference citing original work and final URL containing 'retraction' confirms a retraction notice.,False,200,
https://openalex.org/W4234838885,https://doi.org/10.1371/journal.pone.0222287,https://journals.plos.org/plosone/article?id=10.1371/journal.pone.0222287,retraction,retraction,False,high,"Title begins ""Retraction:"" and cites the original work, a retraction notice.",False,200,
https://openalex.org/W4387088019,https://doi.org/10.1155/2023/9825804,https://doi.org/10.1155/2023/9825804,retraction,retraction,False,high,"Title prefix ""Retracted:"" and dc.type=Retraction identify this as a retraction notice.",False,403,
https://openalex.org/W2023404701,https://doi.org/10.1007/s12032-014-0436-3,https://link.springer.com/article/10.1007/s12032-014-0436-3,retraction,retraction,False,high,"Title and page title begin with 'Retraction Note to:', identifying it as a retraction notice.",False,200,
https://openalex.org/W4378349294,https://doi.org/10.1186/s13098-023-01094-x,https://link.springer.com/10.1186/s13098-023-01094-x,retraction,retraction,False,high,"Title is 'Retraction Note:' citing the withdrawn work, marking it a retraction notice.",False,200,
https://openalex.org/W4283810613,https://doi.org/10.1038/s41598-022-15966-1,https://www.nature.com/articles/s41598-022-15966-1,retraction,retraction,False,high,"Title ""Retraction Note:"" announces withdrawal of the original article.",False,200,
https://openalex.org/W4384819516,https://doi.org/10.1155/2023/9797209,https://doi.org/10.1155/2023/9797209,retraction,retraction,False,high,dc.type is Retraction and title begins 'Retracted:' citing the original work.,False,403,
https://openalex.org/W4404182175,https://doi.org/10.1186/s12903-024-05157-x,https://link.springer.com/10.1186/s12903-024-05157-x,retraction,retraction,False,high,"Title begins ""Retraction Note:"" indicating a retraction notice withdrawing the original article.",False,200,
https://openalex.org/W4385480284,https://doi.org/10.1155/2023/9761087,https://doi.org/10.1155/2023/9761087,retraction,retraction,False,high,"Title begins ""Retracted:"" and dc.type is ""Retraction,"" identifying this as a retraction notice.",False,403,
https://openalex.org/W2185380978,https://doi.org/10.3109/13685538.2013.799892,https://doi.org/10.3109/13685538.2013.799892,retraction,retraction,False,high,Title 'Statement of Retraction' and dc.Type 'retraction' confirm a retraction notice.,False,403,
https://openalex.org/W4385693170,https://doi.org/10.1155/2023/9789065,https://doi.org/10.1155/2023/9789065,retraction,retraction,False,high,"Title ""Retracted:"" and dc.type ""Retraction"" identify this as a retraction notice.",False,403,
https://openalex.org/W4232412739,https://doi.org/10.1259/bjr.20170942.r,https://doi.org/10.1259/bjr.20170942.r,retraction,retraction,False,high,"dc.Type meta tag and DOI suffix "".r"" indicate this is a retraction notice, single-page with no refs.",False,403,
https://openalex.org/W4293734604,https://doi.org/10.1186/s13046-022-02470-7,https://link.springer.com/10.1186/s13046-022-02470-7,retraction,retraction,False,high,"Title ""Retraction Note:"" announces withdrawal of the original article.",False,200,
https://openalex.org/W4310027110,https://doi.org/10.1155/2022/9823217,https://doi.org/10.1155/2022/9823217,retraction,retraction,False,high,dc.type=Retraction and title prefixed 'Retracted:' announcing withdrawal.,False,403,
https://openalex.org/W4387088518,https://doi.org/10.1155/2023/9872016,https://doi.org/10.1155/2023/9872016,retraction,retraction,False,high,"Title begins ""Retracted:"" and dc.type is ""Retraction,"" identifying this as a retraction notice.",False,403,
https://openalex.org/W4248341951,https://doi.org/10.3389/fnhum.2016.00515,https://www.frontiersin.org/journals/human-neuroscience/articles/10.3389/fnhum.2016.00515/full,retraction,retraction,False,high,"Title begins ""Retraction:"" announcing withdrawal of a previously published article.",False,200,
https://openalex.org/W4377824123,https://doi.org/10.1038/s41388-023-02720-8,https://www.nature.com/articles/s41388-023-02720-8,retraction,retraction,False,high,Title begins 'Retraction Note:' announcing withdrawal of the original work.,False,200,
https://openalex.org/W4251978699,https://doi.org/10.1042/bsr-20171615_ret,https://doi.org/10.1042/bsr-20171615_ret,retraction,retraction,False,high,Title and DOI suffix '_ret' both explicitly mark this as a retraction notice.,False,403,
https://openalex.org/W3034750124,https://doi.org/10.3390/insects11060360,https://doi.org/10.3390/insects11060360,retraction,retraction,False,high,"dc.type=Retraction and title begins ""Retraction:"" citing the original work.",False,403,
https://openalex.org/W4384819949,https://doi.org/10.1155/2023/9812726,https://doi.org/10.1155/2023/9812726,retraction,retraction,False,high,"Title prefix ""Retracted:"" and dc.type=""Retraction"" identify this as a retraction notice.",False,403,
https://openalex.org/W4308834299,https://doi.org/10.1080/01443615.2022.2144516,https://doi.org/10.1080/01443615.2022.2144516,retraction,retraction,False,high,Title 'Statement of Retraction' and dc.Type 'retraction' identify a retraction notice.,False,403,
https://openalex.org/W3216525820,https://doi.org/10.1038/s41396-021-01156-w,https://doi.org/10.1038/s41396-021-01156-w,retraction,retraction,False,high,"Title and page begin with ""Retraction Note:"" citing the withdrawn original work, the canonical retraction-notice signal.",False,403,
https://openalex.org/W4392973413,https://doi.org/10.1155/2024/9797654,https://doi.org/10.1155/2024/9797654,retraction,retraction,False,high,"dc.type ""Retraction"" and title prefix ""Retracted:"" identify this as a retraction notice.",False,403,
https://openalex.org/W4388124601,https://doi.org/10.1155/2023/9764817,https://onlinelibrary.wiley.com/action/cookieAbsent,retraction,retraction,False,high,"Title begins ""Retracted:"" and dc.type is ""Retraction,"" marking this as a retraction notice.",False,200,
https://openalex.org/W4395466735,https://doi.org/10.1111/jcmm.18312,https://doi.org/10.1111/jcmm.18312,retraction,retraction,False,high,Title and page title begin with 'Retraction:' citing the withdrawn work.,False,403,
https://openalex.org/W4386090064,https://doi.org/10.1155/2023/9878673,https://doi.org/10.1155/2023/9878673,retraction,retraction,False,high,"Title begins ""Retracted:"" and dc.type is ""Retraction,"" marking this as a retraction notice.",False,403,
https://openalex.org/W4237098613,https://doi.org/10.1093/nar/gkt723,https://doi.org/10.1093/nar/gkt723,retraction,retraction,False,medium,"Single-page (9208-9208) notice with zero references in NAR carrying the original article's title, characteristic of a retraction notice.",False,403,
https://openalex.org/W4387523355,https://doi.org/10.1155/2023/9872648,https://doi.org/10.1155/2023/9872648,retraction,retraction,False,high,"dc.type is ""Retraction"" and title begins ""Retracted:"" — a retraction notice.",False,403,
https://openalex.org/W4295753358,https://doi.org/10.1371/journal.pone.0274198,https://journals.plos.org/plosone/article?id=10.1371/journal.pone.0274198,retraction,retraction,False,high,"Title and page title begin with 'Retraction:' citing the original work, a retraction notice.",False,200,
https://openalex.org/W4387088003,https://doi.org/10.1155/2023/9815835,https://doi.org/10.1155/2023/9815835,retraction,retraction,False,high,"Title begins 'Retracted:' and dc.type is 'Retraction', marking this as a retraction notice.",False,403,
https://openalex.org/W4400569734,https://doi.org/10.1007/s00264-024-06252-y,https://link.springer.com/10.1007/s00264-024-06252-y,retraction,retraction,False,high,"Title begins ""Retraction Note:"" and work is flagged retracted, marking it the retraction notice.",False,200,
https://openalex.org/W4391220928,https://doi.org/10.1155/2024/9850678,https://doi.org/10.1155/2024/9850678,retraction,retraction,False,high,"Title begins ""Retracted:"" and dc.type is ""Retraction,"" identifying a retraction notice.",False,403,
https://openalex.org/W4392973454,https://doi.org/10.1155/2024/9814716,https://doi.org/10.1155/2024/9814716,retraction,retraction,False,high,"Title begins ""Retracted:"" with single-page notice and one reference, marking it a retraction notice.",False,403,
https://openalex.org/W4393410493,https://doi.org/10.1021/acsami.4c04346,https://doi.org/10.1021/acsami.4c04346,retraction,retraction,False,high,"Title and dc.Type both say ""Retraction of..."" citing the withdrawn original work.",False,403,
https://openalex.org/W4247686467,https://doi.org/10.1080/15287394.2019.1669991,https://doi.org/10.1080/15287394.2019.1669991,retraction,retraction,False,high,"Title and dc.Type both read ""Statement of Retraction"" citing the withdrawn original work.",False,403,
https://openalex.org/W4402613992,https://doi.org/10.1155/2024/9764184,https://doi.org/10.1155/2024/9764184,retraction,retraction,False,high,"Title and page title begin with ""RETRACTION:"" indicating a retraction notice.",False,403,
https://openalex.org/W4385266526,https://doi.org/10.1155/2023/9821086,https://doi.org/10.1155/2023/9821086,retraction,retraction,False,high,dc.type 'Retraction' and title prefix 'Retracted:' mark this as a retraction notice.,False,403,
https://openalex.org/W4235807583,https://doi.org/10.1371/journal.pone.0210343,https://journals.plos.org/plosone/article?id=10.1371/journal.pone.0210343,retraction,retraction,False,high,"Title begins ""Retraction:"" citing the original work, a retraction notice.",False,200,
https://openalex.org/W3013833915,https://doi.org/10.1016/j.pestbp.2020.02.009,https://linkinghub.elsevier.com/retrieve/pii/S0048357520300328,retraction,retraction,False,high,"Title begins ""Retraction notice to..."" citing the withdrawn original article.",False,200,
https://openalex.org/W2787312035,https://doi.org/10.1155/2015/714196,https://doi.org/10.1155/2015/714196,retraction,retraction,False,high,"Title begins ""Retracted:"" and dc.type is ""Retraction"", marking this as the retraction notice.",False,403,
https://openalex.org/W4245326274,https://doi.org/10.1371/journal.pone.0241463,https://journals.plos.org/plosone/article?id=10.1371/journal.pone.0241463,retraction,retraction,False,high,"Title begins ""Retraction:"" and cites the original work, a retraction notice.",False,200,
https://openalex.org/W4229052908,https://doi.org/10.1016/j.jclinane.2022.110802,https://linkinghub.elsevier.com/retrieve/pii/S0952818022001593,retraction,retraction,False,high,"Title explicitly reads ""Retraction notice to..."" citing the withdrawn original article.",False,200,
https://openalex.org/W4282916192,https://doi.org/10.1186/s41100-022-00416-5,https://link.springer.com/10.1186/s41100-022-00416-5,retraction,retraction,False,high,"Title ""Retraction Note:"" identifies this as a retraction notice for a previously published article.",False,200,
https://openalex.org/W2126463172,https://doi.org/10.4049/jimmunol.181.5.3137,https://doi.org/10.4049/jimmunol.181.5.3137,retraction,article,True,high,"Full research paper (pp.3137-3147, 62 refs, abstract) in J Immunol; oa_is_retracted flags it as the retracted work itself, which keeps its article type rather than being the retraction notice.",False,403,
https://openalex.org/W4387088081,https://doi.org/10.1155/2023/9856509,https://doi.org/10.1155/2023/9856509,retraction,retraction,False,high,"Title prefix ""Retracted:"" and dc.type ""Retraction"" identify this as a retraction notice.",False,403,
https://openalex.org/W4391753840,https://doi.org/10.3892/ol.2024.14283,https://www.spandidos-publications.com/10.3892/ol.2024.14283,retraction,article,True,medium,Title is a full original-research article (miR-1298 in cervical cancer with abstract) merely prefixed '[Retracted]'; the retracted work itself keeps its own type rather than being the retraction notice.,False,200,
https://openalex.org/W4390695383,https://doi.org/10.1155/2024/9835324,https://doi.org/10.1155/2024/9835324,retraction,retraction,False,high,"Title begins 'Retracted:' with single-page notice and one reference, marking it a retraction notice.",False,403,
https://openalex.org/W4285097533,https://doi.org/10.1016/j.lfs.2022.120748,https://linkinghub.elsevier.com/retrieve/pii/S0024320522004489,retraction,retraction,False,high,"Title begins 'Retraction notice to' citing the original work, defining it as a retraction notice.",False,200,
https://openalex.org/W4406179422,https://doi.org/10.1038/s41598-025-85406-3,https://www.nature.com/articles/s41598-025-85406-3,retraction,retraction,False,high,"Title begins 'Retraction Note:' and oa_is_retracted is true, identifying it as a retraction notice.",False,200,
https://openalex.org/W4200477484,https://doi.org/10.1042/bsr-2020-0302_ret,https://doi.org/10.1042/bsr-2020-0302_ret,retraction,retraction,False,high,Title and DOI suffix '_RET' identify this as a retraction notice citing the original work.,False,403,
https://openalex.org/W4212785623,https://doi.org/10.1111/1758-2229.12997,https://doi.org/10.1111/1758-2229.12997,retraction,,,,,,403,refusal
https://openalex.org/W4384008192,https://doi.org/10.1155/2023/9767182,https://doi.org/10.1155/2023/9767182,retraction,retraction,False,high,"dc.type=""Retraction"" and title begins ""Retracted:"" identify this as a retraction notice.",False,403,
https://openalex.org/W4234645675,https://doi.org/10.1002/chem.201203218,https://doi.org/10.1002/chem.201203218,retraction,retraction,False,high,"Title begins ""Retraction:"" citing the withdrawn article, a single-page notice.",False,403,
https://openalex.org/W4387524312,https://doi.org/10.1155/2023/9764352,https://doi.org/10.1155/2023/9764352,retraction,retraction,False,high,"dc.type=Retraction and title begins 'Retracted:', a retraction notice.",False,403,
https://openalex.org/W4383532461,https://doi.org/10.3389/fphar.2023.1252194,https://www.frontiersin.org/journals/pharmacology/articles/10.3389/fphar.2023.1252194/full,retraction,retraction,False,high,"Title begins ""Retraction:"" announcing withdrawal of a previously published article.",False,200,
https://openalex.org/W4251505699,https://doi.org/10.1074/jbc.rx120.015588,https://linkinghub.elsevier.com/retrieve/pii/S0021925817499716,retraction,retraction,False,high,"Title and DOI begin with ""Retraction:"" citing the withdrawn original work, single-page notice.",False,200,
https://openalex.org/W4383066948,https://doi.org/10.1016/j.jbc.2023.104985,https://linkinghub.elsevier.com/retrieve/pii/S0021925823020136,retraction,retraction,False,high,"Title begins 'Withdrawal:' citing the original article, signaling a retraction/withdrawal notice.",False,200,
https://openalex.org/W4387331113,https://doi.org/10.1155/2023/9783081,https://doi.org/10.1155/2023/9783081,retraction,retraction,False,high,"Title and dc.type both indicate ""Retraction"" notice with single page and one reference.",False,403,
https://openalex.org/W4310276909,https://doi.org/10.1155/2022/9807439,https://doi.org/10.1155/2022/9807439,retraction,retraction,False,high,dc.type 'Retraction' and title prefixed 'Retracted:' identify this as a retraction notice.,False,403,
https://openalex.org/W4384821964,https://doi.org/10.1155/2023/9814871,https://doi.org/10.1155/2023/9814871,retraction,retraction,False,high,dc.type 'Retraction' and title begins 'Retracted:' indicate a retraction notice.,False,403,
https://openalex.org/W4239408572,https://doi.org/10.2310/jim.0b013e31816c2094,https://doi.org/10.2310/jim.0b013e31816c2094,retraction,retraction,False,high,Title 'RETRACTION' with single reference citing the retracted original work indicates a retraction notice.,False,403,
https://openalex.org/W3174347628,https://doi.org/10.1038/s41598-021-92516-1,https://www.nature.com/articles/s41598-021-92516-1,retraction,retraction,False,high,"Title begins ""Retraction Note:"" announcing withdrawal of the original article.",False,200,
https://openalex.org/W4385633367,https://doi.org/10.3892/ijmm.2023.5290,https://www.spandidos-publications.com/10.3892/ijmm.2023.5290,retraction,article,True,high,"This is the original research article (now flagged retracted), not the retraction notice itself—the retracted work keeps its own type.",False,200,
https://openalex.org/W4386100327,https://doi.org/10.1155/2023/9761575,https://doi.org/10.1155/2023/9761575,retraction,retraction,False,high,"Title begins ""Retracted:"" and dc.type is ""Retraction,"" marking this as a retraction notice.",False,403,
https://openalex.org/W2769471548,https://doi.org/10.1016/j.freeradbiomed.2017.06.007,https://linkinghub.elsevier.com/retrieve/pii/S0891584917306408,retraction,retraction,False,high,Title begins 'Retraction notice to...' citing the original article.,False,200,
https://openalex.org/W4220890145,https://doi.org/10.1038/s41379-022-01072-0,https://linkinghub.elsevier.com/retrieve/pii/S0893395222000618,retraction,retraction,False,high,"Title begins 'Retraction Note to:' citing the withdrawn article, marking it as a retraction notice.",False,200,
https://openalex.org/W4389386233,https://doi.org/10.2147/dddt.s453387,https://www.dovepress.com/retraction-solasodine-isolated-from-solanum-sisymbriifolium-fruits-has-peer-reviewed-fulltext-article-DDDT,retraction,retraction,False,high,"Title and page title explicitly state '[Retraction]'/'Retraction for the article', a withdrawal notice.",False,200,
https://openalex.org/W4245090400,https://doi.org/10.4012/dmj.2011-138-e,https://www.jstage.jst.go.jp/article/dmj/33/1/33_2011-138-e/_article,retraction,retraction,False,high,"Title and page title begin with ""Retraction:"" citing the original work, the defining signal for a retraction notice.",False,200,
https://openalex.org/W4404468376,https://doi.org/10.1021/jacs.4c11001,https://pubs.acs.org/doi/10.1021/jacs.4c11001,retraction,retraction,False,high,"Title begins with ""Retraction of"" and dc.Type meta is ""retraction"" on a live page.",False,200,
https://openalex.org/W4388125223,https://doi.org/10.1155/2023/9765218,https://doi.org/10.1155/2023/9765218,retraction,retraction,False,high,"dc.type is ""Retraction"" and title begins ""Retracted:"" announcing withdrawal of the original work.",False,403,
https://openalex.org/W3131462062,https://doi.org/10.1016/j.earlhumdev.2020.105205,https://linkinghub.elsevier.com/retrieve/pii/S0378378220306897,retraction,editorial,True,low,"The 'WITHDRAWN:' prefix marks this as the withdrawn original work itself (not a retraction notice), and its opinion-piece title/single-page commentary form points to editorial.",False,200,
https://openalex.org/W2328041428,https://doi.org/10.4103/0019-5154.152545,https://journals.lww.com/ijd/fulltext/2015/60020/gender_differences_in_depression_and_anxiety_among.27.aspx,retraction,retraction,False,high,Title explicitly says 'Retraction' with single-page notice and one reference citing the retracted work.,False,200,
https://openalex.org/W2012517631,https://doi.org/10.3390/foods2030350,https://doi.org/10.3390/foods2030350,retraction,retraction,False,high,"dc.type ""Retraction"" and title ""Retraction: Adyel et al..."" cite the withdrawn work.",False,403,
https://openalex.org/W4321327315,https://doi.org/10.1155/2023/9860913,https://doi.org/10.1155/2023/9860913,retraction,retraction,False,high,"Title prefix ""Retracted:"" and dc.type ""Retraction"" identify this as a retraction notice.",False,403,
https://openalex.org/W4389948950,https://doi.org/10.3389/pore.2023.1611616,https://www.por-journal.com/journals/pathology-and-oncology-research/articles/10.3389/pore.2023.1611616/full,retraction,retraction,False,high,"Title begins ""Retraction:"" and oa_is_retracted flag with 0 refs marks it as the retraction notice.",False,200,
https://openalex.org/W4377565857,https://doi.org/10.1042/bsr-2018-0532_ret,https://doi.org/10.1042/bsr-2018-0532_ret,retraction,retraction,False,high,"Title begins ""Retraction:"" and DOI suffix _RET signals this is a retraction notice.",False,403,
https://openalex.org/W4386735051,https://doi.org/10.1155/2023/9798509,https://doi.org/10.1155/2023/9798509,retraction,retraction,False,high,"dc.type is ""Retraction"" and title begins ""Retracted:"", a retraction notice.",False,403,
https://openalex.org/W4293215522,https://doi.org/10.1080/14787210.2022.2115244,https://doi.org/10.1080/14787210.2022.2115244,retraction,retraction,False,high,Title 'Statement of Retraction' and dc.Type 'retraction' identify this as a retraction notice.,False,403,
https://openalex.org/W4289947496,https://doi.org/10.1208/s12249-022-02354-1,https://link.springer.com/10.1208/s12249-022-02354-1,retraction,retraction,False,high,Title 'Retraction Note:' and citing one original work mark this as a retraction notice despite dc.type=Erratum.,False,200,
https://openalex.org/W4387736208,https://doi.org/10.1155/2023/9859507,https://doi.org/10.1155/2023/9859507,retraction,retraction,False,high,"dc.type is ""Retraction"" and title begins ""Retracted:"" indicating a retraction notice.",False,403,
https://openalex.org/W4402557494,https://doi.org/10.18632/oncotarget.28649,https://www.oncotarget.com/article/28649/pdf/,retraction,retraction,False,high,"Title and dc.type.articletype both state ""Retraction,"" matching the retraction-notice type.",False,200,
https://openalex.org/W1976970943,https://doi.org/10.1186/1740-2557-5-5,https://jautoimdis.biomedcentral.com/articles/10.1186/1740-2557-5-5,retraction,retraction,False,high,"Title and page begin with ""Retraction Note to:"" citing the withdrawn original work, identifying this as a retraction notice.",False,200,
https://openalex.org/W2773544298,https://doi.org/10.1128/jvi.01708-17,https://doi.org/10.1128/jvi.01708-17,retraction,retraction,False,high,"Title begins ""Retraction for..."" and dc.Type meta is ""retraction.""",False,403,
https://openalex.org/W4401786629,https://doi.org/10.3892/etm.2024.12694,https://www.spandidos-publications.com/10.3892/etm.2024.12694,retraction,article,True,high,"This is the original retracted research paper (single-page abstract-bearing journal article), not the retraction notice, so it keeps its intrinsic type article.",False,200,
https://openalex.org/W4256268766,https://doi.org/10.1084/jem.2012148612112018r,https://doi.org/10.1084/jem.2012148612112018r,retraction,retraction,False,high,"Title begins 'Retraction:' citing the withdrawn original work, the canonical retraction-notice signal.",False,403,
https://openalex.org/W4376956842,https://doi.org/10.3389/fncom.2023.1215827,https://www.frontiersin.org/journals/computational-neuroscience/articles/10.3389/fncom.2023.1215827/full,retraction,retraction,False,high,"Title begins 'Retraction:' citing the withdrawn original work, a retraction notice.",False,200,
https://openalex.org/W4213338374,https://doi.org/10.1111/ejn.15484,https://doi.org/10.1111/ejn.15484,retraction,retraction,False,high,"Title begins 'Retraction statement:' and single-page notice, marking it a retraction notice.",False,403,
https://openalex.org/W4389991182,https://doi.org/10.1186/s12865-023-00594-9,https://link.springer.com/10.1186/s12865-023-00594-9,retraction,retraction,False,high,"Title begins ""Retraction Note:"" citing the withdrawn work, identifying it as a retraction notice.",False,200,
https://openalex.org/W4323314103,https://doi.org/10.3892/ol.2023.13743,https://www.spandidos-publications.com/10.3892/ol.2023.13743,retraction,article,True,medium,"Title is an original research paper ('Study of miR-143 expression...') merely flagged [Retracted]; the retracted work itself keeps type article, not the retraction-notice type.",False,200,
https://openalex.org/W4404822402,https://doi.org/10.1016/j.scitotenv.2024.177726,https://linkinghub.elsevier.com/retrieve/pii/S0048969724078835,retraction,retraction,False,high,"Title begins ""Retraction notice to..."" citing the withdrawn original article.",False,200,
https://openalex.org/W4380627540,https://doi.org/10.1371/journal.pone.0286773,https://journals.plos.org/plosone/article?id=10.1371/journal.pone.0286773,retraction,retraction,False,high,"Title begins ""Retraction:"" citing the original work, identifying it as a retraction notice.",False,200,
https://openalex.org/W4254527591,https://doi.org/10.1097/01.eja.0000429566.32523.19,https://journals.lww.com/ejanaesthesiology/fulltext/2013/05000/milrinone_enhances_the_contractility_of_fatigued.28.aspx,retraction,retraction,False,low,"Single-page short notice (264-264) with title echoing the original article in a journal known for retraction notices, consistent with a retraction record.",False,200,
https://openalex.org/W1993236158,https://doi.org/10.3892/ijo.2016.3737,https://www.spandidos-publications.com/10.3892/ijo.2016.3737,retraction,article,True,medium,"Title and abstract describe an original research study (the retracted publication itself, which keeps its article type), not a retraction notice.",False,200,
https://openalex.org/W4206698330,https://doi.org/10.1002/jcb.30056,https://doi.org/10.1002/jcb.30056,retraction,retraction,False,high,"Title ""Retraction"" with 0 refs in a journal marks this as a retraction notice.",False,403,
https://openalex.org/W4229080566,https://doi.org/10.1016/j.jclinane.2022.110820,https://linkinghub.elsevier.com/retrieve/pii/S0952818022001775,retraction,retraction,False,high,"Title begins ""Retraction notice to..."" citing the withdrawn original work.",False,200,
https://openalex.org/W4387524061,https://doi.org/10.1155/2023/9759842,https://doi.org/10.1155/2023/9759842,retraction,retraction,False,high,"dc.type is ""Retraction"" and title begins ""Retracted:"" indicating a retraction notice.",False,403,
https://openalex.org/W4234789721,https://doi.org/10.5812/atr.28500,https://doi.org/10.5812/atr.28500,retraction,retraction,False,high,Title prefixed 'Retracted:' with retraction flag set indicates a retraction notice.,False,,
https://openalex.org/W4256259025,https://doi.org/10.3403/30340794,https://knowledge.bsigroup.com:443/products/plastics-determination-of-fracture-toughness-g-sub-ic-sub-and-k-sub-ic-sub-at-moderately-high-loading-rates-1-m-s,standard,standard,False,high,BS ISO 17281:2018 from BSI is a formally issued SDO standard.,False,200,
https://openalex.org/W7118465159,https://doi.org/10.3403/30466024u,https://knowledge.bsigroup.com:443/products/geographic-information-calibration-and-validation-of-remote-sensing-data-and-derived-products-synthetic-aperture-radar-sar,standard,standard,False,high,Crossref type 'standard' and BSI Group standards landing page confirm a formally issued standard.,False,200,
https://openalex.org/W4213375993,https://doi.org/10.3403/30373796u,https://knowledge.bsigroup.com:443/products/measurement-of-the-complex-permittivity-for-low-loss-dielectric-substrates-balanced-type-circular-disk-resonator-method-2,standard,standard,False,high,BSI/IEC standard (BS EN IEC 63185) on BSI landing page confirms a formally issued standard.,False,200,
https://openalex.org/W4240548292,https://doi.org/10.3403/30340578,https://knowledge.bsigroup.com:443/products/round-and-sawn-timber-methods-of-measurements-features-and-biological-degradations,standard,standard,False,high,Crossref type 'standard' and BSI landing page for BS EN 1309-3:2018.,False,200,
https://openalex.org/W4293188143,https://doi.org/10.31003/uspnf_r2140_01_02,https://doi.usp.org/USPNF/USPNF_R2140_01_02.html,standard,standard,False,high,USP-NF monograph DOI with Crossref type 'standard' from a standards body.,False,200,
https://openalex.org/W4231459888,https://doi.org/10.3403/03008098u,https://knowledge.bsigroup.com:443/products/fixed-resistors-for-use-in-electronic-equipment-blank-detail-specification-fixed-surface-mount-resistor-networks-with-individually-measurable-resistors-assessment-level-ez,standard,standard,False,high,"BS EN standard from BSI standards body, confirmed by cr_type 'standard' and title.",False,200,
https://openalex.org/W4245483178,https://doi.org/10.3403/30149456u,https://knowledge.bsigroup.com:443/products/integrated-circuits-measurement-of-electromagnetic-immunity-150-khz-to-1-ghz-direct-rf-power-injection-method,standard,standard,False,high,Crossref type 'standard' and BS EN 62132-4 designation confirm a formally issued SDO standard.,False,200,
https://openalex.org/W4392779546,https://doi.org/10.3403/30432485,https://knowledge.bsigroup.com:443/products/plastics-piping-systems-for-water-supply-and-for-drains-and-sewers-under-pressure-polyethylene-pe-fittings-1,standard,standard,False,high,Crossref type 'standard' and BSI standards-body landing page confirm a formally issued standard.,False,200,
https://openalex.org/W4386563277,https://doi.org/10.1109/ieeestd.2023.10246119,https://ieeexplore.ieee.org/document/10246119/,standard,standard,False,high,"IEEE standard C37.90.3-2023 from a standards body, confirmed by cr_type 'standard' and title.",False,202,
https://openalex.org/W4255486105,https://doi.org/10.3403/30318745,https://knowledge.bsigroup.com:443/products/space-systems-product-assurance-requirements-for-commercial-satellites,standard,standard,False,high,"Title and page show BS ISO 20188:2018, a formally issued ISO/BSI standard.",False,200,
https://openalex.org/W4386856550,https://doi.org/10.3403/30446833u,https://knowledge.bsigroup.com:443/products/specifications-for-particular-types-of-winding-wires-polyester-or-polyesterimide-overcoated-with-polyamide-imide-enamelled-rectangular-copper-wire-class-220,standard,standard,False,high,Crossref type 'standard' and BSI/IEC standard number BS EN IEC 60317-93:2023 confirm a formal SDO standard.,False,200,
https://openalex.org/W4254607038,https://doi.org/10.3403/30112217u,https://doi.org/10.3403/30112217u,standard,standard,False,high,cr_type 'standard' and BS ISO 14520-5 title confirm a formal standard; lp_status 404 with notfound text flags broken landing page.,True,404,
https://openalex.org/W7161029759,https://doi.org/10.31030/3698031,https://www.dinmedia.de/de/norm-entwurf/din-en-2883/402327797,standard,standard,False,high,DIN EN standard from DIN SDO with cr_type 'standard' and a live DIN Media page.,False,200,
https://openalex.org/W4234809963,https://doi.org/10.1520/d7023-06r18,https://store.astm.org/d7023-06r18.html,standard,standard,False,high,ASTM standard D7023 with Crossref type 'standard' and astm.org store landing page.,False,200,
https://openalex.org/W4255812083,https://doi.org/10.3403/30015559u,https://knowledge.bsigroup.com:443/products/precast-concrete-products-floor-plates-for-floor-systems,standard,standard,False,high,"BS EN 13747 from BSI is a formally issued standard, confirmed by Crossref type 'standard' and the BSI landing page.",False,200,
https://openalex.org/W4240840447,https://doi.org/10.3403/30401982u,https://knowledge.bsigroup.com:443/products/molecular-in-vitro-diagnostic-examinations-specifications-for-pre-examination-processes-for-human-specimen-isolated-microbiome-dna,standard,standard,False,high,Crossref type 'standard' and BSI CEN/TS 17626 designation identify a formally issued standards-body specification.,False,200,
https://openalex.org/W4411330816,https://doi.org/10.3403/30473000,https://knowledge.bsigroup.com:443/products/thermal-insulation-and-energy-economy-in-buildings-method-to-determine-the-durability-of-bondings-with-adhesive-tapes-and-adhesive-masses-for-the-establishment-of-airtight-layers-under-climatic-conditions-representative-for-indoor-environments,standard,standard,False,high,Crossref type 'standard' and BSI Group product landing page confirm a formal standards-body document.,False,200,
https://openalex.org/W4293186367,https://doi.org/10.31003/uspnf_m69930_01_02,https://doi.usp.org/USPNF/USPNF_M69930_01_02.html,standard,standard,False,high,"USP-NF monograph from a standards body, cr_type 'standard' and USP DOI confirm a formal pharmacopeial standard.",False,200,
https://openalex.org/W4254697660,https://doi.org/10.3403/30374433,https://knowledge.bsigroup.com:443/products/rubber-vulcanized-or-thermoplastic-determination-of-compression-set-at-ambient-or-elevated-temperatures-1,standard,standard,False,high,"BSI/ISO standard (BS ISO 815-1:2019) from a standards body, cr_type 'standard'.",False,200,
https://openalex.org/W4244421757,https://doi.org/10.3403/30375843,https://knowledge.bsigroup.com:443/products/wallcoverings-vocabulary-and-symbols,standard,standard,False,high,BSI/EN standard (BS EN 235:2020) on a BSI standards landing page confirms a formal SDO-issued standard.,False,200,
https://openalex.org/W4253104858,https://doi.org/10.1520/d5089,https://store.astm.org/d5089-95r14.html,standard,standard,False,high,ASTM standard test method D5089 with cr_type 'standard' on astm.org store page.,False,200,
https://openalex.org/W4252476544,https://doi.org/10.4271/arp1798b,https://saemobilus.sae.org/standards/arp1798b-portable-emergency-lighting-systems-flight-crew-members,standard,standard,False,high,SAE ARP (Aerospace Recommended Practice) standard hosted on saemobilus.sae.org with cr_type 'standard'.,False,200,
https://openalex.org/W4396528390,https://doi.org/10.1520/d5315-04r24,https://store.astm.org/d5315-04r24.html,standard,standard,False,high,"ASTM D5315 standard test method from a standards body, cr_type=standard.",False,200,
https://openalex.org/W4231496171,https://doi.org/10.1520/a1062,https://store.astm.org/a1062-10r26.html,standard,standard,False,high,Crossref type 'standard' and ASTM specification title/store landing page confirm a formally issued SDO standard.,False,200,
https://openalex.org/W4230177130,https://doi.org/10.3403/02489527u,https://knowledge.bsigroup.com:443/products/milk-and-milk-products-general-guidance-for-the-preparation-of-test-samples-initial-suspensions-and-decimal-dilutions-for-microbiological-examination,standard,standard,False,high,BS EN ISO 8261 from BSI is a formal SDO-issued standard.,False,200,
https://openalex.org/W4231356716,https://doi.org/10.3403/30191443u,https://knowledge.bsigroup.com:443/products/fuel-cell-road-vehicles-performance-measurement-vehicles-fuelled-with-compressed-hydrogen,standard,standard,False,high,Crossref type 'standard' and BSI/ISO standard title confirm a formally issued standard.,False,200,
https://openalex.org/W4240521180,https://doi.org/10.3403/30361434u,https://knowledge.bsigroup.com:443/products/water-pipe-tobacco-determination-of-carbon-monoxide-in-the-vapour-phase-of-water-pipe-tobacco-smoke-ndir-method,standard,standard,False,high,Crossref type 'standard' and BSI ISO/TS 22491 designation confirm a formally issued standard.,False,200,
https://openalex.org/W4254181200,https://doi.org/10.1520/d8268,https://store.astm.org/d8268-19r23.html,standard,standard,False,high,ASTM standard practice (D8268) with cr_type 'standard' and astm.org store landing page.,False,200,
https://openalex.org/W4225488500,https://doi.org/10.3403/30397132,https://knowledge.bsigroup.com:443/products/linux-standard-base-lsb-core-specification-for-s390-architecture,standard,standard,False,high,BSI/ISO-IEC standard (BS ISO/IEC 23360-7-2:2021) with cr_type 'standard' on BSI landing page.,False,200,
https://openalex.org/W4235039180,https://doi.org/10.3403/00249565u,https://knowledge.bsigroup.com:443/products/methods-of-testing-refractory-materials-refractory-and-thermal-properties-determination-of-thermal-conductivity-panel-calorimeter-method-method-1902-505,standard,standard,False,high,"BSI standard BS 1902-5.5 from a standards body, cr_type 'standard'.",False,200,
https://openalex.org/W4251916513,https://doi.org/10.3403/30325654,https://knowledge.bsigroup.com:443/products/electric-cables-accessories-material-characterization-fingerprinting-for-heat-shrinkable-components-for-low-and-medium-voltage-applications-up-to-20-8-36-42-kv,standard,standard,False,high,Crossref type 'standard' and BS EN 50655-2:2017 BSI standard title confirm a formally issued standard.,False,200,
https://openalex.org/W4226203150,https://doi.org/10.31030/3306077,https://doi.org/10.31030/3306077,standard,standard,False,high,DIN EN ISO standard document with cr_type 'standard' issued by a standards body.,False,,
https://openalex.org/W4239758306,https://doi.org/10.3403/02446991u,https://knowledge.bsigroup.com:443/products/hydraulic-road-binders-composition-specifications-and-conformity-criteria,standard,standard,False,high,Crossref type 'standard' and BSI standard designation DD ENV 13282 on a standards-body landing page.,False,200,
https://openalex.org/W4236230902,https://doi.org/10.31030/3065871,https://doi.org/10.31030/3065871,standard,standard,False,high,"DIN EN standard from a standards body (Crossref type 'standard', title 'DIN EN 3155').",False,,
https://openalex.org/W4207018011,https://doi.org/10.31030/3175199,https://doi.org/10.31030/3175199,standard,standard,False,high,DIN EN ISO title and Crossref type 'standard' identify a formally issued SDO standard.,False,,
https://openalex.org/W4234630480,https://doi.org/10.31030/2534962,https://www.dinmedia.de/de/norm/din-478/256854264,standard,standard,False,high,"DIN 478 issued by a standards body (cr_type 'standard', DIN venue).",False,200,
https://openalex.org/W4238974844,https://doi.org/10.3403/00131567u,https://knowledge.bsigroup.com:443/products/guide-to-macroscopic-examination-of-steel-by-etching-with-strong-mineral-acids,standard,standard,False,high,"BSI standard (BS 6533) issued by a standards body, confirmed by cr_type 'standard' and BSI landing page.",False,200,
https://openalex.org/W4232459454,https://doi.org/10.4271/ams5737p,https://saemobilus.sae.org/standards/ams5737p-steel-corrosion-heat-resistant-bars-wire-forgings-tubing-15cr-255ni-12mo-21ti-0006b-030v-consumable-electrode-melted-1650-f-899-c-solution-precipitation-heat-treated,standard,standard,False,high,"SAE AMS specification from a standards body (Crossref type 'standard', SAE Mobilus standards URL).",False,200,
https://openalex.org/W4245771516,https://doi.org/10.3403/30090080,https://knowledge.bsigroup.com:443/products/wheelchairs-determination-of-dimensions-mass-and-manoeuvring-space,standard,standard,False,high,Crossref type 'standard' and BS ISO 7176-5:2008 title from BSI confirm a formal SDO standard.,False,200,
https://openalex.org/W4243771477,https://doi.org/10.1520/e3016-15,https://store.astm.org/e3016-15.html,standard,standard,False,high,"ASTM E3016 standard guide from a standards body, cr_type 'standard' confirmed by title and astm.org landing page.",False,200,
https://openalex.org/W4229752484,https://doi.org/10.3403/00030830u,https://knowledge.bsigroup.com:443/products/hand-held-electric-motor-operated-tools-specification-for-general-requirements,standard,standard,False,high,BSI standard BS 2769-1 with cr_type 'standard' and BSI Group landing page.,False,200,
https://openalex.org/W4205510275,https://doi.org/10.31030/3282897,https://doi.org/10.31030/3282897,standard,standard,False,high,DIN 8541-3 with Crossref type 'standard' from Beuth/DIN is a formally issued standard.,False,,
https://openalex.org/W4293184171,https://doi.org/10.31003/uspnf_m45894_04_02,https://doi.usp.org/USPNF/USPNF_M45894_04_02.html,standard,standard,False,high,USP-NF monograph from a standards body with cr_type 'standard' and USP DOI.,False,200,
https://openalex.org/W4315783657,https://doi.org/10.31030/3373401,https://www.dinmedia.de/de/norm/din-en-iec-60027-2/357016327,standard,standard,False,high,DIN EN IEC standard published by Beuth/DIN with cr_type 'standard'.,False,200,
https://openalex.org/W4255676706,https://doi.org/10.4271/ams3044g,https://saemobilus.sae.org/standards/ams3044g-magnetic-particles-fluorescent-wet-method-dry-powder,standard,standard,False,high,"SAE AMS3044G is a formally issued SAE standard, confirmed by cr_type 'standard' and the SAE Mobilus standards URL.",False,200,
https://openalex.org/W4253871133,https://doi.org/10.1520/e0547-00r16,https://store.astm.org/e0547-00r16.html,standard,standard,False,high,ASTM test method on store.astm.org with cr_type 'standard' is a formally issued SDO standard.,False,200,
https://openalex.org/W4246711416,https://doi.org/10.4271/as95234/6,https://saemobilus.sae.org/standards/as952346-connector-plug-reverse-bayonet-coupling,standard,standard,False,high,Crossref type 'standard' from SAE with final URL under /standards/ confirms a formal standards-body specification.,False,200,
https://openalex.org/W4381326808,https://doi.org/10.3403/30355505u,https://knowledge.bsigroup.com:443/products/test-methods-for-electrical-materials-printed-board-and-other-interconnection-structures-and-assemblies-test-methods-for-materials-for-interconnection-structures-moisture-absorption-after-pressure-vessel-conditioning,standard,standard,False,high,"BSI/IEC standard BS EN IEC 61189-2-630 from a standards body, cr_type 'standard'.",False,200,
https://openalex.org/W4233288260,https://doi.org/10.31003/uspnf_m9317_01_01,https://doi.usp.org/USPNF/USPNF_M9317_01_01.html,standard,standard,False,high,USP-NF monograph from a standards body with cr_type 'standard' and a live 200 landing page.,False,200,
https://openalex.org/W4241357716,https://doi.org/10.1520/f3061_f3061m-16a,https://store.astm.org/f3061_f3061m-16a.html,standard,standard,False,high,"ASTM standard specification (cr_type 'standard', title 'Standard Specification...').",False,200,
https://openalex.org/W4252352691,https://doi.org/10.1520/f1646-13,https://store.astm.org/f1646-13.html,standard,standard,False,high,"ASTM standard (cr_type 'standard', title 'F1646 Standard Terminology') issued by an SDO.",False,200,
https://openalex.org/W4242786966,https://doi.org/10.1520/d3889_d3889m-96r12,https://store.astm.org/d3889_d3889m-96r12.html,standard,standard,False,high,"ASTM standard test method (cr_type 'standard', store.astm.org landing page).",False,200,
https://openalex.org/W4236244093,https://doi.org/10.1520/d5303-92r12,https://store.astm.org/d5303-92r12.html,standard,standard,False,high,ASTM Standard Test Method (cr_type=standard) sold on store.astm.org.,False,200,
https://openalex.org/W4379380746,https://doi.org/10.3403/30366173,https://knowledge.bsigroup.com:443/products/fibre-optic-communication-subsystem-test-procedures-installed-passive-optical-networks-attenuation-and-optical-return-loss-measurements-1,standard,standard,False,high,BSI/IEC standard designation (BS EN IEC 61280-4-3:2022) with cr_type 'standard' on a BSI standards landing page.,False,200,
https://openalex.org/W4232995202,https://doi.org/10.1520/e2421-15,https://store.astm.org/e2421-15.html,standard,standard,False,high,"ASTM standard guide (cr_type=standard, E2421 designation, astm.org store landing page) is a formally issued SDO standard.",False,200,
https://openalex.org/W4237769203,https://doi.org/10.3403/00112376u,https://knowledge.bsigroup.com:443/products/universal-decimal-classification-english-full-edition-plastic-or-chipless-working-forming-and-treatment-of-materials,standard,standard,False,high,"BSI BS 1000 standard from a standards body (cr_type standard, BSI group landing page).",False,200,
https://openalex.org/W4239300705,https://doi.org/10.3403/00760715u,https://knowledge.bsigroup.com:443/products/welding-consumables-wire-electrodes-and-wire-flux-combinations-for-submerged-arc-welding-of-non-alloy-and-fine-grain-steels-classification,standard,standard,False,high,Crossref type 'standard' and BS EN 756 title from BSI confirm a formally issued standard.,False,200,
https://openalex.org/W4234951781,https://doi.org/10.3403/30079181,https://knowledge.bsigroup.com:443/products/slide-fasteners-zips-specification,standard,standard,False,high,BSI standard BS 3084:2006 with cr_type 'standard' on a BSI Group landing page.,False,200,
https://openalex.org/W4375857571,https://doi.org/10.1520/f2761-09r13,https://store.astm.org/f2761-09r13.html,standard,standard,False,high,"ASTM F2761 standard from a standards body, cr_type 'standard', resolves to astm.org store page.",False,200,
https://openalex.org/W4256151500,https://doi.org/10.31030/1885124,https://www.dinmedia.de/de/technische-regel/din-cen-tr-15003/151419501,standard,standard,False,high,DIN CEN/TR document with cr_type 'standard' issued by a standards body.,False,200,
https://openalex.org/W7125374392,https://doi.org/10.1520/b1014-20r26,https://store.astm.org/b1014-20r26.html,standard,standard,False,high,"ASTM B1014 specification from a standards body, cr_type 'standard' confirmed by store.astm.org landing page.",False,200,
https://openalex.org/W4252783509,https://doi.org/10.1520/f0075,https://store.astm.org/f0075-23.html,standard,standard,False,high,ASTM specification with cr_type 'standard' and ASTM store landing page confirm a formally issued standard.,False,200,
https://openalex.org/W4230871586,https://doi.org/10.3403/bseniso5845,https://knowledge.bsigroup.com/search?type=products&productType=standard&query=BS%20EN%20ISO%205845,standard,standard,False,high,Crossref type 'standard' and BS EN ISO 5845 title identify a formally issued ISO standard.,False,200,
https://openalex.org/W4253780783,https://doi.org/10.1520/d2559,https://store.astm.org/d2559-12ar24.html,standard,standard,False,high,"ASTM specification (cr_type 'standard', store.astm.org landing page) is a formally issued SDO standard.",False,200,
https://openalex.org/W4251866581,https://doi.org/10.3403/30298937u,https://knowledge.bsigroup.com:443/products/building-construction-machinery-and-equipment-concrete-mixers-procedure-for-examination-of-mixing-efficiency-1,standard,standard,False,high,Crossref type 'standard' and BS ISO 18650-2 designation identify it as a formal standards-body document.,False,200,
https://openalex.org/W4255265173,https://doi.org/10.3403/30325843,https://knowledge.bsigroup.com:443/products/fast-pyrolysis-bio-oils-for-industrial-boilers-requirements-and-test-methods,standard,standard,False,high,BS EN 16900:2017 is a formally issued British/European standard from BSI.,False,200,
https://openalex.org/W4240770425,https://doi.org/10.31030/9848700,https://doi.org/10.31030/9848700,standard,standard,False,high,DIN EN ISO standard with Crossref type 'standard' and standards-body DOI prefix.,False,,
https://openalex.org/W4407169365,https://doi.org/10.1109/ieeestd.2024.10876106,https://ieeexplore.ieee.org/document/10876106/,standard,standard,False,high,IEEE Standard from IEEE Xplore with cr_type 'standard' and standard number C57.165-2024 in title.,False,202,
https://openalex.org/W4234133682,https://doi.org/10.1520/e2746,https://store.astm.org/e2746-11.html,standard,standard,False,high,"ASTM standard specification (cr_type standard, ASTM store landing page).",False,200,
https://openalex.org/W4414798207,https://doi.org/10.3403/30423828,https://knowledge.bsigroup.com:443/products/explosives-for-civil-uses-explosives-for-blasting-boosters-and-explosive-substances-requirements,standard,standard,False,high,Crossref type 'standard' and BSI Group standards landing page confirm a formal SDO standard.,False,200,
https://openalex.org/W4254888651,https://doi.org/10.1520/e2637,https://store.astm.org/e2637-17r24.html,standard,standard,False,high,"ASTM standard guide (cr_type 'standard', ASTM store landing page) is a formally issued SDO standard.",False,200,
https://openalex.org/W4245737879,https://doi.org/10.1520/f1413-07r13,https://store.astm.org/f1413-07r13.html,standard,standard,False,high,ASTM standard guide (F1413-07R13) on store.astm.org with cr_type 'standard'.,False,200,
https://openalex.org/W4243779056,https://doi.org/10.4271/j1939/16_201811,https://saemobilus.sae.org/standards/j193916_201811-automatic-baud-rate-detection-process,standard,standard,False,high,"SAE J1939 standard from an SDO, crossref type 'standard' confirmed by saemobilus standards URL.",False,200,
https://openalex.org/W4240510015,https://doi.org/10.3403/30267253u,https://knowledge.bsigroup.com:443/products/measurement-of-dc-magnetic-ac-magnetic-and-ac-electric-fields-from-1-hz-to-100-khz-with-regard-to-exposure-of-human-beings-basic-standard-for-measurements,standard,standard,False,high,BSI/IEC standard (BS IEC 61786-2) per Crossref type 'standard' and BSI landing page.,False,200,
https://openalex.org/W4254717908,https://doi.org/10.3403/30176937,https://knowledge.bsigroup.com:443/products/industrial-process-control-systems-instruments-with-analogue-inputs-and-two-or-multi-state-outputs-guidance-for-inspection-and-routine-testing,standard,standard,False,high,"BS EN 61003-2:2009 is a formally issued BSI/IEC standard, confirmed by title and cr_type 'standard'.",False,200,
https://openalex.org/W4293184832,https://doi.org/10.31003/uspnf_m31040_03_02,https://doi.usp.org/USPNF/USPNF_M31040_03_02.html,standard,standard,False,high,"USP-NF monograph from the US Pharmacopeia standards body, Crossref type 'standard' and doi.usp.org landing page resolving 200.",False,200,
https://openalex.org/W4321766115,https://doi.org/10.3403/30450779,https://knowledge.bsigroup.com:443/products/paints-and-varnishes-determination-of-scratch-resistance-constant-loading-method-3,standard,standard,False,high,BSI/EN ISO standard (BS EN ISO 1518-1:2023) confirmed by cr_type 'standard' and BSI Knowledge landing page.,False,200,
https://openalex.org/W4205712435,https://doi.org/10.31030/3239957,https://doi.org/10.31030/3239957,standard,standard,False,high,DIN EN ISO standard with cr_type 'standard' from Beuth standards body.,False,,
https://openalex.org/W4237862359,https://doi.org/10.31030/2897136,https://doi.org/10.31030/2897136,standard,standard,False,high,DIN EN 13445 with Crossref type 'standard' from a standards body is a formal SDO standard.,False,,
https://openalex.org/W4244428877,https://doi.org/10.31003/uspnf_m58170_02_01,https://doi.usp.org/USPNF/USPNF_M58170_02_01.html,standard,standard,False,high,"USP-NF monograph from a standards body (cr_type 'standard', doi.usp.org), a formally issued pharmacopeial standard.",False,200,
https://openalex.org/W4253045723,https://doi.org/10.3403/01932836u,https://knowledge.bsigroup.com:443/products/ships-and-marine-technology-manholes-with-bolted-covers,standard,standard,False,high,BSI/ISO standard (BS ISO 5894) with cr_type 'standard' on BSI landing page.,False,200,
https://openalex.org/W4247373215,https://doi.org/10.1520/d6489-99r12,https://store.astm.org/d6489-99r12.html,standard,standard,False,high,"ASTM standard test method (cr_type 'standard', store.astm.org landing page) from a standards body.",False,200,
https://openalex.org/W7125836809,https://doi.org/10.3403/30448540u,https://knowledge.bsigroup.com:443/products/electric-motor-operated-hand-held-tools-transportable-tools-and-lawn-and-garden-machinery-safety-particular-requirements-for-hand-held-fastener-driving-tools-1,standard,standard,False,high,BSI/EN/IEC standard number BS EN IEC 62841-2-16:2025 with cr_type 'standard'.,False,200,
https://openalex.org/W4235106640,https://doi.org/10.1520/d6460-07,https://store.astm.org/d6460-07.html,standard,standard,False,high,"ASTM D6460 Standard Test Method on astm.org, cr_type=standard.",False,200,
https://openalex.org/W4250288252,https://doi.org/10.3403/bs5478,https://knowledge.bsigroup.com/search?type=products&productType=standard&query=BS%205478,standard,standard,False,high,Crossref type 'standard' and BS 5478 BSI standard identifier confirm a formally issued standard.,False,200,
https://openalex.org/W4256126012,https://doi.org/10.31030/2559618,https://www.dinmedia.de/de/norm/din-en-3375-007/259026557,standard,standard,False,high,"DIN EN standard from a standards body (cr_type=standard), landing page live at dinmedia.de.",False,200,
https://openalex.org/W4245854914,https://doi.org/10.1520/c0650-04r09,https://store.astm.org/c0650-04r09.html,standard,standard,False,high,ASTM standard test method from store.astm.org with cr_type 'standard'.,False,200,
https://openalex.org/W4237242459,https://doi.org/10.3403/30339720,https://knowledge.bsigroup.com:443/products/cutting-tool-data-representation-and-exchange-creation-and-exchange-of-3d-models-modelling-of-machine-operated-feed-out-tools,standard,standard,False,high,"BSI landing page and Crossref type both identify it as ISO/TS 13399-315:2018, a formal standard.",False,200,
https://openalex.org/W4293185491,https://doi.org/10.31003/uspnf_m27754_05_02,https://doi.usp.org/USPNF/USPNF_M27754_05_02.html,standard,standard,False,high,"USP-NF pharmacopeia monograph with cr_type 'standard' from USP, a standards body.",False,200,
https://openalex.org/W4255068249,https://doi.org/10.3403/02397672u,https://knowledge.bsigroup.com:443/products/tools-for-moulding-mould-bases-round-locating-elements-and-spacers,standard,standard,False,high,"BS ISO 8406 from BSI standards body, cr_type 'standard'.",False,200,
https://openalex.org/W4405050856,https://doi.org/10.31030/3586574,https://www.dinmedia.de/de/norm/din-en-iso-3379/386126509,standard,standard,False,high,DIN EN ISO 3379 title and cr_type 'standard' identify a formally issued ISO/DIN standard.,False,200,
https://openalex.org/W4245767848,https://doi.org/10.3403/01399397u,https://knowledge.bsigroup.com:443/products/chemicals-used-for-treatment-of-water-intended-for-human-consumption-sodium-hydrogen-carbonate,standard,standard,False,high,BSI/BS EN standard title and cr_type 'standard' confirm a formally issued standard.,False,200,
https://openalex.org/W4254485588,https://doi.org/10.3403/30325972u,https://knowledge.bsigroup.com:443/products/information-technology-generic-cabling-for-customer-premises-general-requirements,standard,standard,False,high,Crossref type 'standard' on a BSI standards-body landing page confirms a formal standard.,False,200,
https://openalex.org/W4253954491,https://doi.org/10.3403/01840393u,https://knowledge.bsigroup.com:443/products/cie-standard-illuminants-for-colorimetry,standard,standard,False,high,Crossref type 'standard' and BSI Group product page for a CIE standard.,False,200,
https://openalex.org/W4237363745,https://doi.org/10.1148/cases.20201381,https://cases.rsna.org/case/604fdf66-2c4e-400d-b72d-b5a0216e1ee1,standard,article,True,medium,"RSNA Case Collection medical case report despite the erroneous 'standard' type, and case reports route to article.",False,200,
https://openalex.org/W4249250505,https://doi.org/10.4271/j3010_202002,https://saemobilus.sae.org/standards/j3010_202002-registration-conformity-assessment-process-passenger-cars-light-trucks-wheels,standard,standard,False,high,"SAE J3010 issued by a standards body, cr_type 'standard' and URL path '/standards/'.",False,200,
https://openalex.org/W4252840621,https://doi.org/10.1520/d6009-12,https://store.astm.org/d6009-12.html,standard,standard,False,high,ASTM D6009 standard guide from store.astm.org with cr_type 'standard'.,False,200,
https://openalex.org/W4246914958,https://doi.org/10.3403/30054282,https://knowledge.bsigroup.com:443/products/fume-cupboards-type-test-methods-1,standard,standard,False,high,BSI/EN standard designation 'BS EN 14175-3:2003' and crossref type 'standard'.,False,200,
https://openalex.org/W4233103561,https://doi.org/10.31030/2666147,https://www.dinmedia.de/de/norm/din-en-15621/273254469,standard,standard,False,high,DIN EN ISO standard with cr_type 'standard' on dinmedia.de.,False,200,
https://openalex.org/W4308194176,https://doi.org/10.31030/3378518,https://doi.org/10.31030/3378518,standard,standard,False,high,DIN EN ISO standard with cr_type 'standard' from a standards body.,False,,
https://openalex.org/W4250041972,https://doi.org/10.31030/2017009,https://www.dinmedia.de/de/norm/din-en-62227/186960246,standard,standard,False,high,DIN EN 62227 with cr_type 'standard' from DIN Media is a formally issued SDO standard.,False,200,
https://openalex.org/W4245731183,https://doi.org/10.3403/00225384u,https://knowledge.bsigroup.com:443/products/buildings-and-structures-for-agriculture-guide-to-regulations-and-sources-of-information,standard,standard,False,high,"BSI standard BS 5502-11 from a standards body, cr_type 'standard'.",False,200,
https://openalex.org/W4230002233,https://doi.org/10.4271/j3127_201910,https://saemobilus.sae.org/standards/j3127_201910-welded-304-304l-stainless-steel-tubing,standard,standard,False,high,Crossref type 'standard' and SAE J3127 designation confirm a formally issued SDO standard.,False,200,
https://openalex.org/W4240219898,https://doi.org/10.1520/b0188-15e01,https://store.astm.org/b0188-15e01.html,standard,standard,False,high,ASTM specification with cr_type 'standard' and store.astm.org landing page (200).,False,200,
https://openalex.org/W4252546231,https://doi.org/10.3403/30342052,https://knowledge.bsigroup.com:443/products/chemicals-used-for-treatment-of-water-intended-for-human-consumption-aluminium-chloride-anhydrous-aluminium-chloride-basic-dialuminium-chloride-pentahydroxide-and-aluminium-chloride-hydroxide-sulfate,standard,standard,False,high,BS EN 17034:2018 BSI standard with cr_type 'standard'.,False,200,
https://openalex.org/W4233007000,https://doi.org/10.1520/d4897_d4897m-16,https://store.astm.org/d4897_d4897m-16.html,standard,standard,False,high,ASTM specification with cr_type 'standard' and ASTM store landing page (200).,False,200,
https://openalex.org/W4233948575,https://doi.org/10.3403/30211437u,https://knowledge.bsigroup.com:443/products/indexable-hard-material-inserts-with-rounded-corners-with-partly-cylindrical-fixing-hole-dimensions,standard,standard,False,high,BS ISO 6987 from BSI with cr_type 'standard' is a formally issued SDO standard.,False,200,
https://openalex.org/W4308698375,https://doi.org/10.31030/3394751,https://www.dinmedia.de/de/norm-entwurf/din-en-iso-23500-5/360599754,standard,standard,False,high,"DIN EN ISO standard from DIN/Beuth standards body, cr_type 'standard'.",False,200,
https://openalex.org/W4245876218,https://doi.org/10.3403/30386410,https://knowledge.bsigroup.com:443/products/assessment-service-delivery-procedures-and-methods-to-assess-people-in-work-and-organizational-settings-requirements-for-service-providers-1,standard,standard,False,high,BS ISO 10667-2:2020 from BSI/ISO is a formally issued standard.,False,200,
https://openalex.org/W4252172048,https://doi.org/10.4271/j2840_201708,https://saemobilus.sae.org/standards/j2840_201708-high-voltage-shielded-jacketed-cable,standard,standard,False,high,SAE J2840 standard from SAE SDO with cr_type 'standard' and standards URL path.,False,200,
https://openalex.org/W4250790286,https://doi.org/10.1520/d0883-19a,https://store.astm.org/d0883-19a.html,standard,standard,False,high,"ASTM standard terminology document (cr_type 'standard', ASTM store landing page).",False,200,
https://openalex.org/W4241614113,https://doi.org/10.3403/30216055,https://knowledge.bsigroup.com:443/products/guidelines-for-the-inclusion-of-documentation-aspects-in-product-standards-1,standard,standard,False,high,Crossref type 'standard' and IEC/TS 62666:2010 designation on BSI standards site confirm a formal SDO standard.,False,200,
https://openalex.org/W4249860729,https://doi.org/10.3403/30173761,https://knowledge.bsigroup.com:443/products/aluminium-and-aluminium-alloys-weldable-rolled-products-for-tanks-for-the-storage-and-transportation-of-dangerous-goods,standard,standard,False,high,"BS EN 14286:2008 is a formally issued BSI/EN standard, confirmed by cr_type 'standard' and page title.",False,200,
https://openalex.org/W4378187680,https://doi.org/10.4271/cpgm2_10vanexsa,https://saemobilus.sae.org/services/cpgm2_10vanexsa-j1349-certified-power-engine-data-gm-lmf-used-2010-full-size-van-chevrolet-express-gmc-savana-w-base-exhaust-system-level-2,standard,standard,False,medium,Crossref type 'standard' on an SAE J1349 certified-power record hosted at SAE Mobilus.,False,200,
https://openalex.org/W4378192852,https://doi.org/10.31003/uspnf_m6935_18_02,https://doi.usp.org/USPNF/USPNF_M6935_18_02.html,standard,standard,False,high,"Crossref type 'standard' from USP-NF (US Pharmacopeia) monograph, a formally issued standard.",False,200,
https://openalex.org/W4235520116,https://doi.org/10.1520/d4391,https://store.astm.org/d4391-18a.html,standard,standard,False,high,"ASTM terminology standard (D4391) from a standards body, cr_type=standard and store.astm.org landing page.",False,200,
https://openalex.org/W4254608395,https://doi.org/10.31003/uspnf_m80845_02_01,https://doi.usp.org/USPNF/USPNF_M80845_02_01.html,standard,standard,False,high,"USP-NF pharmacopeial monograph with crossref type 'standard' from a standards body, page reachable (200).",False,200,
https://openalex.org/W4251605236,https://doi.org/10.3403/30387876,https://knowledge.bsigroup.com:443/products/mechanical-products-methodology-for-reduction-of-environmental-impacts-in-product-design-and-development-1,standard,standard,False,high,"BSI/EN standard (BS EN 16524:2020) from an SDO landing page, cr_type 'standard'.",False,200,
https://openalex.org/W4402769102,https://doi.org/10.1520/e2274-24,https://store.astm.org/e2274-24.html,standard,standard,False,high,"ASTM E2274 standard test method from astm.org store, cr_type 'standard'.",False,200,
https://openalex.org/W4406942943,https://doi.org/10.31003/fcc_f105052_02_01,https://doi.usp.org/USPFCC/FCC_F105052_02_01.html,standard,standard,False,high,Crossref type 'standard' and USP-NF/FCC compendial monograph from a standards body.,False,200,
https://openalex.org/W4253782637,https://doi.org/10.1111/j.1447-0756.2010.01285.x,https://doi.org/10.1111/j.1447-0756.2010.01285.x,erratum,erratum,False,high,"Title ""Corrigendum"" on a single page is a correction notice.",False,403,
https://openalex.org/W4232693676,https://doi.org/10.1177/0271678x15619790,https://doi.org/10.1177/0271678x15619790,erratum,erratum,False,high,"Title ""Corrigendum"" and dc.Type ""correction"" identify it as a correction notice.",False,403,
https://openalex.org/W4399906229,https://doi.org/10.1007/s10072-024-07632-3,https://link.springer.com/10.1007/s10072-024-07632-3,erratum,erratum,False,high,Title 'Correction to:' and dc.type 'Erratum' identify a correction notice.,False,200,
https://openalex.org/W4251120082,https://doi.org/10.1002/ps.6316,https://doi.org/10.1002/ps.6316,erratum,erratum,False,high,"Title begins ""Corrigendum:"" and is a single-page correction notice.",False,403,
https://openalex.org/W4323347960,https://doi.org/10.1002/1348-9585.12394,https://doi.org/10.1002/1348-9585.12394,erratum,erratum,False,high,"Title begins ""Correction to"" indicating a published correction notice.",False,403,
https://openalex.org/W2488641925,https://doi.org/10.1016/j.ces.2016.05.016,https://linkinghub.elsevier.com/retrieve/pii/S0009250916302536,erratum,erratum,False,high,"Title begins 'Corrigendum to' a previously published article, a correction notice.",False,200,
https://openalex.org/W4251765068,https://doi.org/10.1080/02713683.2017.1402985,https://doi.org/10.1080/02713683.2017.1402985,erratum,erratum,False,high,"Title and page title both read ""Erratum"" with zero references on a journal.",False,403,
https://openalex.org/W2734909809,https://doi.org/10.1134/s1028335817130018,https://link.springer.com/10.1134/S1028335817130018,erratum,erratum,False,high,"Title and dc.type both say ""Erratum to:"" a previously published article.",False,200,
https://openalex.org/W1496760980,https://doi.org/10.1063/1.4922305,https://doi.org/10.1063/1.4922305,erratum,erratum,False,high,"Title begins ""Erratum:"" and dc.Type is ""correction"", a correction notice.",False,403,
https://openalex.org/W4311988286,https://doi.org/10.1089/bio.2020.0067.correx,https://doi.org/10.1089/bio.2020.0067.correx,erratum,erratum,False,high,Title 'Correction to:' and dc.Type 'correction' identify it as a correction notice.,False,403,
https://openalex.org/W4402267020,https://doi.org/10.1038/s41598-024-71642-6,https://www.nature.com/articles/s41598-024-71642-6,erratum,erratum,False,high,Title 'Author Correction:' and dc.type 'Erratum' identify a correction notice.,False,200,
https://openalex.org/W4248336078,https://doi.org/10.1371/journal.pone.0177611,https://journals.plos.org/plosone/article?id=10.1371/journal.pone.0177611,erratum,erratum,False,high,"Title begins ""Correction:"" citing a previously published PLOS ONE article, a correction notice.",False,200,
https://openalex.org/W4249374917,https://doi.org/10.1086/605380,https://doi.org/10.1086/605380,erratum,erratum,False,high,Title 'ERRATUM' and citation pointing to a previously published article (Chideya et al 2009) indicate a correction notice.,False,403,
https://openalex.org/W2060550404,https://doi.org/10.1007/s10856-008-3530-2,https://link.springer.com/article/10.1007/s10856-008-3530-2,erratum,erratum,False,high,"Title and dc.type both say ""Erratum to:"" referencing the corrected article.",False,200,
https://openalex.org/W3132303981,https://doi.org/10.1016/j.anl.2021.02.005,https://linkinghub.elsevier.com/retrieve/pii/S0385814621000638,erratum,erratum,False,high,"Title begins with ""Corrigendum to"" citing a previously published article, a correction notice.",False,200,
https://openalex.org/W3129268675,https://doi.org/10.1557/mrc.2020.13,https://link.springer.com/article/10.1557/mrc.2020.13,erratum,erratum,False,high,"Title says ""Erratum to:...CORRIGENDUM"" and dc.type is ""Erratum"".",False,200,
https://openalex.org/W2511190252,https://doi.org/10.1016/j.ceramint.2016.08.010,https://linkinghub.elsevier.com/retrieve/pii/S0272884216313153,erratum,erratum,False,high,"Title begins 'Corrigendum to' a previously published article, the canonical correction-notice signal.",False,200,
https://openalex.org/W4233381884,https://doi.org/10.1080/15348431.2015.980691,https://doi.org/10.1080/15348431.2015.980691,erratum,erratum,False,high,"Title ""Corrigendum"" and dc.Type ""correction"" identify a correction notice.",False,403,
https://openalex.org/W2606079199,https://doi.org/10.1007/s10854-017-6988-1,https://link.springer.com/article/10.1007/s10854-017-6988-1,erratum,erratum,False,high,"dc.type=Erratum and title ""Erratum to:"" with single-page record confirm a correction notice.",False,200,
https://openalex.org/W3132210835,https://doi.org/10.2147/ndt.s306151,https://www.dovepress.com/corrigendum-serum-mir-128-serves-as-a-potential-diagnostic-biomarker-f-peer-reviewed-fulltext-article-NDT,erratum,erratum,False,high,Title explicitly labeled [Corrigendum] correcting a previously published article.,False,200,
https://openalex.org/W4237081106,https://doi.org/10.1111/vco.12445,https://doi.org/10.1111/vco.12445,erratum,erratum,False,high,"Title ""Corrigendum"" on a single page in a journal indicates a correction notice.",False,403,
https://openalex.org/W2327102114,https://doi.org/10.1103/physrevb.87.099903,https://doi.org/10.1103/physrevb.87.099903,erratum,erratum,False,high,"Title explicitly says ""Erratum:"" citing the original Phys. Rev. B 80, 184504 article being corrected.",False,403,
https://openalex.org/W4237517650,https://doi.org/10.1359/jbmr.081003e,https://doi.org/10.1359/jbmr.081003e,erratum,erratum,False,high,"Title 'Erratum' and DOI suffix 'e' identify a correction notice; 403 is a bot-block, not broken.",False,403,
https://openalex.org/W4236008443,https://doi.org/10.1177/0894318406297981,https://doi.org/10.1177/0894318406297981,erratum,erratum,False,high,dc.Type=correction with title 'Erratum' on single page confirms a correction notice.,False,403,
https://openalex.org/W4205409846,https://doi.org/10.1016/j.jacc.2016.11.015,https://linkinghub.elsevier.com/retrieve/pii/S073510971636925X,erratum,erratum,False,high,"Title ""Correction"" in a journal indicates an erratum/correction notice.",False,200,
https://openalex.org/W4251062839,https://doi.org/10.1371/journal.pone.0122944,https://journals.plos.org/plosone/article?id=10.1371/journal.pone.0122944,erratum,erratum,False,high,"Title begins ""Correction:"" and cites the corrected article, a classic correction notice.",False,200,
https://openalex.org/W2006159797,https://doi.org/10.4184/asj.2013.7.2.158,https://www.asianspinejournal.org/journal/view.php?doi=10.4184/asj.2013.7.2.158,erratum,erratum,False,high,"Title begins 'Erratum: Correction of Title,' a correction notice for a previously published article.",False,200,
https://openalex.org/W4394564021,https://doi.org/10.1016/s2666-7568(24)00063-1,https://linkinghub.elsevier.com/retrieve/pii/S2666756824000631,erratum,erratum,False,high,"Title ""Correction to..."" citing a previously published article is a correction notice.",False,200,
https://openalex.org/W4376891877,https://doi.org/10.3389/feduc.2023.1209966,https://www.frontiersin.org/journals/education/articles/10.3389/feduc.2023.1209966/full,erratum,erratum,False,high,"Title begins ""Erratum:"" citing a corrected article, a correction notice.",False,200,
https://openalex.org/W4246019654,https://doi.org/10.1093/neuonc/noaa005,https://doi.org/10.1093/neuonc/noaa005,erratum,erratum,False,high,"Title begins ""Corrigendum to..."" identifying it as a correction notice.",False,403,
https://openalex.org/W3092605893,https://doi.org/10.1038/s41598-020-73064-6,https://www.nature.com/articles/s41598-020-73064-6,erratum,erratum,False,high,Title 'Publisher Correction:' and dc.type 'Erratum' identify it as a correction notice.,False,200,
https://openalex.org/W4229988142,https://doi.org/10.1371/journal.pone.0176062,https://journals.plos.org/plosone/article?id=10.1371/journal.pone.0176062,erratum,erratum,False,high,"Title begins ""Correction:"" citing a previously published article, the canonical erratum signal.",False,200,
https://openalex.org/W4246845384,https://doi.org/10.1055/a-0661-6788,https://www.thieme-connect.de/products/ejournals/abstract/10.1055/a-0661-6788,erratum,erratum,False,high,Title 'Erratum:' and single-page record signal a correction notice.,False,200,
https://openalex.org/W2793504407,https://doi.org/10.1088/1475-7516/2018/03/e01,"https://validate.perfdrive.com/fb803c746e9148689b3984a31fccd902/?ssa=c25071e6-0ebf-4ea3-8f90-fa60306a1fe9&ssb=64265296610&ssc=https%3A%2F%2Fiopscience.iop.org%2Farticle%2F10.1088%2F1475-7516%2F2018%2F03%2FE01&ssi=093de789-cnvj-4aed-b63f-7b9e5c489705&ssk=botmanager_support@radware.com&ssm=35163744416507591100949797849375&ssn=6fed2355c8370cd3601fb47cd4fff45088978349b1f6-fb26-4f06-b14400&sso=22f29a08-2729ac041fc42d1ae86fa3994da3ab432d9dc10c1109b6b1&ssp=52873505421782890547178282172224132&ssq=98412052916571087522129165065484625288444&ssr=NzUuNDkuMTI1LjIwOQ==&sst=Mozilla/5.0%20(Macintosh;%20Intel%20Mac%20OS%20X%2010_15_7)%20AppleWebKit/537.36%20(KHTML,%20like%20Gecko)%20Chrome/124.0%20Safari/537.36&ssu=&ssv=&ssw=&ssx=eyJfX3V6bWYiOiI3ZjkwMDA4MzQ5YjFmNi1mYjI2LTRmMDYtYmEwOC0yNzI5YWMwNDFmYzQxLTE3ODI4MjkxNjU1ODEwLTAwNGVmNGFmOTQ2OTMxZWEyODAxMCIsInV6bXgiOiI3ZjkwMDA2MzhiZDhmZi1hZTIxLTQxZmYtOTY2ZS1mYjJmNmQ2ZmU4MzExLTE3ODI4MjkxNjU1ODEwLWQyZDRkODYyOTZjYjgxMWQxMCIsInJkIjoiaW9wLm9yZyJ9",erratum,erratum,False,high,"Title begins 'Erratum:' citing a previously published article, a correction notice.",False,200,
https://openalex.org/W4236276469,https://doi.org/10.1016/j.hrthm.2007.10.035,https://linkinghub.elsevier.com/retrieve/pii/S1547527107010946,erratum,erratum,False,high,"Title and page-title are 'Erratum,' single page with no refs, matching a correction notice.",False,200,
https://openalex.org/W4391536209,https://doi.org/10.1007/s10661-024-12420-9,https://link.springer.com/10.1007/s10661-024-12420-9,erratum,erratum,False,high,Title 'Correction to:' and dc.type 'Erratum' identify a correction notice.,False,200,
https://openalex.org/W4412766569,https://doi.org/10.1007/s11701-025-02616-7,https://link.springer.com/10.1007/s11701-025-02616-7,erratum,erratum,False,high,"Title begins ""Correction:"" and dc.type is Erratum, indicating a correction notice.",False,200,
https://openalex.org/W4232824936,https://doi.org/10.1086/684687,https://doi.org/10.1086/684687,erratum,erratum,False,high,dc.Type meta tag explicitly says 'correction' and it's a single-page record.,False,403,
https://openalex.org/W4401331082,https://doi.org/10.1038/s41598-024-68260-7,https://www.nature.com/articles/s41598-024-68260-7,erratum,erratum,False,high,Title 'Author Correction:' and dc.type 'Erratum' identify a correction notice.,False,200,
https://openalex.org/W4294363448,https://doi.org/10.1039/d2ta90177c,https://doi.org/10.1039/d2ta90177c,erratum,erratum,False,high,"Title begins ""Correction:"" with single-page record correcting a prior article.",False,403,
https://openalex.org/W4397034297,https://doi.org/10.1038/s41541-024-00882-4,https://www.nature.com/articles/s41541-024-00882-4,erratum,erratum,False,high,"Title ""Author Correction:"" and dc.type ""Erratum"" indicate a correction notice.",False,200,
https://openalex.org/W4236693127,https://doi.org/10.2217/fmb.12.11,https://doi.org/10.2217/fmb.12.11,erratum,erratum,False,high,"Title ""Erratum"" and dc.Type ""correction"" identify this as a correction notice.",False,403,
https://openalex.org/W4394597493,https://doi.org/10.1371/journal.pone.0302193,https://journals.plos.org/plosone/article?id=10.1371/journal.pone.0302193,erratum,erratum,False,high,"Title begins ""Correction:"" and cites a single original article, the hallmark of a correction notice.",False,200,
https://openalex.org/W4239481443,https://doi.org/10.1021/acsami.6b16097,https://doi.org/10.1021/acsami.6b16097,erratum,erratum,False,high,"Title begins ""Correction to"" and dc.Type meta is ""correction,"" a correction notice amending a published article.",False,403,
https://openalex.org/W4250308129,https://doi.org/10.1590/1516-1439.er1801,http://www.scielo.br/j/mr/a/gZPVcCVpFNhdfrdjgbCHtGQ/?lang=en,erratum,erratum,False,high,"Title and page title both read ""Erratum,"" a single-page correction notice with no references.",False,200,
https://openalex.org/W4308833927,https://doi.org/10.1093/hmg/ddac274,https://doi.org/10.1093/hmg/ddac274,erratum,erratum,False,high,"Title ""Correction to:"" identifies it as a correction notice.",False,403,
https://openalex.org/W4239782320,https://doi.org/10.1093/gerona/glu154,https://doi.org/10.1093/gerona/glu154,erratum,erratum,False,high,"Title 'Corrigendum', single page, 0 refs—a correction notice.",False,403,
https://openalex.org/W4231595465,https://doi.org/10.1021/acs.jpcb.6b09513,https://doi.org/10.1021/acs.jpcb.6b09513,erratum,erratum,False,high,"dc.Type meta tag content is ""correction,"" indicating an erratum/correction notice.",False,403,
https://openalex.org/W4250976895,https://doi.org/10.3349/ymj.2017.58.1.261,https://eymj.org/DOIx.php?id=10.3349/ymj.2017.58.1.261,erratum,erratum,False,high,"Title begins ""Erratum to..."" citing the corrected article, a correction notice.",False,200,
https://openalex.org/W2967802994,https://doi.org/10.1180/clm.2019.12,https://www.cambridge.org/core/journals/clay-minerals/article/new-collection-of-clay-mineral-crystallinity-index-standards-and-revised-guidelines-for-the-calibration-of-kubler-and-arkai-indices-erratum/BFB57BA4E746092C948B2963A9345E68,erratum,erratum,False,high,"Title explicitly ends with 'ERRATUM' citing a previously published article, page 200 reachable.",False,200,
https://openalex.org/W3016834294,https://doi.org/10.1038/s41592-020-0828-6,https://www.nature.com/articles/s41592-020-0828-6,erratum,erratum,False,high,Title 'Publisher Correction:' and dc.type 'Erratum' identify a correction notice.,False,200,
https://openalex.org/W3207626846,https://doi.org/10.1038/s41556-018-0186-0,https://www.nature.com/articles/s41556-018-0186-0,erratum,erratum,False,high,"Title ""Publisher Correction:"" and dc.type ""Erratum"" identify a correction notice.",False,200,
https://openalex.org/W2890677837,https://doi.org/10.1088/1748-9326/aae31e,"https://validate.perfdrive.com/fb803c746e9148689b3984a31fccd902/?ssa=095c516c-0b16-4acc-a8eb-9be849ad6189&ssb=81818203856&ssc=https%3A%2F%2Fiopscience.iop.org%2Farticle%2F10.1088%2F1748-9326%2Faae31e&ssi=f9e2aad4-cnvj-4ad0-b22c-590197d52d14&ssk=botmanager_support@radware.com&ssm=10926128334339662107301237948568&ssn=79f24bc50906ab0c2ca5633808106a13b009cb8172fe-a49b-4f8f-a05907&sso=4e4d3ca8-6f490d75227266215dc2ff44612670b9f75c1407dc0624cd&ssp=12574095831782899467178286003661861&ssq=76787512916612921315929166867193691400690&ssr=NzUuNDkuMTI1LjIwOQ==&sst=Mozilla/5.0%20(Macintosh;%20Intel%20Mac%20OS%20X%2010_15_7)%20AppleWebKit/537.36%20(KHTML,%20like%20Gecko)%20Chrome/124.0%20Safari/537.36&ssu=&ssv=&ssw=&ssx=eyJyZCI6ImlvcC5vcmciLCJfX3V6bWYiOiI3ZjkwMDBjYjgxNzJmZS1hNDliLTRmOGYtYWNhOC02ZjQ5MGQ3NTIyNzIxLTE3ODI4MjkxNjY4ODMwLTAwNDNjNGQ4YmU4MjdiZWMwMzgxMCIsInV6bXgiOiI3ZjkwMDBkZjIyMGUxZi0xMTZmLTRlNDgtOGUwMC0zM2YwNzZiYTkwMGMxLTE3ODI4MjkxNjY4ODMwLWQ0ZTBmZWQzMTNiZTFiNTYxMCJ9",erratum,erratum,False,high,"Title begins ""Corrigendum:"" citing the corrected article, the defining signal for an erratum.",False,200,
https://openalex.org/W4400394394,https://doi.org/10.1016/j.trac.2024.117850,https://linkinghub.elsevier.com/retrieve/pii/S0165993624003339,erratum,erratum,False,high,"Title begins ""Corrigendum to..."" citing the corrected article, the canonical correction-notice signal.",False,200,
https://openalex.org/W4220942744,https://doi.org/10.1098/rspb.2022.0321,https://doi.org/10.1098/rspb.2022.0321,erratum,erratum,False,high,Title begins 'Correction to' and dc.Type is 'correction'.,False,403,
https://openalex.org/W3010911839,https://doi.org/10.1016/j.jpba.2020.113167,https://linkinghub.elsevier.com/retrieve/pii/S0731708520303423,erratum,erratum,False,high,"Title begins ""Corrigendum to"", a correction notice for a previously published article.",False,200,
https://openalex.org/W4313236535,https://doi.org/10.1714/3934.39186,https://www.giornaledicardiologia.it/archivio/3934/articoli/39186/,erratum,erratum,False,high,"Title ""Errata corrige relativa al lavoro..."" citing the corrected article is a correction notice.",False,200,
https://openalex.org/W4406486467,https://doi.org/10.1021/acsami.4c22890,https://doi.org/10.1021/acsami.4c22890,erratum,erratum,False,high,"Title ""Correction to..."" and dc.Type=correction identify it as an erratum notice.",False,403,
https://openalex.org/W4400057361,https://doi.org/10.1016/j.foreco.2024.122096,https://linkinghub.elsevier.com/retrieve/pii/S0378112724004080,erratum,erratum,False,high,"Title begins ""Corrigendum to..."" citing the corrected article, a classic correction notice.",False,200,
https://openalex.org/W2514367870,https://doi.org/10.1016/j.bmc.2015.11.002,https://linkinghub.elsevier.com/retrieve/pii/S0968089615007646,erratum,erratum,False,high,"Title begins ""Corrigendum to"" citing the corrected article, the defining signal of an erratum.",False,200,
https://openalex.org/W4237825326,https://doi.org/10.1136/openhrt-2018-000866corr1,https://doi.org/10.1136/openhrt-2018-000866corr1,erratum,erratum,False,high,Title and DOI suffix 'corr1' identify this as a correction notice for a prior article.,False,403,
https://openalex.org/W4389163677,https://doi.org/10.1097/hjh.0000000000003621,https://journals.lww.com/jhypertension/fulltext/2024/01000/2023_esh_guidelines_for_the_management_of_arterial.29.aspx,erratum,erratum,False,high,Title ends with 'Erratum' and single-page correction notice citing the original guidelines.,False,200,
https://openalex.org/W4404291848,https://doi.org/10.1136/jitc-2024-010148corr1,https://doi.org/10.1136/jitc-2024-010148corr1,erratum,erratum,False,high,Title and DOI suffix 'corr1' identify this as a correction notice to a previously published article.,False,403,
https://openalex.org/W4324032746,https://doi.org/10.1016/j.ekir.2023.02.1090,https://linkinghub.elsevier.com/retrieve/pii/S2468024923012093,erratum,erratum,False,high,"Title begins ""Corrigendum to..."" citing the corrected article, a correction notice.",False,200,
https://openalex.org/W4244894953,https://doi.org/10.21037/hbsn.2016.11.03,https://hbsn.amegroups.org/article/view/12538/13254,erratum,erratum,False,high,"Title begins ""Erratum to"" and DC.Type.articleType is ""Erratum"".",False,200,
https://openalex.org/W2567671853,https://doi.org/10.1016/j.landusepol.2016.08.011,https://linkinghub.elsevier.com/retrieve/pii/S0264837716308134,erratum,erratum,False,high,"Title begins ""Erratum to..."" citing the corrected article, the canonical correction-notice signal.",False,200,
https://openalex.org/W3010806070,https://doi.org/10.1063/5.0005796,https://doi.org/10.1063/5.0005796,erratum,erratum,False,high,"Title starts ""Erratum:"" and dc.Type is ""erratum"".",False,403,
https://openalex.org/W4399332599,https://doi.org/10.1038/s41380-024-02616-3,https://www.nature.com/articles/s41380-024-02616-3,erratum,erratum,False,high,"Title ""Correction:"" and dc.type ""Erratum"" identify a correction notice.",False,200,
https://openalex.org/W4405906718,https://doi.org/10.1016/j.rser.2024.115302,https://linkinghub.elsevier.com/retrieve/pii/S1364032124010281,erratum,erratum,False,high,"Title begins ""Corrigendum to..."" citing the original article.",False,200,
https://openalex.org/W2969661169,https://doi.org/10.1016/j.heliyon.2019.e02321,https://linkinghub.elsevier.com/retrieve/pii/S240584401935981X,erratum,erratum,False,high,"Title begins with 'Corrigendum to' a previously published article, the defining erratum signal.",False,200,
https://openalex.org/W4242159492,https://doi.org/10.1007/s00428-021-03208-0,https://link.springer.com/10.1007/s00428-021-03208-0,erratum,erratum,False,high,Title 'Correction to:' and dc.type 'Erratum' indicate a correction notice.,False,200,
https://openalex.org/W2041411408,https://doi.org/10.1016/j.jenvman.2014.06.024,https://linkinghub.elsevier.com/retrieve/pii/S0301479714003259,erratum,erratum,False,high,"Title begins ""Corrigendum to..."", a correction notice for a previously published article.",False,200,
https://openalex.org/W4310992733,https://doi.org/10.1007/s35127-022-1582-0,https://www.springerprofessional.de/doi/10.1007/s35127-022-1582-0,erratum,erratum,False,high,"Title begins 'Erratum zu:' citing the corrected article, a classic correction notice.",False,200,
https://openalex.org/W1983658567,https://doi.org/10.1063/1.3660347,https://doi.org/10.1063/1.3660347,erratum,erratum,False,high,"Title begins ""Erratum:"" and dc.Type is ""correction"".",False,403,
https://openalex.org/W2569460350,https://doi.org/10.1038/nnano.2016.292,https://www.nature.com/articles/nnano.2016.292,erratum,erratum,False,high,Title and dc.type both indicate a corrigendum/correction notice.,False,200,
https://openalex.org/W3028014308,https://doi.org/10.1038/s41436-020-0839-9,https://linkinghub.elsevier.com/retrieve/pii/S1098360021007048,erratum,erratum,False,high,"Title begins ""Correction:"" amending a previously published article, a correction notice.",False,200,
https://openalex.org/W4408992219,https://doi.org/10.3390/molecules30071547,https://doi.org/10.3390/molecules30071547,erratum,erratum,False,high,"Title begins ""Correction:"" and dc.type is ""Correction,"" amending a prior article.",False,403,
https://openalex.org/W4386387394,https://doi.org/10.1007/s10995-023-03766-6,https://link.springer.com/10.1007/s10995-023-03766-6,erratum,erratum,False,high,Title 'Correction to:' and dc.type 'Erratum' identify a correction notice.,False,200,
https://openalex.org/W2396398005,https://doi.org/10.1007/s13142-016-0413-9,https://doi.org/10.1007/s13142-016-0413-9,erratum,erratum,False,high,"Title begins 'Erratum to:' on a single page, identifying it as a correction notice.",False,403,
https://openalex.org/W4235238432,https://doi.org/10.1111/jocn.12453,https://doi.org/10.1111/jocn.12453,erratum,erratum,False,high,Title 'Corrigendum' on a single page with zero references identifies it as a correction notice.,False,403,
https://openalex.org/W4256057068,https://doi.org/10.1097/aud.0b013e31822f3442,https://journals.lww.com/ear-hearing/fulltext/2011/09000/identifying_cochlear_implant_channels_with_poor.10.aspx,erratum,erratum,False,high,"Title explicitly ends with 'Erratum' on a single page, marking it a correction notice.",False,200,
https://openalex.org/W2597005469,https://doi.org/10.1002/cpa.21692,https://doi.org/10.1002/cpa.21692,erratum,erratum,False,high,"Title begins ""Corrigendum:"" citing the corrected article, the defining signal for an erratum.",False,403,
https://openalex.org/W4392471233,https://doi.org/10.1038/s41556-024-01385-z,https://www.nature.com/articles/s41556-024-01385-z,erratum,erratum,False,high,"Title ""Author Correction"" and dc.type=Erratum identify it as a correction notice.",False,200,
https://openalex.org/W4232374857,https://doi.org/10.1176/appi.ajp.2017.1742correction,https://doi.org/10.1176/appi.ajp.2017.1742correction,erratum,erratum,False,high,"dc.Type=correction and title ""CORRECTION"" with DOI suffix ""correction"" indicate a correction notice.",False,403,
https://openalex.org/W4387875692,https://doi.org/10.1016/j.ceramint.2023.10.160,https://linkinghub.elsevier.com/retrieve/pii/S0272884223032078,erratum,erratum,False,high,"Title begins ""Corrigendum to..."" citing a previously published article, a correction notice.",False,200,
https://openalex.org/W4381430773,https://doi.org/10.1073/pnas.2308664120,https://doi.org/10.1073/pnas.2308664120,erratum,erratum,False,high,Title 'Correction for Ho et al.' signals a correction notice for a previously published article.,False,403,
https://openalex.org/W597881988,https://doi.org/10.2147/ccid.s88448,https://www.dovepress.com/corrigendum-itolizumab-ndash-a-humanized-anti-cd6-monoclonal-anti-peer-reviewed-fulltext-article-CCID,erratum,erratum,False,high,Title labeled [Corrigendum] with single-page notice correcting a previously published article.,False,200,
https://openalex.org/W4410778204,https://doi.org/10.1007/s10653-025-02531-8,https://link.springer.com/10.1007/s10653-025-02531-8,erratum,erratum,False,high,Title and dc.type=Erratum mark this as a correction notice.,False,200,
https://openalex.org/W4251631878,https://doi.org/10.2196/resprot.6719,http://www.researchprotocols.org/2016/4/e194/,erratum,erratum,False,high,Title begins 'Correction of:' citing a previously published article.,False,202,
https://openalex.org/W4385287946,https://doi.org/10.1055/a-2118-7343,https://www.thieme-connect.de/products/ejournals/abstract/10.1055/a-2118-7343,erratum,erratum,False,high,"Title begins ""Correction:"" with single-page e209 and 0 references, marking it a correction notice.",False,200,
https://openalex.org/W4280490951,https://doi.org/10.2166/wqrj.2022.001,https://doi.org/10.2166/wqrj.2022.001,erratum,erratum,False,high,"Title begins 'Corrigendum:' citing the corrected article, defining a correction notice.",False,403,
https://openalex.org/W4225388201,https://doi.org/10.5535/arm.21144.e,https://www.e-arm.org/journal/view.php?doi=10.5535/arm.21144.e,erratum,erratum,False,high,"Title begins ""Correction:"" citing a previously published article, a correction notice.",False,200,
https://openalex.org/W4383620268,https://doi.org/10.1016/j.icheatmasstransfer.2023.106909,https://linkinghub.elsevier.com/retrieve/pii/S0735193323002981,erratum,erratum,False,high,"Title begins with ""Corrigendum to..."" citing the corrected article, which is the erratum signal.",False,200,
https://openalex.org/W4244346611,https://doi.org/10.1002/ajh.25745,https://doi.org/10.1002/ajh.25745,erratum,erratum,False,high,Title 'Erratum' with 0 references and single-page in a journal indicates a correction notice.,False,403,
https://openalex.org/W4241367815,https://doi.org/10.1007/s10086-017-1663-y,https://link.springer.com/article/10.1007/s10086-017-1663-y,erratum,erratum,False,high,"Title ""Erratum to:"" and dc.type ""Erratum"" identify a correction notice.",False,200,
https://openalex.org/W4236692772,https://doi.org/10.1007/s10750-012-1383-7,https://link.springer.com/article/10.1007/s10750-012-1383-7,erratum,erratum,False,high,"dc.type ""Erratum"" and title ""Erratum to:"" confirm a correction notice.",False,200,
https://openalex.org/W4417145538,https://doi.org/10.1111/acps.70046,https://doi.org/10.1111/acps.70046,erratum,erratum,False,high,"Title begins ""Correction to..."" indicating a correction notice for a previously published article.",False,403,
https://openalex.org/W4390706645,https://doi.org/10.1007/s00431-023-05396-0,https://link.springer.com/10.1007/s00431-023-05396-0,erratum,erratum,False,high,Title 'Correction to:' and dc.type=Erratum identify a correction notice.,False,200,
https://openalex.org/W4232302113,https://doi.org/10.1523/jneurosci.0053-19.2019,https://doi.org/10.1523/jneurosci.0053-19.2019,erratum,erratum,False,high,"Title begins ""Erratum:"" citing the corrected article, a clear correction notice.",False,403,
https://openalex.org/W4385477197,https://doi.org/10.1093/icvts/ivad125,https://doi.org/10.1093/icvts/ivad125,erratum,erratum,False,high,"Title and page title both read ""Erratum"" in a journal correction notice.",False,403,
https://openalex.org/W4253903696,https://doi.org/10.1080/23311916.2017.1336199,https://doi.org/10.1080/23311916.2017.1336199,erratum,erratum,False,high,Title 'Corrigendum' and dc.Type 'correction' identify this as a correction notice.,False,403,
https://openalex.org/W2012493650,https://doi.org/10.1016/j.jweia.2009.04.001,https://linkinghub.elsevier.com/retrieve/pii/S0167610509000233,erratum,erratum,False,high,"Title begins ""Erratum to..."" citing the corrected article, single page, zero references.",False,200,
https://openalex.org/W4223556106,https://doi.org/10.1038/s41556-022-00868-1,https://www.nature.com/articles/s41556-022-00868-1,erratum,erratum,False,high,"Title ""Author Correction:"" and dc.type ""Erratum"" indicate a correction notice.",False,200,
https://openalex.org/W4250162883,https://doi.org/10.1111/1911-3846.12631,https://doi.org/10.1111/1911-3846.12631,erratum,erratum,False,high,"Title and page title both read ""Erratum"" on a single page with zero references.",False,403,
https://openalex.org/W3086641140,https://doi.org/10.1016/j.ymssp.2020.107247,https://linkinghub.elsevier.com/retrieve/pii/S0888327020306336,erratum,erratum,False,high,"Title begins ""Corrigendum to..."" citing the corrected article, a correction notice.",False,200,
https://openalex.org/W1982309733,https://doi.org/10.1007/s10544-012-9707-y,https://link.springer.com/article/10.1007/s10544-012-9707-y,erratum,erratum,False,high,"dc.type=Erratum and title ""Erratum to:"" confirm a correction notice.",False,200,
https://openalex.org/W3169006458,https://doi.org/10.1016/j.erss.2021.102134,https://linkinghub.elsevier.com/retrieve/pii/S2214629621002279,erratum,erratum,False,high,"Title begins 'Corrigendum to...' citing the corrected article, a single-page correction notice.",False,200,
https://openalex.org/W4205968918,https://doi.org/10.1080/2165347x.2013.887941,https://doi.org/10.1080/2165347x.2013.887941,erratum,erratum,False,high,"Title ""Erratum"" and dc.Type ""correction"" identify it as a correction notice.",False,403,
https://openalex.org/W4238438613,https://doi.org/10.1159/000132558,https://doi.org/10.1159/000132558,erratum,erratum,False,high,"Title and page title both read ""Erratum,"" a single-page correction notice.",False,403,
https://openalex.org/W4407615467,https://doi.org/10.3389/fnut.2025.1561857,https://www.frontiersin.org/journals/nutrition/articles/10.3389/fnut.2025.1561857/full,erratum,erratum,False,high,"Title begins with ""Corrigendum:"" indicating a correction notice for a previously published article.",False,200,
https://openalex.org/W4413447361,https://doi.org/10.1016/j.jconrel.2025.114137,https://linkinghub.elsevier.com/retrieve/pii/S0168365925007485,erratum,erratum,False,high,"Title begins 'Corrigendum to' a previously published article, the canonical correction-notice signal.",False,200,
https://openalex.org/W4413762812,https://doi.org/10.1016/j.sleep.2025.106721,https://linkinghub.elsevier.com/retrieve/pii/S138994572500396X,erratum,erratum,False,high,"Title begins ""Corrigendum to..."", a correction notice for a previously published article.",False,200,
https://openalex.org/W4234546073,https://doi.org/10.1371/journal.pone.0196928,https://journals.plos.org/plosone/article?id=10.1371/journal.pone.0196928,erratum,erratum,False,high,"Title begins ""Correction:"" and cites the original article, a correction notice.",False,200,
https://openalex.org/W4245498012,https://doi.org/10.1017/s0007114511003898,https://www.cambridge.org/core/journals/british-journal-of-nutrition/article/impact-of-the-catecholomethyltransferase-genotype-on-the-acute-responsiveness-of-vascular-reactivity-to-a-green-tea-extract-corrigendum/763B5755ABBCD1D9F7D1863953735A2B,erratum,erratum,False,high,"Title explicitly labeled ""CORRIGENDUM"" citing the corrected article, the hallmark of an erratum.",False,200,
https://openalex.org/W4287306746,https://doi.org/10.1177/1942602x221117628,https://doi.org/10.1177/1942602x221117628,erratum,erratum,False,high,"Title ""Erratum to..."" and dc.Type ""correction"" indicate a correction notice.",False,403,
https://openalex.org/W4247414855,https://doi.org/10.2138/am-2020-e105513,https://www.degruyterbrill.com:443/document/doi/10.2138/am-2020-E105513/html,erratum,erratum,False,high,Title and DOI suffix 'am-2020-E105513' identify it as an erratum/correction notice.,False,202,
https://openalex.org/W3096978394,https://doi.org/10.1039/d0cc90495c,https://doi.org/10.1039/d0cc90495c,erratum,erratum,False,high,"Title begins ""Correction:"" indicating a correction notice for a previously published article.",False,403,
https://openalex.org/W4224305697,https://doi.org/10.1055/a-1823-2120,https://www.thieme-connect.de/products/ejournals/abstract/10.1055/a-1823-2120,erratum,erratum,False,high,"Title begins ""Correction:"" with single-page C9-C9 correction-notice format.",False,200,
https://openalex.org/W4412431152,https://doi.org/10.1063/5.0283119,https://doi.org/10.1063/5.0283119,erratum,erratum,False,high,"Title begins ""Erratum:"" citing a previously published article, a correction notice.",False,403,
https://openalex.org/W4229627808,https://doi.org/10.1080/17470919.2014.903712,https://doi.org/10.1080/17470919.2014.903712,erratum,erratum,False,high,Title 'Corrigendum' and dc.Type 'correction' identify this as a correction notice.,False,403,
https://openalex.org/W4231431927,https://doi.org/10.7287/peerj.12298v0.1/reviews/1,https://doi.org/10.7287/peerj.12298v0.1/reviews/1,peer-review,peer-review,False,high,Title 'Peer Review #1 of...' and PeerJ Review History page confirm an open peer-review artifact.,False,403,
https://openalex.org/W4249938270,https://doi.org/10.7287/peerj.11814v0.1/reviews/3,https://doi.org/10.7287/peerj.11814v0.1/reviews/3,peer-review,peer-review,False,high,Crossref type peer-review and title 'Peer Review #3 of...' with PeerJ review-history page identify a formal referee report.,False,403,
https://openalex.org/W4386162494,https://doi.org/10.7554/elife.89281.1.sa2,https://elifesciences.org/reviewed-preprints/89281v1,peer-review,peer-review,False,high,eLife Assessment with cr_type peer-review is a formal open-review artifact about a single work.,False,200,
https://openalex.org/W4403413112,https://doi.org/10.7554/elife.95678.3.sa0,https://elifesciences.org/articles/95678v1,peer-review,peer-review,False,high,eLife assessment with Crossref type peer-review and DOI suffix .sa0 is a formal open-review artifact about one work.,False,200,
https://openalex.org/W4237721300,https://doi.org/10.5194/acp-2019-627-ac2,https://acp.copernicus.org/preprints/acp-2019-627/acp-2019-627-AC2.pdf,peer-review,peer-review,False,high,Crossref type peer-review with Copernicus AC2 author-comment artifact tied to a single manuscript.,False,200,
https://openalex.org/W4239500399,https://doi.org/10.5194/acp-2020-1297-rc2,https://acp.copernicus.org/preprints/acp-2020-1297/,peer-review,peer-review,False,high,"DOI suffix RC2, Crossref type peer-review, and page title 'ACP - Peer review' identify it as a referee comment on a single manuscript.",False,200,
https://openalex.org/W7160332432,https://doi.org/10.5194/egusphere-2026-1544-ac2,https://egusphere.copernicus.org/preprints/2026/egusphere-2026-1544/,peer-review,peer-review,False,high,Crossref type is peer-review and the AC2 author-comment is an open-review artifact for a single manuscript.,False,200,
https://openalex.org/W4391062664,https://doi.org/10.32388/zffssc,https://www.qeios.com/read/ZFFSSC,peer-review,peer-review,False,high,Qeios 'Review by Farrukh Mahmood' of a single article is a formal open peer-review artifact about one target work.,False,200,
https://openalex.org/W4402504942,https://doi.org/10.1111/dom.15866/v2/response1,https://www.webofscience.com/wos/woscc/full-record/10.1111%2FDOM.15866?type=doi&SID=USW2EC0E89OK5hSpSZgYJsoDtnkN6,peer-review,peer-review,False,high,Title 'Author response for...' with DOI suffix /v2/response1 and cr_type peer-review identify it as an open-review author response artifact.,False,200,
https://openalex.org/W4405486351,https://doi.org/10.1039/d4lc00817k/v1/review2,https://www.webofscience.com/wos/woscc/full-record/10.1039%2FD4LC00817K?type=doi&SID=USW2EC0E89MiAsVxKMOM49VTDR3fK,peer-review,peer-review,False,high,"Crossref type peer-review and title ""Review for ..."" on a specific manuscript with DOI suffix /review2.",False,200,
https://openalex.org/W4401352932,https://doi.org/10.1039/d4ra03697b/v1/decision1,https://www.webofscience.com/wos/woscc/full-record/10.1039%2FD4RA03697B?type=doi&SID=USW2EC0DCA3taXEvnHMbxDnQvuIaK,peer-review,peer-review,False,high,Title is a 'Decision letter' for a specific manuscript and Crossref type is peer-review.,False,200,
https://openalex.org/W4405629359,https://doi.org/10.1039/d4bm01356e/v1/review1,https://www.webofscience.com/wos/woscc/full-record/10.1039%2FD4BM01356E?type=doi&SID=USW2EC0FFEsm4b093thy3nzbLknSC,peer-review,peer-review,False,high,"DOI suffix ""/review1"" and title ""Review for..."" mark this as a formal referee report on a single manuscript.",False,200,
https://openalex.org/W4405895503,https://doi.org/10.32388/7cyoca,https://www.qeios.com/read/7CYOCA,peer-review,peer-review,False,high,Qeios 'Review of:' title with cr_type peer-review identifies a formal open peer-review artifact about a single work.,False,200,
https://openalex.org/W4389080304,https://doi.org/10.5194/bg-2023-136-rc2,https://bg.copernicus.org/preprints/bg-2023-136/,peer-review,peer-review,False,high,DOI suffix RC2 and title 'Comment on bg-2023-136' with cr_type peer-review mark this as a referee comment on a single manuscript.,False,200,
https://openalex.org/W4239747634,https://doi.org/10.5194/wes-2017-23-rc1,https://wes.copernicus.org/preprints/wes-2017-23/wes-2017-23-RC1.pdf,peer-review,peer-review,False,high,Crossref type peer-review with RC1 (referee comment) DOI on a Copernicus discussions preprint.,False,200,
https://openalex.org/W4316339677,https://doi.org/10.5194/gmd-2022-188-rc2,https://gmd.copernicus.org/preprints/gmd-2022-188/,peer-review,peer-review,False,high,"DOI suffix '-rc2', title 'Comment on gmd-2022-188', and cr_type 'peer-review' identify a referee comment on a single Copernicus discussion paper.",False,200,
https://openalex.org/W4416218534,https://doi.org/10.1177/10732748251397676/v2/review2,https://www.webofscience.com/wos/woscc/full-record/10.1177%2F10732748251397676?type=doi&SID=USW2EC0DCAkWz1mbPnge8Rtde9AiS,peer-review,peer-review,False,high,"DOI suffix /review2 and title ""Review for ..."" plus cr_type peer-review identify a formal referee report on a single manuscript.",False,200,
https://openalex.org/W4390650676,https://doi.org/10.32388/4f23eh,https://www.qeios.com/read/retracted/4F23EH,peer-review,peer-review,False,high,"Qeios ""Review of: ..."" open-review artifact about a single target work, with cr_type peer-review and 0 references.",False,200,
https://openalex.org/W4245776048,https://doi.org/10.7287/peerj.7456v0.1/reviews/1,https://doi.org/10.7287/peerj.7456v0.1/reviews/1,peer-review,peer-review,False,high,Title 'Peer Review #1 of...' and cr_type peer-review on PeerJ review-history page.,False,403,
https://openalex.org/W4406638064,https://doi.org/10.1111/dom.16202/v2/response1,https://www.webofscience.com/wos/woscc/full-record/10.1111%2FDOM.16202?type=doi&SID=USW2EC0B14TGNRTRSRNfbzmoWI66O,peer-review,peer-review,False,high,"DOI and title ""Author response for..."" indicate an author response within an open peer-review package, confirmed by cr_type peer-review.",False,200,
https://openalex.org/W4406047121,https://doi.org/10.5194/egusphere-2024-2660-rc3,https://egusphere.copernicus.org/preprints/2024/egusphere-2024-2660/,peer-review,peer-review,False,high,Crossref type peer-review with title 'Comment on egusphere-2024-2660' identifies an open referee report on a single manuscript.,False,200,
https://openalex.org/W4255685357,https://doi.org/10.1002/cjce.24266/v3/response1,https://www.webofscience.com/wos/woscc/full-record/WOS:000683489500001?&SID=USW2EC0E89xzR10pawwgj5wcOeXfb,peer-review,peer-review,False,high,Crossref type peer-review with DOI suffix /response1 and 'Author response' title hosted on Publons indicates an open-review artifact.,False,200,
https://openalex.org/W3018205703,https://doi.org/10.1002/brb3.1626/v1/review1,https://www.webofscience.com/wos/woscc/full-record/WOS:000527087800001?&SID=USW2EC0FFElBSh7E1F67rTMoV9Hrn,peer-review,peer-review,False,high,"DOI suffix /review1, title 'Review for...', and cr_type peer-review on a Publons record.",False,200,
https://openalex.org/W4408885512,https://doi.org/10.32388/qulqjy,https://www.qeios.com/read/QULQJY,peer-review,peer-review,False,high,"Qeios ""Review of:"" open peer-review report on a single article, with Crossref type peer-review.",False,200,
https://openalex.org/W4401706311,https://doi.org/10.32388/nsmdpq,https://www.qeios.com/read/NSMDPQ,peer-review,peer-review,False,high,Crossref type peer-review and Qeios 'Review of:' title indicate a formal peer-review report on a single work.,False,200,
https://openalex.org/W4412168179,https://doi.org/10.1039/d5ra03471j/v2/decision1,https://www.webofscience.com/wos/woscc/full-record/10.1039%2FD5RA03471J?type=doi&SID=USW2EC0B2AgDQFBRdQhtFgCnB0A1y,peer-review,peer-review,False,high,Title 'Decision letter' plus Crossref type peer-review identify a formal review-process artifact for one manuscript.,False,200,
https://openalex.org/W7131679258,https://doi.org/10.1039/d5cc07010d/v2/review1,https://doi.org/10.1039/d5cc07010d/v2/review1,peer-review,peer-review,False,high,DOI suffix '/review1' and title 'Review for ...' identify a formal referee report on a single manuscript.,False,,
https://openalex.org/W4206519134,https://doi.org/10.1111/ele.13710/v2/decision1,https://www.webofscience.com/wos/woscc/full-record/WOS:000620219300001?&SID=USW2EC0E89R6gW5AqVw58DvXIqT2d,peer-review,peer-review,False,high,Title 'Decision letter for...' with cr_type peer-review and Publons landing page identifies a formal peer-review artifact.,False,200,
https://openalex.org/W7164028394,https://doi.org/10.1002/mhs2.70051/v1/decision1,https://www.webofscience.com/wos/woscc/full-record/10.1002%2FMHS2.70051?type=doi&SID=USW2EC0DC2m1TWg4DZoyk4nIUg9gZ,peer-review,peer-review,False,high,Title 'Decision letter for...' plus Crossref type peer-review marks a formal open-review artifact about a single work.,False,200,
https://openalex.org/W3080803458,https://doi.org/10.7554/elife.54385.sa2,https://elifesciences.org/articles/54385v1/peer-reviews,peer-review,peer-review,False,high,Crossref type peer-review and title 'Author response' with eLife peer-reviews landing URL.,False,200,
https://openalex.org/W7132856027,https://doi.org/10.1088/1361-651x/ae4b5d/v1/review1,https://www.webofscience.com/wos/woscc/full-record/10.1088%2F1361-651X%2FAE4B5D?type=doi&SID=USW2EC0B14d9d3wpZVKtyiEZyGAsU,peer-review,peer-review,False,high,"DOI and title (""Review for ..."") plus Crossref type peer-review identify a formal referee report on one manuscript.",False,200,
https://openalex.org/W4399913744,https://doi.org/10.1002/cne.25629/v1/review1,https://www.webofscience.com/wos/woscc/full-record/10.1002%2FCNE.25629?type=doi&SID=USW2EC0A2FQvli04Nd4n7LsSGvR6R,peer-review,peer-review,False,high,DOI suffix '/review1' and title 'Review for ...' with cr_type peer-review identify a formal referee report on a single manuscript.,False,200,
https://openalex.org/W4408560880,https://doi.org/10.5194/egusphere-2025-417-rc1,https://egusphere.copernicus.org/preprints/2025/egusphere-2025-417/,peer-review,peer-review,False,high,Crossref type peer-review with DOI suffix RC1 (referee comment) and title 'Comment on egusphere-2025-417' identify a formal open-review artifact.,False,200,
https://openalex.org/W4408307686,https://doi.org/10.1039/d5ce00031a/v2/review1,https://www.webofscience.com/wos/woscc/full-record/10.1039%2FD5CE00031A?type=doi&SID=USW2EC0B2AuoLEynjWazz6YA3NF3d,peer-review,peer-review,False,high,DOI suffix '/review1' and title 'Review for...' with cr_type peer-review identify a formal referee report on one manuscript.,False,200,
https://openalex.org/W4411942350,https://doi.org/10.1039/d5cp01260k/v2/decision1,https://www.webofscience.com/wos/woscc/full-record/10.1039%2FD5CP01260K?type=doi&SID=USW2EC0BD6r42NBs42pMwxc8RkRf2,peer-review,peer-review,False,high,"Title ""Decision letter"" with Crossref type peer-review is a formal review-process artifact about one work.",False,200,
https://openalex.org/W4404135363,https://doi.org/10.7554/elife.93232.3.sa1,https://elifesciences.org/articles/93232v1/peer-reviews,peer-review,peer-review,False,high,Title 'Reviewer #1 (Public review)' and eLife peer-reviews URL identify a formal open peer-review report.,False,200,
https://openalex.org/W4210513595,https://doi.org/10.7554/elife.72579.sa1,https://elifesciences.org/articles/72579v2/peer-reviews,peer-review,peer-review,False,high,Title 'Decision letter' and Crossref type 'peer-review' on eLife sa1 identify a formal open-review artifact.,False,200,
https://openalex.org/W4234246015,https://doi.org/10.7287/peerj.3475v0.4/reviews/3,https://doi.org/10.7287/peerj.3475v0.4/reviews/3,peer-review,peer-review,False,high,Title 'Peer Review #3' and cr_type 'peer-review' with PeerJ review-history page.,False,403,
https://openalex.org/W4213063016,https://doi.org/10.5194/hess-2021-300-ac1,https://hess.copernicus.org/preprints/hess-2021-300/,peer-review,peer-review,False,high,Title 'Reply on RC1' with Crossref type peer-review is an author response in an open-review package.,False,200,
https://openalex.org/W4404131341,https://doi.org/10.1098/rspb.2024.1441/v2/decision1,https://www.webofscience.com/wos/woscc/full-record/10.1098%2FRSPB.2024.1441?type=doi&SID=USW2EC0A2FosFoAyJPZoXVnGBEjTc,peer-review,peer-review,False,high,Title is a 'Decision letter' for a specific manuscript and Crossref type is peer-review.,False,200,
https://openalex.org/W4323317520,https://doi.org/10.32388/5otfqc,https://www.qeios.com/read/5OTFQC,peer-review,peer-review,False,high,"Qeios ""Review of:"" title with cr_type peer-review identifies a formal open peer-review report on a single article.",False,200,
https://openalex.org/W4413386739,https://doi.org/10.1039/d5tc00389j/v1/review1,https://doi.org/10.1039/d5tc00389j/v1/review1,peer-review,peer-review,False,high,"DOI suffix /review1 and title ""Review for ..."" with cr_type peer-review identify a referee report on a single manuscript.",False,,
https://openalex.org/W3125433331,https://doi.org/10.1111/cge.13928/v2/response1,https://www.webofscience.com/wos/woscc/full-record/WOS:000612609800001?&SID=USW2EC0FD7uU7svqswuJJsIMOsGM3,peer-review,peer-review,False,high,Crossref type peer-review and title 'Author response for...' hosted on Publons identifies it as an open-review artifact.,False,200,
https://openalex.org/W4414645890,https://doi.org/10.1111/rec3.70028/v1/review4,https://www.webofscience.com/wos/woscc/full-record/10.1111%2FREC3.70028?type=doi&SID=USW2EC0B14EpSJbTFpgVJIpJytpob,peer-review,peer-review,False,high,"DOI suffix ""/review4"" and title ""Review for..."" with cr_type peer-review identify a formal referee report.",False,200,
https://openalex.org/W4242332184,https://doi.org/10.5194/acp-2017-234-rc2,https://acp.copernicus.org/preprints/acp-2017-234/acp-2017-234-RC2.pdf,peer-review,peer-review,False,high,Crossref type peer-review with an RC2 referee-comment DOI on a Copernicus ACP preprint.,False,200,
https://openalex.org/W4416755636,https://doi.org/10.1177/25152459251391186/v4/response1,https://www.webofscience.com/wos/woscc/full-record/10.1177%2F25152459251391186?type=doi&SID=USW2EC0B2AWM8SoLYZwifr1V3JXcU,peer-review,peer-review,False,high,Title 'Author response for...' and DOI '/response1' identify it as an author response within an open peer-review package.,False,200,
https://openalex.org/W4385653455,https://doi.org/10.1111/beer.12580/v1/decision1,https://www.webofscience.com/wos/woscc/full-record/10.1111%2FBEER.12580?type=doi&SID=USW2EC0B14GWwTKpJcttAv2JTVw2R,peer-review,peer-review,False,high,Title 'Decision letter for...' plus cr_type peer-review identifies a formal review-process artifact about one target work.,False,200,
https://openalex.org/W4393154329,https://doi.org/10.15252/rc.2024077462,https://eeb.embo.org/p/KLF7-is-a-general-inducer-of-human-pluripotency,peer-review,peer-review,False,high,Title 'Peer Review #2 of...' and cr_type peer-review on EMBO Early Evidence Base review platform.,False,200,
https://openalex.org/W4402083459,https://doi.org/10.1111/ejn.16515/v2/decision1,https://www.webofscience.com/wos/woscc/full-record/10.1111%2FEJN.16515?type=doi&SID=USW2EC0B14jBKzOqaEum9s64P9g9S,peer-review,peer-review,False,high,"Title ""Decision letter for..."" with cr_type peer-review identifies a formal open-review artifact about one work.",False,200,
https://openalex.org/W4390266130,https://doi.org/10.7554/elife.88657.3.sa3,https://elifesciences.org/articles/88657v1/peer-reviews,peer-review,peer-review,False,high,Title 'Reviewer #3 (Public Review)' and cr_type peer-review on eLife peer-reviews page identify a formal review artifact.,False,200,
https://openalex.org/W4380563941,https://doi.org/10.1111/cge.14390/v2/review1,https://www.webofscience.com/wos/woscc/full-record/WOS:001007914500001?&SID=USW2EC0BD61Y3rilUqSv1woesJ5OU,peer-review,peer-review,False,high,"Crossref type peer-review and title ""Review for ..."" identify a formal referee report on a single manuscript.",False,200,
https://openalex.org/W4200324679,https://doi.org/10.1002/vms3.673/v3/review1,https://www.webofscience.com/wos/woscc/full-record/WOS:000725943100001?&SID=USW2EC0FFEX5caWDKEReIRV2Yeion,peer-review,peer-review,False,high,"Crossref type peer-review, DOI suffix /review1, and title 'Review for ...' on Publons confirm a formal referee report.",False,200,
https://openalex.org/W4388995016,https://doi.org/10.1039/d3ra06873k/v2/response1,https://www.webofscience.com/wos/woscc/full-record/10.1039%2FD3RA06873K?type=doi&SID=USW2EC0FFEGEmnLr9cU7myZtYhcm3,peer-review,peer-review,False,high,Title 'Author response for...' with Crossref type peer-review identifies it as an open-review artifact tied to one manuscript.,False,200,
https://openalex.org/W4245542554,https://doi.org/10.5194/amt-2020-507-ac2,https://amt.copernicus.org/preprints/amt-2020-507/,peer-review,peer-review,False,high,"Crossref type peer-review and title ""Reply on RC3"" on a Copernicus open-review discussion page mark this as an author response in formal open peer review.",False,200,
https://openalex.org/W4411155295,https://doi.org/10.5194/egusphere-2025-1190-rc2,https://egusphere.copernicus.org/preprints/2025/egusphere-2025-1190/,peer-review,peer-review,False,high,Crossref type peer-review with DOI suffix RC2 (referee comment) on an EGUsphere preprint.,False,200,
https://openalex.org/W4293445297,https://doi.org/10.1002/jbmr.4686/v2/review1,https://www.webofscience.com/wos/woscc/full-record/WOS:000854610900001?&SID=USW2EC0BD649d2N4hPWeCPqKa4i8D,peer-review,peer-review,False,high,Crossref type peer-review with title 'Review for ...' and Publons/WoS review record DOI.,False,200,
https://openalex.org/W4410932136,https://doi.org/10.25189/2675-4916.2024.v5.n1.id691.a,https://cadernos.abralin.org/index.php/cadernos/article/view/691#title-10,peer-review,peer-review,False,high,"Title ""Resposta dos Autores"" (Authors' Response) plus Crossref type peer-review indicate an author response within an open-review package.",False,200,
https://openalex.org/W4237442068,https://doi.org/10.5194/acp-2019-297-rc1,https://acp.copernicus.org/preprints/acp-2019-297/acp-2019-297-RC1.pdf,peer-review,peer-review,False,high,Title 'Referee Comment on...' and cr_type peer-review identify a formal referee report on a single manuscript.,False,200,
https://openalex.org/W4248309016,https://doi.org/10.5194/acp-2019-115-rc2,https://acp.copernicus.org/preprints/acp-2019-115/acp-2019-115-RC2.pdf,peer-review,peer-review,False,high,Crossref type peer-review with title 'Reviewer comments on Discussion Paper' on a Copernicus open-review RC artifact.,False,200,
https://openalex.org/W4394927438,https://doi.org/10.15252/rc.2024596242,https://eeb.embo.org/p/The-nuclear-basket-regulates-distribution-and-mobility-of-nuclear-pore-complexes-in-budding-yeast,peer-review,peer-review,False,high,Title says 'Peer Review #3 of...' and Crossref type is peer-review.,False,200,
https://openalex.org/W4360969920,https://doi.org/10.1002/ntls.20220027/v1/decision1,https://www.webofscience.com/wos/woscc/full-record/WOS:001115572100008?&SID=USW2EC0BD6eqLxiVg1ocbPdZhvxLg,peer-review,peer-review,False,high,Title 'Decision letter for...' and cr_type peer-review identify a formal review-process artifact about one work.,False,200,
https://openalex.org/W4391057238,https://doi.org/10.1039/d3su00272a/v1/review1,https://www.webofscience.com/wos/woscc/full-record/10.1039%2FD3SU00272A?type=doi&SID=USW2EC0DC2LbYqo8r2jPVznwqxHTZ,peer-review,peer-review,False,high,"DOI suffix '/review1', title 'Review for...', and cr_type 'peer-review' all identify a formal referee report on one manuscript.",False,200,
https://openalex.org/W4416218475,https://doi.org/10.1002/cl2.70076/v7/response1,https://www.webofscience.com/wos/woscc/full-record/10.1002%2FCL2.70076?type=doi&SID=USW2EC0B2Az6SzEMpWPFHOxbzwhlL,peer-review,peer-review,False,high,Crossref type peer-review and title 'Author response for...' is a formal open-review artifact tied to one manuscript.,False,200,
https://openalex.org/W4238749224,https://doi.org/10.7287/peerj.2527v0.1/reviews/2,https://doi.org/10.7287/peerj.2527v0.1/reviews/2,peer-review,peer-review,False,high,Title 'Peer Review #2 of...' and Crossref type peer-review identify a formal open-review report.,False,403,
https://openalex.org/W7151216621,https://doi.org/10.1111/ele.70370/v2/decision1,https://www.webofscience.com/wos/woscc/full-record/10.1111%2FELE.70370?type=doi&SID=USW2EC0E894TZWBQnpBItAPtKKICp,peer-review,peer-review,False,high,"Title is a 'Decision letter' and Crossref type is peer-review, a formal review-process artifact about one work.",False,200,
https://openalex.org/W7140035729,https://doi.org/10.15252/rc.2026504362,https://eeb.embo.org/p/Caveolin-1-regulates-context-dependent-signaling-and-survival-in-Ewing-Sarcoma,peer-review,peer-review,False,high,Title 'Peer Review #3 of...' and cr_type 'peer-review' identify a formal review-process artifact about one work.,False,200,
https://openalex.org/W7141200768,https://doi.org/10.1039/d6ay00309e/v2/response1,https://www.webofscience.com/wos/woscc/full-record/10.1039%2FD6AY00309E?type=doi&SID=USW2EC0B14wLrv9oPA4CtGS01ZVLJ,peer-review,peer-review,False,high,"Title is an 'Author response' attached to open peer review, with cr_type peer-review.",False,200,
https://openalex.org/W4410117558,https://doi.org/10.32388/46e537,https://www.qeios.com/read/46E537,peer-review,peer-review,False,high,Qeios 'Review of: ...' by a named reviewer is a formal open peer-review artifact about a single work.,False,200,
https://openalex.org/W3096207762,https://doi.org/10.1002/brb3.1889/v1/review1,https://www.webofscience.com/wos/woscc/full-record/WOS:000583188300001?&SID=USW2EC0B14OZ7qlXQsLtIqHZRe2P1,peer-review,peer-review,False,high,"Title ""Review for ..."" with cr_type peer-review and Publons review URL indicates a formal peer-review artifact.",False,200,
https://openalex.org/W4379650326,https://doi.org/10.32388/bk5hgu,https://www.qeios.com/read/BK5HGU,peer-review,peer-review,False,high,Qeios 'Review of:' title with cr_type peer-review identifies a formal open peer-review artifact about a single work.,False,200,
https://openalex.org/W4414502156,https://doi.org/10.5194/egusphere-2025-3469-ac1,https://egusphere.copernicus.org/preprints/2025/egusphere-2025-3469/,peer-review,peer-review,False,high,Title 'Reply on RC1' with Crossref type peer-review is an author response within an open-review package.,False,200,
https://openalex.org/W7163211715,https://doi.org/10.1039/d6qo00077k/v1/review2,https://www.webofscience.com/wos/woscc/full-record/10.1039%2FD6QO00077K?type=doi&SID=USW2EC0DCAu9xSudG9wuNckWZxeN7,peer-review,peer-review,False,high,Crossref type peer-review and title 'Review for ...' identify a formal referee report on a single manuscript.,False,200,
https://openalex.org/W4285344872,https://doi.org/10.1111/pai.13814/v1/decision1,https://www.webofscience.com/wos/woscc/full-record/WOS:000820316700015?&SID=USW2EC0A2FdvLZID4eEXScdNip80Q,peer-review,peer-review,False,high,Title 'Decision letter for...' plus cr_type peer-review and Publons hosting identify a formal peer-review artifact.,False,200,
https://openalex.org/W4232114866,https://doi.org/10.1002/jbmr.4207/v1/review1,https://www.webofscience.com/wos/woscc/full-record/WOS:000593669400001?&SID=USW2EC0FFEp51gWdgUzM0wdr4HYbl,peer-review,peer-review,False,high,Title 'Review for ...' with Crossref type peer-review and Publons venue identifies a formal referee report.,False,200,
https://openalex.org/W4400841111,https://doi.org/10.32388/hvalh5,https://www.qeios.com/read/HVALH5,peer-review,peer-review,False,high,"Qeios open-review record titled ""Review of..."" with cr_type peer-review reviewing a single article.",False,200,
https://openalex.org/W4403414237,https://doi.org/10.1039/d4ra05978f/v2/review2,https://www.webofscience.com/wos/woscc/full-record/10.1039%2FD4RA05978F?type=doi&SID=USW2EC0FD7ERneDVoVNEMpix1wn3L,peer-review,peer-review,False,high,DOI '/review2' and title 'Review for ...' a specific manuscript identify a formal open peer-review report.,False,200,
https://openalex.org/W4409188905,https://doi.org/10.1111/ele.70018/v2/review2,https://www.webofscience.com/wos/woscc/full-record/10.1111%2FELE.70018?type=doi&SID=USW2EC0DC2sIeGuQosNUKnSJOOBvf,peer-review,peer-review,False,high,"Title ""Review for ..."" with DOI suffix /review2 and cr_type peer-review identifies a formal referee report on one work.",False,200,
https://openalex.org/W7134036535,https://doi.org/10.1039/d5nr05043j/v2/review1,https://www.webofscience.com/wos/woscc/full-record/10.1039%2FD5NR05043J?type=doi&SID=USW2EC0BD62iPL6sDvgoG7Yq4d94l,peer-review,peer-review,False,high,DOI suffix '/review1' and title 'Review for ...' plus cr_type peer-review identify a referee report on one manuscript.,False,200,
https://openalex.org/W3128426083,https://doi.org/10.5194/acp-2016-661-ac1,https://acp.copernicus.org/preprints/acp-2016-661/acp-2016-661-AC1.pdf,peer-review,peer-review,False,high,Crossref type peer-review with title 'Response to Referee #1' is an author response in an open-review package.,False,200,
https://openalex.org/W4395057579,https://doi.org/10.1111/jan.16013/v3/response1,https://www.webofscience.com/wos/woscc/full-record/10.1111%2FJAN.16013?type=doi&SID=USW2EC0A2FUtXokL5WhVSmzBokIyw,peer-review,peer-review,False,high,Crossref type peer-review and title is an author response within an open-review package for a specific manuscript.,False,200,
https://openalex.org/W4412472765,https://doi.org/10.1039/d5fo01825k/v1/review1,https://www.webofscience.com/wos/woscc/full-record/10.1039%2FD5FO01825K?type=doi&SID=USW2EC0FFERoGEYKVMahMw7NeNNSC,peer-review,peer-review,False,high,"Title 'Review for ""...""' with DOI suffix /review1 and cr_type peer-review identifies a formal referee report on one manuscript.",False,200,
https://openalex.org/W4408346943,https://doi.org/10.1039/d4ta08136f/v1/review1,https://www.webofscience.com/wos/woscc/full-record/10.1039%2FD4TA08136F?type=doi&SID=USW2EC0FFEqLuTxaLWwi3LsUtuL0h,peer-review,peer-review,False,high,Title 'Review for...' plus cr_type and DOI suffix /review1 mark this as a formal peer-review report on one manuscript.,False,200,
https://openalex.org/W3143750812,https://doi.org/10.7554/elife.65012.sa2,https://elifesciences.org/articles/65012v2/peer-reviews,peer-review,peer-review,False,high,"eLife 'Author response' (sa2) is a formal open-review artifact, confirmed by Crossref type peer-review and the peer-reviews landing URL.",False,200,
https://openalex.org/W4366548723,https://doi.org/10.5194/egusphere-2023-453-rc2,https://egusphere.copernicus.org/preprints/2023/egusphere-2023-453/,peer-review,peer-review,False,high,DOI suffix '-rc2' and title 'Comment on egusphere-2023-453' with cr_type peer-review indicate a referee comment on a single preprint.,False,200,
https://openalex.org/W7130722750,https://doi.org/10.1039/d5cc07114c/v2/response1,https://www.webofscience.com/wos/woscc/full-record/10.1039%2FD5CC07114C?type=doi&SID=USW2EC0E89xKwJ65NrSFqPmZTGd20,peer-review,peer-review,False,high,Crossref type peer-review and title 'Author response for...' indicate a formal open-review artifact tied to one manuscript.,False,200,
https://openalex.org/W4415936715,https://doi.org/10.1002/eng2.70473/v1/review2,https://www.webofscience.com/wos/woscc/full-record/10.1002%2FENG2.70473?type=doi&SID=USW2EC0FD7rEukT519eWXrkvxnJzP,peer-review,peer-review,False,high,"Title begins ""Review for..."" a specific manuscript and Crossref type is peer-review.",False,200,
https://openalex.org/W7166206746,https://doi.org/10.5194/egusphere-2026-868-ac3,https://egusphere.copernicus.org/preprints/2026/egusphere-2026-868/,peer-review,peer-review,False,high,"Crossref type peer-review with title 'Reply on RC3', an author response in an open-review package.",False,200,
https://openalex.org/W7125910357,https://doi.org/10.32388/bwh0k3,https://www.qeios.com/read/BWH0K3,peer-review,peer-review,False,high,Qeios open-review artifact titled 'Review of:' with cr_type peer-review reviewing a single article.,False,200,
https://openalex.org/W7155177845,https://doi.org/10.1098/rspb.2025.1884/v3/response1,https://www.webofscience.com/wos/woscc/full-record/10.1098%2FRSPB.2025.1884?type=doi&SID=USW2EC0FD7ZyJ7rx1h3Z40etATQYJ,peer-review,peer-review,False,high,"DOI and title identify an 'Author response' attached to a formal open peer-review package, with Crossref type peer-review.",False,200,
https://openalex.org/W4408396547,https://doi.org/10.1111/febs.70043/v2/review2,https://www.webofscience.com/wos/woscc/full-record/10.1111%2FFEBS.70043?type=doi&SID=USW2EC0FFExsmqFfRlUCqJvMXVBKG,peer-review,peer-review,False,high,"Title begins ""Review for..."" a specific manuscript and cr_type/oa_type are peer-review.",False,200,
https://openalex.org/W7154836072,https://doi.org/10.1002/2688-8319.70248/v3/decision1,https://www.webofscience.com/wos/woscc/full-record/10.1002%2F2688-8319.70248?type=doi&SID=USW2EC0E89LAWhBPm8Re28G7ylbJD,peer-review,peer-review,False,high,Title 'Decision letter for ...' plus Crossref type peer-review identify it as a formal open-review artifact about one work.,False,200,
https://openalex.org/W4412134906,https://doi.org/10.1039/d5nj02163d/v1/review2,https://www.webofscience.com/wos/woscc/full-record/10.1039%2FD5NJ02163D?type=doi&SID=USW2EC0DC2CBHsLjbbWbHz2OiUCgg,peer-review,peer-review,False,high,"Crossref type peer-review and title 'Review for ""...""' identifies a referee report on a single manuscript.",False,200,
https://openalex.org/W7126116450,https://doi.org/10.1039/d5ob01799h/v1/decision1,https://doi.org/10.1039/d5ob01799h/v1/decision1,peer-review,peer-review,False,high,Title 'Decision letter for...' and cr_type peer-review identify a formal review-process artifact about one work.,False,,
https://openalex.org/W4402884724,https://doi.org/10.7554/elife.97602.2.sa3,https://elifesciences.org/reviewed-preprints/97602v2/reviews,peer-review,peer-review,False,high,Title 'Reviewer #1 (Public review)' and cr_type peer-review on eLife reviews page.,False,200,
https://openalex.org/W4415162755,https://doi.org/10.1039/d5mo00136f/v2/decision1,https://www.webofscience.com/wos/woscc/full-record/10.1039%2FD5MO00136F?type=doi&SID=USW2EC0E1ERCuQxRBTC3gC8pycB1y,peer-review,peer-review,False,high,Title 'Decision letter for...' plus Crossref type peer-review identify a formal review-process artifact about one work.,False,200,
https://openalex.org/W4384068319,https://doi.org/10.5194/wes-2023-51-ac1,https://wes.copernicus.org/preprints/wes-2023-51/,peer-review,peer-review,False,high,Title 'Reply on RC1' with Crossref type peer-review is an author response in an open-review package on a Copernicus Discussions venue.,False,200,
https://openalex.org/W7133531925,https://doi.org/10.5194/egusphere-2026-479-rc1,https://egusphere.copernicus.org/preprints/2026/egusphere-2026-479/,peer-review,peer-review,False,high,Crossref type peer-review with DOI suffix RC1 (referee comment) on an EGUsphere preprint.,False,200,
https://openalex.org/W4388943419,https://doi.org/10.32388/w8tsv8,https://www.qeios.com/read/W8TSV8,peer-review,peer-review,False,high,"Qeios open peer-review report titled 'Review of:' a specific manuscript, with cr_type peer-review.",False,200,
https://openalex.org/W4391875027,https://doi.org/10.1039/d3ra07934a/v2/decision1,https://www.webofscience.com/wos/woscc/full-record/10.1039%2FD3RA07934A?type=doi&SID=USW2EC0DCAHI7pJOM02cZArd4MjuJ,peer-review,peer-review,False,high,Title 'Decision letter for ...' with Crossref type peer-review is a formal review-process artifact about one target work.,False,200,
https://openalex.org/W4387743637,https://doi.org/10.3310/nihropenres.14638.r30487,https://openresearch.nihr.ac.uk/articles/3-26/v2#referee-response-30487,peer-review,peer-review,False,high,Title 'Peer Review Report For:' and Crossref type peer-review identify a formal referee report.,False,200,
https://openalex.org/W7125472477,https://doi.org/10.1111/dom.70495/v1/decision1,https://doi.org/10.1111/dom.70495/v1/decision1,peer-review,peer-review,False,high,Title 'Decision letter for ...' and cr_type peer-review identify a formal review-process artifact about one work.,False,,
https://openalex.org/W3113305685,https://doi.org/10.7554/elife.56830.sa1,https://elifesciences.org/articles/56830v2/peer-reviews,peer-review,peer-review,False,high,Title 'Decision letter' and Crossref type peer-review with eLife peer-reviews landing URL identify a formal review artifact.,False,200,
https://openalex.org/W4406791346,https://doi.org/10.1088/1361-665x/adadcf/v2/review1,https://www.webofscience.com/wos/woscc/full-record/10.1088%2F1361-665X%2FADADCF?type=doi&SID=USW2EC0FD79wOTCVS1YLKeKAAdU6W,peer-review,peer-review,False,high,DOI suffix '/review1' and title 'Review for ...' plus cr_type peer-review identify a formal referee report on a single manuscript.,False,200,
https://openalex.org/W4254648034,https://doi.org/10.5194/acp-2019-1211-rc2,https://acp.copernicus.org/preprints/acp-2019-1211/acp-2019-1211-RC2.pdf,peer-review,peer-review,False,high,Crossref type peer-review with DOI/URL showing RC2 referee comment on an ACP preprint.,False,200,
https://openalex.org/W4226075815,https://doi.org/10.7287/peerj.13245v0.2/reviews/1,https://peerj.com/articles/13245/reviews/#version-0-2-review-1,peer-review,peer-review,False,high,Title 'Peer Review #1 of...' and Crossref type peer-review with a PeerJ review-history landing page.,False,200,
https://openalex.org/W4399245912,https://doi.org/10.15252/rc.2024978311,https://eeb.embo.org/p/The-ASC-inflammasome-adapter-controls-the-severity-of-inflammation-related-AA-amyloidosis,peer-review,peer-review,False,high,Title 'Author Reply to Peer Reviews' and cr_type 'peer-review' identify a formal open-review artifact about one target work.,False,200,
https://openalex.org/W4231348521,https://doi.org/10.1002/jnr.24838/v2/decision1,https://www.webofscience.com/wos/woscc/full-record/WOS:000636792500001?&SID=USW2EC0E89MtdJtLVIM1AVa8a3Uwu,peer-review,peer-review,False,high,Title is a 'Decision letter for' a specific manuscript with Crossref type peer-review hosted on Publons.,False,200,
https://openalex.org/W4241172219,https://doi.org/10.1002/jbm4.10391/v2/decision1,https://www.webofscience.com/wos/woscc/full-record/WOS:000753804500009?&SID=USW2EC0DCA7hUnDE5Xg9MSdskhbNj,peer-review,peer-review,False,high,"Crossref type peer-review with title ""Decision letter for..."" identifies a formal review-process artifact about one target work.",False,200,
https://openalex.org/W4214754062,https://doi.org/10.1111/cge.13925/v2/decision1,https://www.webofscience.com/wos/woscc/full-record/WOS:000617209300001?&SID=USW2EC0BD6E3LgEDwn9FXWAGmRbiE,peer-review,peer-review,False,high,Crossref type peer-review and title 'Decision letter for...' on Publons identify a formal review-process artifact.,False,200,
https://openalex.org/W4200163096,https://doi.org/10.1111/odi.14092/v2/response1,https://www.webofscience.com/wos/woscc/full-record/WOS:000728717300001?&SID=USW2EC0E1EQG2sjkFKEFSL3OhtmRO,peer-review,peer-review,False,high,"Title is an ""Author response"" tied to a single manuscript with Crossref type peer-review and a Publons open-review URL.",False,200,
https://openalex.org/W4200554905,https://doi.org/10.1111/ijfs.15536/v3/decision1,https://www.webofscience.com/wos/woscc/full-record/WOS:000736707100001?&SID=USW2EC0B14ttF7eBc7tLkNJJibJwN,peer-review,peer-review,False,high,Title 'Decision letter for...' and cr_type peer-review on a Publons open-review record indicate a formal peer-review artifact.,False,200,
https://openalex.org/W4248612336,https://doi.org/10.1111/jcal.12515/v3/response1,https://www.webofscience.com/wos/woscc/full-record/WOS:000596492900001?&SID=USW2EC0DCAHVhb7LnC9DwzRBgYSF1,peer-review,peer-review,False,high,"Crossref type peer-review with title ""Author response"" and Publons review-package URL identifies an open-review artifact.",False,200,
https://openalex.org/W4247544880,https://doi.org/10.1002/btpr.3087/v2/decision1,https://www.webofscience.com/wos/woscc/full-record/WOS:000579504600001?&SID=USW2EC0DCAML1gbUpZL5043ZGZlcP,peer-review,peer-review,False,high,"Title is a 'Decision letter' and Crossref type is peer-review, a formal review-process artifact about one work.",False,200,
https://openalex.org/W4324363421,https://doi.org/10.1098/rspa.2022.0436/v2/decision1,https://www.webofscience.com/wos/woscc/full-record/WOS:000972111600001?&SID=USW2EC0BD6NQDDfNTlaqoMLRtg4WB,peer-review,peer-review,False,high,"Crossref type peer-review and title ""Decision letter for..."" is a formal review-process artifact about one work.",False,200,
https://openalex.org/W4210654744,https://doi.org/10.1111/ijfs.15593/v1/review3,https://www.webofscience.com/wos/woscc/full-record/WOS:000751143100001?&SID=USW2EC0FD7JkGtrbDHK3jC0bCaDUZ,peer-review,peer-review,False,high,"Crossref type peer-review, title 'Review for...', and Publons landing page confirm a formal referee report on a single work.",False,200,
https://openalex.org/W4200276654,https://doi.org/10.32388/h7mng1,https://www.qeios.com/read/H7MNG1,peer-review,peer-review,False,high,"Qeios open-review artifact titled 'Review of:' a single article, Crossref type peer-review.",False,200,
https://openalex.org/W4248768560,https://doi.org/10.1002/cne.24971/v1/review1,https://www.webofscience.com/wos/woscc/full-record/WOS:000570791200001?&SID=USW2EC0FD7uW0QMlBbVwPKs35X1dN,peer-review,peer-review,False,high,Crossref type peer-review with title 'Review for...' and Publons review URL identify a formal referee report.,False,200,
https://openalex.org/W4403462340,https://doi.org/10.1039/d4sc04618h/v1/decision1,https://www.webofscience.com/wos/woscc/full-record/10.1039%2FD4SC04618H?type=doi&SID=USW2EC0BD6crM3jG36c2HsECBrp4I,peer-review,peer-review,False,high,"Title ""Decision letter for..."" with cr_type peer-review is a formal review-process artifact about one target work.",False,200,
https://openalex.org/W2988776105,https://doi.org/10.7554/elife.38358.042,https://elifesciences.org/articles/38358v2/peer-reviews,peer-review,peer-review,False,high,Title 'Decision letter' with cr_type peer-review and eLife peer-reviews URL identifies a formal open-review artifact.,False,200,
https://openalex.org/W4411529765,https://doi.org/10.5194/egusphere-2025-2103-cec1,https://egusphere.copernicus.org/preprints/2025/egusphere-2025-2103/,peer-review,peer-review,False,high,Crossref type peer-review with title 'Comment on egusphere-2025-2103' on a Copernicus open-review preprint is a formal review-process artifact.,False,200,
https://openalex.org/W2407909346,https://doi.org/10.3233/978-1-61499-421-3-260,https://ebooks.iospress.nl/publication/37215,libguides,conference-paper,True,medium,IOS Press FAIA volume chapter with page range 260-269 is a proceedings paper despite crossref book-chapter tagging.,False,200,
