openalex_id,doi,landing_page_url,current_type,opus_type,is_changed,opus_confidence,opus_reason,opus_is_broken,lp_status,error
https://openalex.org/W4386259654,https://doi.org/10.35723/ajie.v7i2.409,https://doi.org/10.35723/ajie.v7i2.409,article,article,False,high,"DC.Type.articleType is ""Articles"" with abstract and references in a journal.",False,403,
https://openalex.org/W3011839911,https://doi.org/10.2991/aebmr.k.200305.001,https://www.atlantis-press.com/proceedings/icamer-19/125936207,article,conference-paper,True,high,Crossref type proceedings-article with proceedings container and citation_conference_title.,False,200,
https://openalex.org/W4413373078,https://doi.org/10.1002/ejic.202500257,https://doi.org/10.1002/ejic.202500257,article,article,False,high,Crossref journal-article with 47 references and abstract reporting original research in a journal.,False,403,
https://openalex.org/W4410491484,https://doi.org/10.2139/ssrn.5258015,https://doi.org/10.2139/ssrn.5258015,preprint,preprint,False,high,SSRN posted-content with Crossref subtype preprint.,False,403,
https://openalex.org/W4306729289,https://doi.org/10.1177/11206721221132619,https://doi.org/10.1177/11206721221132619,article,article,False,high,dc.Type=research-article with full multi-page research content in a journal.,False,403,
https://openalex.org/W7130604632,https://doi.org/10.1145/3788910.3789003,https://doi.org/10.1145/3788910.3789003,article,conference-paper,True,high,Crossref type proceedings-article in a named conference proceedings container routes to conference-paper.,False,403,
https://openalex.org/W175086200,https://doi.org/10.1007/978-3-531-93174-6_4,https://link.springer.com/chapter/10.1007/978-3-531-93174-6_4,book-chapter,book-chapter,False,high,"Crossref type book-chapter with citation_inbook_title in a book container, page range 151-200.",False,200,
https://openalex.org/W7141366993,https://doi.org/10.1016/j.esr.2026.102207,https://linkinghub.elsevier.com/retrieve/pii/S2211467X26001732,article,article,False,high,Crossref journal-article in Energy Strategy Reviews with abstract and 43 references indicates original research article.,False,200,
https://openalex.org/W4403279848,https://doi.org/10.3917/ecp.lista.2024.01.0061,https://doi.org/10.3917/ecp.lista.2024.01.0061,book-chapter,book-chapter,False,high,Crossref book-chapter with ISBN and citation_inbook_title showing it is a chapter within the book volume.,False,403,
https://openalex.org/W2906246813,https://doi.org/10.29207/resti.v2i3.621,https://doi.org/10.29207/resti.v2i3.621,article,article,False,high,Journal research article with full pages (807-812) and DC.Type.articleType indicating a research article.,False,403,
https://openalex.org/W2802517432,https://doi.org/10.1145/3178158.3178177,https://doi.org/10.1145/3178158.3178177,article,conference-paper,True,high,Crossref type proceedings-article in conference proceedings container routes to conference-paper.,False,403,
https://openalex.org/W4403902113,https://doi.org/10.1016/j.surfin.2024.105360,https://linkinghub.elsevier.com/retrieve/pii/S2468023024015165,article,article,False,high,Crossref journal-article with research-paper title and 35 references in a journal venue.,False,200,
https://openalex.org/W4233441469,https://doi.org/10.9785/9783504385095-005,https://www.degruyterbrill.com:443/document/doi/10.9785/9783504385095-005/html,book-chapter,book-chapter,False,high,citation_inbook_title and cr_type book-chapter with page range 34-292 within the volume 'Insolvenzanfechtung'.,False,202,
https://openalex.org/W2003297837,https://doi.org/10.1353/hrq.2013.0004,https://muse.jhu.edu/verify?url=%2Farticle%2F497812&r=6788389,article,book-review,True,high,"Title ends with ""(review)"" and names a single book, a clear book-review signal.",False,200,
https://openalex.org/W7164853758,https://doi.org/10.53550/eec.2026.v32i02.060,https://www.envirobiotechjournals.com/issues/article_abstract.php?aid=16818&iid=437&jid=3,article,article,False,high,"Original research paper with multi-page range (836-840) in a journal, matching cr_type journal-article.",False,200,
https://openalex.org/W2034819020,https://doi.org/10.1057/palgrave.development.1100407,https://link.springer.com/article/10.1057/palgrave.development.1100407,article,article,False,high,dc.type 'OriginalPaper' in a journal with full pages and references indicates an original research article.,False,200,
https://openalex.org/W4230190335,https://doi.org/10.1017/cbo9780511795114.010,https://www.cambridge.org/core/books/abs/memoirs-of-richard-lovell-edgeworth-esq/chapter-ix/25DDF88156CBA6A3ED9A234F10C406F9,book-chapter,book-chapter,False,high,"Crossref type book-chapter within a named book container, page range 191-204, on Cambridge eBooks platform.",False,200,
https://openalex.org/W3004855578,https://doi.org/10.36106/paripex/0500745,https://www.worldwidejournals.com/paripex/recent_issues_pdf/2020/January/mri-evaluation-of-intracranial-complications-of-tuberculosis_January_2020_1578140321_0500745.pdf,article,article,False,high,"Original research paper with abstract, 5 pages, and 12 references in a journal.",False,200,
https://openalex.org/W4404432806,https://doi.org/10.1038/s42003-024-07174-6,https://www.nature.com/articles/s42003-024-07174-6,article,article,False,high,"dc.type ""OriginalPaper"" with 83 references in Communications Biology indicates an original research article.",False,200,
https://openalex.org/W7160444458,https://doi.org/10.2139/ssrn.6726142,https://doi.org/10.2139/ssrn.6726142,preprint,preprint,False,high,SSRN posted-content with subtype preprint.,False,403,
https://openalex.org/W2088532580,https://doi.org/10.1016/j.cellsig.2014.08.025,https://linkinghub.elsevier.com/retrieve/pii/S0898656814002988,article,article,False,high,"Crossref journal-article with full research title, 28 refs, multi-page range in Cellular Signalling.",False,200,
https://openalex.org/W4386329481,https://doi.org/10.17944/interdiscip.1352036,https://dergipark.org.tr/en/pub/interdiscip/article/1352036,article,article,False,high,"DC.Type.articleType is ""Research Articles"" with full text, refs, and page range in a medical journal.",False,200,
https://openalex.org/W2102001229,https://doi.org/10.1093/cercor/bhn134,https://doi.org/10.1093/cercor/bhn134,article,article,False,high,Original research full paper in Cerebral Cortex with 72 references and an abstract.,False,403,
https://openalex.org/W4234243456,https://doi.org/10.5194/acp-2017-570-rc2,https://acp.copernicus.org/preprints/acp-2017-570/acp-2017-570-RC2.pdf,peer-review,peer-review,False,high,"Crossref type peer-review and title ""Review of Manuscript ACP-2017-570"" is a referee report on a single manuscript.",False,200,
https://openalex.org/W3121744147,https://doi.org/10.3390/toxics9020019,https://doi.org/10.3390/toxics9020019,article,article,False,high,dc.type 'Article' with 53 references in MDPI journal Toxics confirms original research article.,False,403,
https://openalex.org/W2330358816,https://doi.org/10.1088/1612-2011/12/2/025006,"https://validate.perfdrive.com/fb803c746e9148689b3984a31fccd902/?ssa=074b9435-75c2-4210-bb51-d96c5c9c1599&ssb=79764281561&ssc=https%3A%2F%2Fiopscience.iop.org%2Farticle%2F10.1088%2F1612-2011%2F12%2F2%2F025006&ssi=0280c649-cnvj-437f-84c9-73db2828ba2c&ssk=botmanager_support@radware.com&ssm=83201499271880033101256811999997&ssn=858061131bad20ceee795c8ec8ec6d95917d0f08691a-16c8-4422-b2c705&sso=fe6d11fe-7eb2ce0cb02a87e5d43c67c6728003b028f0e674a6345457&ssp=71419543171782732454178274188712022&ssq=91097027544409879795775444192502646332403&ssr=NzUuNDkuMTI1LjIwOQ==&sst=Mozilla/5.0%20(Macintosh;%20Intel%20Mac%20OS%20X%2010_15_7)%20AppleWebKit/537.36%20(KHTML,%20like%20Gecko)%20Chrome/124.0%20Safari/537.36&ssu=&ssv=&ssw=&ssx=eyJfX3V6bWYiOiI3ZjkwMDAwZjA4NjkxYS0xNmM4LTQ0MjItYjFmZS03ZWIyY2UwY2IwMmExLTE3ODI3NzU0NDQ0ODEwLTAwNDcwYTEwY2U5Y2MzNzVmZGExMCIsInV6bXgiOiI3ZjkwMDAyMTVlNGI3YS1kNzJjLTRlMjMtYTg4MS01ODYyMWZlNTM1MmIxLTE3ODI3NzU0NDQ0ODEwLTc0OWU2M2ExYWYyYTUzZmExMCIsInJkIjoiaW9wLm9yZyJ9",article,article,False,high,"Original research paper in Laser Physics Letters with abstract and 15 references, cr_type journal-article.",False,200,
https://openalex.org/W3136636071,https://doi.org/10.1038/s41560-020-00764-8,https://www.nature.com/articles/s41560-020-00764-8,article,article,False,medium,"dc.type ""BriefCommunication"" maps to article per taxonomy Includes list.",False,200,
https://openalex.org/W2992251831,https://doi.org/10.1037/stl0000174,https://doi.apa.org/doi/10.1037/stl0000174,article,article,False,high,Crossref journal-article with empirical multi-semester investigation title and page range in a research journal.,False,200,
https://openalex.org/W4247456173,https://doi.org/10.1007/978-3-658-21444-9_18,https://link.springer.com/chapter/10.1007/978-3-658-21444-9_18,book-chapter,editorial,True,low,"Title ""Tagungsbericht"" (conference report/summary) with no references fits editorial's conference-summary inclusion rather than an original research chapter.",False,200,
https://openalex.org/W4383263567,https://doi.org/10.14341/diaconfiii25-26.05.23-28,https://rae-org.ru/sites/default/files/all/TEZIS/2023/DIACONFIII2023/28.pdf,article,conference-paper,True,high,Crossref type proceedings-article in a conference proceedings venue routes to conference-paper.,False,200,
https://openalex.org/W7160138852,https://doi.org/10.1109/ccic68129.2026.11486159,https://ieeexplore.ieee.org/document/11486159/,article,conference-paper,True,high,Crossref type proceedings-article with a conference container (CCIC) and IEEE Xplore landing page.,False,202,
https://openalex.org/W3114524252,https://doi.org/10.47348/amtj/2021/i1a15,https://www.jutajournals.co.za/the-role-of-public-tax-awareness-on-domestic-revenue-mobilisation-in-uganda/,article,article,False,high,Journal-article in a multidisciplinary tax journal with abstract and full-text pages reporting original research.,False,200,
https://openalex.org/W4415399346,https://doi.org/10.58830/ozgur.pub912.c3791,https://www.ozguryayinlari.com/site/catalog/book/912/chapter/3791,book-chapter,book-chapter,False,high,Crossref type book-chapter with ISBN and a chapter URL within an edited volume container.,False,200,
https://openalex.org/W2883156762,https://doi.org/10.1088/1361-6528/aad671,"https://validate.perfdrive.com/fb803c746e9148689b3984a31fccd902/?ssa=23980d71-2897-4535-bdf9-87c8563a8518&ssb=27521298330&ssc=https%3A%2F%2Fiopscience.iop.org%2Farticle%2F10.1088%2F1361-6528%2Faad671&ssi=d544d429-cnvj-439a-8fd1-e490f9cdec7e&ssk=botmanager_support@radware.com&ssm=06297698049304902103750059622628&ssn=876abbf67870b118bc17e386b5eb228e8e62fe06686d-4b2f-4a23-b63899&sso=86758c9f-655973743f00c49a56a92f29bdb949a6f650fd50ef0c5cc5&ssp=52765527031782710170178276309046359&ssq=06102027544532367988975445101755564502490&ssr=NzUuNDkuMTI1LjIwOQ==&sst=Mozilla/5.0%20(Macintosh;%20Intel%20Mac%20OS%20X%2010_15_7)%20AppleWebKit/537.36%20(KHTML,%20like%20Gecko)%20Chrome/124.0%20Safari/537.36&ssu=&ssv=&ssw=&ssx=eyJfX3V6bWYiOiI3ZjkwMDBmZTA2Njg2ZC00YjJmLTRhMjMtYmM5Zi02NTU5NzM3NDNmMDAxLTE3ODI3NzU0NDUwODAwLTAwNGYxNjk2NDJkYWEwMjM3MzQxMCIsInV6bXgiOiI3ZjkwMDA3ZDNkMDQzMy1iZjg0LTRhNTgtYjRmYy0wMmRiYjRjYzZjNGIxLTE3ODI3NzU0NDUwODAwLWM2ZTFhMzBjN2E0MGU1NzMxMCIsInJkIjoiaW9wLm9yZyJ9",article,article,False,high,Crossref journal-article in Nanotechnology with abstract and 17 references reporting original research (LT = Letter-format short research article).,False,200,
https://openalex.org/W4250890171,https://doi.org/10.21773/boun.25.1,https://doi.org/10.21773/boun.25.1,paratext,paratext,False,high,Crossref type journal-issue (whole issue record) routes to paratext.,False,,
https://openalex.org/W2765512248,https://doi.org/10.3390/geosciences7040110,https://doi.org/10.3390/geosciences7040110,article,article,False,high,dc.type Article and journal-article in Geosciences research paper.,False,403,
https://openalex.org/W3045043420,https://doi.org/10.1080/07391102.2020.1794970,https://doi.org/10.1080/07391102.2020.1794970,article,article,False,high,dc.Type is 'research-article' with 57 refs and full page range in a research journal.,False,403,
https://openalex.org/W3080688705,https://doi.org/10.1007/s00521-020-05295-7,https://link.springer.com/10.1007/s00521-020-05295-7,article,article,False,high,dc.type=OriginalPaper in a journal with 38 references indicates an original research article.,False,200,
https://openalex.org/W7138959139,https://doi.org/10.1016/j.jmccpl.2025.100766,https://linkinghub.elsevier.com/retrieve/pii/S2772976125004854,article,article,False,high,"Journal-article research report on SF3B2 in cardiomyocytes, in a journal venue, with accessible landing page (200).",False,200,
https://openalex.org/W4247579975,https://doi.org/10.1787/9789264095281-9-en,https://doi.org/10.1787/9789264095281-9-en,book-chapter,book-chapter,False,high,"Page range 67-78 within an ISBN book volume marks this as a chapter, not the whole book; 403 is a bot-block, not dead.",False,403,
https://openalex.org/W2991415717,https://doi.org/10.1016/b978-0-12-817220-9.00002-3,https://linkinghub.elsevier.com/retrieve/pii/B9780128172209000023,book-chapter,book-chapter,False,high,"Crossref type book-chapter with citation_inbook_title and ISBN, pages 33-75 within an edited volume.",False,200,
https://openalex.org/W4254691731,https://doi.org/10.1097/sa.0b013e3182aa9198,https://journals.lww.com/surveyanesthesiology/citation/2013/12000/the_prevalence_of_burnout_and_depression_and_their.12.aspx,article,article,False,low,"Journal-article record in a survey journal with abstract and references, no signal indicating another genre.",False,200,
https://openalex.org/W4413285694,https://doi.org/10.1099/acmi.0.000994.v2.2,https://doi.org/10.1099/acmi.0.000994.v2.2,peer-review,peer-review,False,high,Title 'Editor response for version 2' with cr_type peer-review identifies a formal open-review artifact.,False,403,
https://openalex.org/W2952205611,https://doi.org/10.1161/circresaha.119.315285,https://doi.org/10.1161/circresaha.119.315285,letter,editorial,True,high,"dc.Type meta tag explicitly says ""editorial,"" overriding the oa_type letter.",False,403,
https://openalex.org/W3196347072,https://doi.org/10.2991/aebmr.k.210831.036,https://www.atlantis-press.com/proceedings/gcbme-20/125960454,article,conference-paper,True,high,Crossref type proceedings-article with citation_conference_title for GCBME 2020 in an Atlantis Press proceedings.,False,200,
https://openalex.org/W2022217943,https://doi.org/10.1145/2666620.2666623,https://doi.org/10.1145/2666620.2666623,article,conference-paper,True,high,Crossref proceedings-article in ACM Workshop proceedings.,False,403,
https://openalex.org/W2811301605,https://doi.org/10.1136/esmoopen-2018-eacr25.290,https://linkinghub.elsevier.com/retrieve/pii/S2059702920302933,article,conference-abstract,True,high,"Poster-numbered title (PO-258), single supplement page A121, zero references at an EACR25 meeting indicate an abstract-only record.",False,200,
https://openalex.org/W1628090663,https://doi.org/10.1063/1.3114109,https://doi.org/10.1063/1.3114109,article,conference-paper,True,high,Crossref type proceedings-article in AIP Conference Proceedings with full pages 1317-1324.,False,403,
https://openalex.org/W2622889051,https://doi.org/10.1182/blood.v126.23.1673.1673,https://doi.org/10.1182/blood.v126.23.1673.1673,article,conference-abstract,True,high,"Single-page record (1673-1673) with 0 references in Blood vol 126 issue 23, the ASH annual-meeting abstract supplement.",False,403,
https://openalex.org/W2597374611,https://doi.org/10.1016/s0735-1097(17)33815-9,https://linkinghub.elsevier.com/retrieve/pii/S0735109717338159,article,conference-abstract,True,high,"Single-page (426) zero-reference JACC abstract supplement record, characteristic of an ACC meeting abstract.",False,200,
https://openalex.org/W3171124799,https://doi.org/10.33737/jgpps/133114,"https://journal.gpps.global/RANS-predictions-of-trailing-edge-slot-flows-using-heat-flux-closures-developed-with,133114,0,2.html",article,article,False,high,"Journal research paper with abstract, 27 references, and full pagination 1-13 in a peer-reviewed journal.",False,200,
https://openalex.org/W4236682252,https://doi.org/10.1201/9781439808351-14,https://www.taylorfrancis.com/chapters/mono/10.1201/9781439808351-14/developing-professional-police-officer-challenge-james-isenberg,book-chapter,book-chapter,False,high,"Crossref type book-chapter with ISBN, page range 95-108 within container book 'Police Leadership in a Democracy'.",False,200,
https://openalex.org/W4234271778,https://doi.org/10.51202/0947-7527-2021-31,https://www.inlibra.com/de/document/view/detail/uuid/0e52057f-1492-360d-9e45-711bf9ab26eb,paratext,paratext,False,high,"Crossref type is journal-issue (a whole-issue packaging record), which routes to paratext.",False,200,
https://openalex.org/W4401009992,https://doi.org/10.1145/3665053.3665054,https://doi.org/10.1145/3665053.3665054,article,conference-paper,True,high,Crossref proceedings-article in a symposium proceedings container routes to conference-paper.,False,403,
https://openalex.org/W2966558614,https://doi.org/10.29303/jcommsci.v2i2.53,https://doi.org/10.29303/jcommsci.v2i2.53,article,article,False,high,"DC.Type.articleType is ""Articles"" and it's an original research study in a journal.",False,,
https://openalex.org/W2067581220,https://doi.org/10.1109/taes.2006.248220,https://ieeexplore.ieee.org/document/4014454/,article,article,False,high,"Journal-article in IEEE Transactions with multi-page range and references, a standard research paper.",False,202,
https://openalex.org/W2483198720,https://doi.org/10.14361/transcript.9783839423912.102,https://chooser.crossref.org/?doi=10.14361%2Ftranscript.9783839423912.102,book-chapter,book-chapter,False,high,Crossref type book-chapter with citation_inbook_title 'Brasilien' confirms a chapter within a book.,False,200,
https://openalex.org/W3012398224,https://doi.org/10.1080/10643389.2020.1738193,https://doi.org/10.1080/10643389.2020.1738193,article,review,True,high,Critical Reviews venue with 217 references and a survey-style title indicate a literature review despite the research-article tag.,False,403,
https://openalex.org/W4250106332,https://doi.org/10.31003/uspnf_m74280_04_01,https://doi.usp.org/USPNF/USPNF_M74280_04_01.html,standard,standard,False,high,"USP-NF monograph from a standards body, Crossref type 'standard', live 200 page.",False,200,
https://openalex.org/W4415000221,https://doi.org/10.1016/j.neucli.2025.103114,https://linkinghub.elsevier.com/retrieve/pii/S0987705325000723,article,article,False,high,Crossref journal-article with original research title and 18 references on ScienceDirect.,False,200,
https://openalex.org/W4386397830,https://doi.org/10.32782/2524-0374/2023-7/93,https://lsej.org.ua/7_2023/93.pdf,article,article,False,high,Crossref journal-article in a juridical journal with multi-page range and abstract indicates an original research article.,False,200,
https://openalex.org/W2465888306,https://doi.org/10.1515/phto-2015-0007,https://access.portico.org/Portico/auView?auId=ark%3A%2F27927%2Fphx1350xftv,article,article,False,high,Crossref journal-article with abstract and 26 references reporting original research on transducer modeling.,False,200,
https://openalex.org/W4235290141,https://doi.org/10.1080/10610014.2020.1800351,https://doi.org/10.1080/10610014.2020.1800351,article,article,False,medium,"dc.Type 'research-article' with full multi-page run (81-151) in a journal, no book-review signals.",False,403,
https://openalex.org/W4232460310,https://doi.org/10.2307/j.ctv10vm2ns.2,https://doi.org/10.2307/j.ctv10vm2ns.2,book-chapter,paratext,True,high,Title 'Table of Contents' with roman-numeral front-matter pages is structural packaging material.,False,403,
https://openalex.org/W2904445157,https://doi.org/10.1201/b22136-9,https://www.taylorfrancis.com/chapters/mono/10.1201/b22136-9/valorization-hemicelluloses-jean-luc-wertz-magali-deleu-s%C3%A9verine-copp%C3%A9e-aurore-richel,book-chapter,book-chapter,False,high,Crossref type book-chapter with page range 223-244 within a book container with ISBN.,False,200,
https://openalex.org/W7135220902,https://doi.org/10.55277/researchhub.y32oq75u,https://www.researchhub.com/post/30029/reminders-of-him-filmssenza-limiti-streaming-ita-h-d,report,other,True,medium,"Title is a movie-streaming spam post on ResearchHub, not genuine scholarship, fitting only the catch-all type.",False,200,
https://openalex.org/W2898794989,https://doi.org/10.1016/j.revmed.2018.10.382,https://linkinghub.elsevier.com/retrieve/pii/S0248866318311366,review,article,True,low,"Full journal text in La Revue de Médecine Interne with 44 refs; a reflective clinical/pedagogical essay rather than a literature survey, so article over the venue-derived review tag.",False,200,
https://openalex.org/W2500941422,https://doi.org/10.1080/10410236.2016.1196514,https://doi.org/10.1080/10410236.2016.1196514,article,article,False,high,dc.Type 'research-article' with 52 refs and full page range confirms original research article.,False,403,
https://openalex.org/W1480368476,https://doi.org/10.1002/9781444397949.ch49,https://doi.org/10.1002/9781444397949.ch49,other,book-chapter,True,high,"DOI .ch49, og:type Chapter, and citation_book_title within a handbook indicate a book chapter.",False,403,
https://openalex.org/W2890445030,https://doi.org/10.1016/j.chemosphere.2018.09.089,https://linkinghub.elsevier.com/retrieve/pii/S0045653518317442,article,article,False,high,"Journal-article in Chemosphere with 60 references reporting original research, page range 533-540.",False,200,
https://openalex.org/W4239697039,https://doi.org/10.1007/978-3-030-14625-2_134,https://link.springer.com/rwe/10.1007/978-3-030-14625-2_134,book-chapter,reference-entry,True,high,URL path 'referenceworkentry' and Handbook container indicate an entry in a reference work.,False,200,
https://openalex.org/W4390413189,https://doi.org/10.54097/ehss.v23i.12927,https://drpress.org/ojs/index.php/EHSS/article/view/12927,article,article,False,high,"DC.Type.articleType is ""Articles"" with full text and references in a journal.",False,200,
https://openalex.org/W2482694675,https://doi.org/10.1093/acprof:oso/9780195372953.003.0001,https://doi.org/10.1093/acprof:oso/9780195372953.003.0001,book-chapter,book-chapter,False,high,Crossref type book-chapter with citation_inbook_title in an ISBN volume marks this as a chapter within a book.,False,403,
https://openalex.org/W4402067688,https://doi.org/10.51976/jfsa.622308,https://www.journalpressindia.com/journal-of-futuristic-sciences-and-applications/doi/10.51976/jfsa.622308,article,article,False,high,"Journal research paper with page range 48-55 and abstract, matching original-research article genre.",False,200,
https://openalex.org/W2620392928,https://doi.org/10.1016/j.bbrc.2017.05.145,https://linkinghub.elsevier.com/retrieve/pii/S0006291X17310458,article,article,False,high,Original research paper with 46 references and full page range in a research journal.,False,200,
https://openalex.org/W2803368927,https://doi.org/10.3917/anv.187.0025,https://doi.org/10.3917/anv.187.0025,article,article,False,low,Crossref journal-article with title/abstract in a journal venue; no signals indicating editorial or other genre.,False,403,
https://openalex.org/W4391595480,https://doi.org/10.47671/tvg.66.16.2000804,https://tvgg.be/nl/artikels/diarree-na-niertransplantatie-door-een-posttransplantatielymfoom-ptld-van-de-darm-een-moeilijke-differentiaaldiagnose-pati-ntencasus-en-literatuuroverzicht,article,article,False,high,Title indicates a case report with literature review published as a full journal article (patiëntencasus en literatuuroverzicht).,False,200,
https://openalex.org/W2079097382,https://doi.org/10.1016/j.apcata.2015.03.026,https://linkinghub.elsevier.com/retrieve/pii/S0926860X15001908,article,article,False,high,Journal-article with 37 references reporting original research in Applied Catalysis A; page reachable (200).,False,200,
https://openalex.org/W2952536448,https://doi.org/10.1002/chin.201103251,https://doi.org/10.1002/chin.201103251,article,other,True,medium,"ChemInform Abstract is an abstracting-service summary record of another paper, not original scholarship, fitting the catch-all type.",False,403,
https://openalex.org/W28980408,https://doi.org/10.1111/echo.13646,https://doi.org/10.1111/echo.13646,article,article,False,high,Crossref journal-article in Echocardiography with citation_title confirming an original research paper on lung ultrasound in heart failure.,False,403,
https://openalex.org/W2332804322,https://doi.org/10.1016/s0084-3954(09)79498-9,https://linkinghub.elsevier.com/retrieve/pii/S0084395409794989,article,article,False,medium,tx_page_title 'Article Locator Error - Article Not Available' signals the landing page is effectively dead despite a 200 status.,True,200,
https://openalex.org/W7147132862,https://doi.org/10.70675/ddd728b9z3140z4cf8zbb2bza0c3a8c3004f,https://theses.fr/2017GREAY025,dissertation,dissertation,False,high,Crossref type dissertation and theses.fr landing URL confirm a thesis.,False,200,
https://openalex.org/W4256093141,https://doi.org/10.1007/978-0-387-38325-5_98,https://link.springer.com/chapter/10.1007/978-0-387-38325-5_98,book-chapter,book-chapter,False,high,Crossref book-chapter within an ISBN book container with chapter page range 698-704.,False,200,
https://openalex.org/W2047713188,https://doi.org/10.1109/chinacom.2012.6417582,https://ieeexplore.ieee.org/document/6417582/,article,conference-paper,True,high,Crossref type proceedings-article in an IEEE conference proceedings container.,False,202,
https://openalex.org/W4391457922,https://doi.org/10.18186/thermal.1429918,https://dergipark.org.tr/en/pub/thermal/article/1429918,article,article,False,high,DC.Type.articleType 'Articles' with 28 refs and page range in a research journal indicates an original research article.,False,200,
https://openalex.org/W4406685181,https://doi.org/10.17513/snt.40242,https://doi.org/10.17513/snt.40242,article,article,False,high,Journal-article in a research journal with full text and multi-page span (41-47) reporting original work.,False,302,
https://openalex.org/W4317494324,https://doi.org/10.1186/s40635-022-00489-w,https://icm-experimental.springeropen.com/articles/10.1186/s40635-022-00489-w,review,review,False,high,"Title says ""narrative review"" and dc.type is ""ReviewPaper"".",False,200,
https://openalex.org/W2513853216,https://doi.org/10.4028/www.scientific.net/amr.1140.181,https://www.scientific.net/AMR.1140.181,article,conference-paper,True,medium,"Advanced Materials Research (Scientific.Net Trans Tech) volume is a proceedings collection with multi-page paper and citation references, indicating a conference proceedings paper despite journal-article tagging.",False,200,
https://openalex.org/W4253964642,https://doi.org/10.4018/9781878289919.ch009,https://doi.org/10.4018/9781878289919.ch009,book-chapter,book-chapter,False,high,Crossref type and DC.type both indicate a book chapter within an ISBN volume.,False,429,
https://openalex.org/W4245888913,https://doi.org/10.1111/ajco.12790,https://doi.org/10.1111/ajco.12790,article,editorial,True,high,"""Convenor's Welcome"" single-page introductory framing piece with no references is editorial front-matter content.",False,403,
https://openalex.org/W3035433767,https://doi.org/10.1186/s13054-020-03085-0,https://ccforum.biomedcentral.com/articles/10.1186/s13054-020-03085-0,letter,letter,False,high,"dc.type meta tag explicitly states ""Letter"" with brief correspondence format and few references.",False,200,
https://openalex.org/W2774907351,https://doi.org/10.21874/rsp.v40i3.2216,https://revista.enap.gov.br/index.php/RSP/article/view/2216,article,article,False,high,DC.Type.articleType is 'Artigos' (article) in a journal with 200 OK landing page.,False,200,
https://openalex.org/W3113938996,https://doi.org/10.1007/978-3-030-63257-1_1,https://link.springer.com/chapter/10.1007/978-3-030-63257-1_1,book-chapter,book-chapter,False,high,Crossref type book-chapter with citation_inbook_title naming the parent book and ISBN present.,False,200,
https://openalex.org/W3012240045,https://doi.org/10.17660/actahortic.2020.1273.3,https://www.actahort.org/books/1273/1273_3.htm,article,conference-paper,True,medium,"Acta Horticulturae publishes ISHS symposium proceedings papers, making this a conference-paper despite the journal-article tag.",False,200,
https://openalex.org/W2324909018,https://doi.org/10.7868/s0031031x14030167,https://www.elibrary.ru/page_error.asp,article,article,False,high,"Crossref journal-article in a paleontology journal reporting new data on eurypterid fossils, multi-page research.",False,200,
https://openalex.org/W7155687592,https://doi.org/10.55277/researchhub.tan9etvs.1,https://www.researchhub.com/paper/11204691/pdf-les-secrets-de-cuisine-de-mrs-quinn-telechargement,report,other,True,medium,"Title is a book-download spam/cooking-recipe entry on ResearchHub, not genuine scholarship fitting any specific type, so it falls to the catch-all.",False,200,
https://openalex.org/W3202866424,https://doi.org/10.3390/catal11101203,https://doi.org/10.3390/catal11101203,article,article,False,high,dc.type 'Article' and journal-article in MDPI journal with abstract and 39 references confirm original research article.,False,403,
https://openalex.org/W4313360985,https://doi.org/10.33731/52022.270914,https://inprojournal.org/2022-5-11/,article,article,False,high,DC.Type.articleType 'Статті' (Articles) and journal-article type with multi-page range indicate an original research article.,False,200,
https://openalex.org/W4313067809,https://doi.org/10.1093/bjs/znac269.118,https://doi.org/10.1093/bjs/znac269.118,article,conference-abstract,True,high,"Numbered item in a journal Supplement_6 with 0 references and abstract-only, characteristic of a meeting abstract.",False,403,
https://openalex.org/W1989792546,https://doi.org/10.1177/0194599811415823a11,https://doi.org/10.1177/0194599811415823a11,article,conference-abstract,True,medium,Zero references with an abstract in an Oto-HNS supplement (DOI suffix '...a11' indicates a grouped meeting-abstract record).,False,403,
https://openalex.org/W7134812677,https://doi.org/10.7764/tesisuc/let/107966,https://doi.org/10.7764/tesisuc/let/107966,dissertation,dissertation,False,high,"Crossref type 'dissertation' and DOI/repository (tesisuc, repositorio.uc.cl) both indicate a university thesis.",False,403,
https://openalex.org/W7128362332,https://doi.org/10.1007/s12634-026-3128-z,https://www.springermedizin.de/doi/10.1007/s12634-026-3128-z,article,other,True,low,"Single-page, no-abstract, no-reference German news-brief in a trade dermatology magazine reads as a news item rather than original research.",False,200,
https://openalex.org/W4389683561,https://doi.org/10.1007/s12520-023-01914-1,https://link.springer.com/10.1007/s12520-023-01914-1,article,article,False,high,dc.type=OriginalPaper with 60 references in a research journal indicates original research article.,False,200,
https://openalex.org/W4377692692,https://doi.org/10.1109/access.2023.3279106,https://ieeexplore.ieee.org/document/10131932/,article,article,False,high,"Crossref journal-article in IEEE Access with full page range and references, a standard research article.",False,202,
https://openalex.org/W1769973740,https://doi.org/10.1111/j.1524-475x.2010.00648.x,https://doi.org/10.1111/j.1524-475x.2010.00648.x,article,article,False,high,"Journal research paper with abstract, 36 refs, page range 98-106 in Wound Repair and Regeneration.",False,403,
https://openalex.org/W4386695838,https://doi.org/10.18261/lor.62.7.2,https://doi.org/10.18261/lor.62.7.2,article,editorial,True,medium,"Two-page piece in a law journal with no abstract and no references, characteristic of an editorial/leder rather than original research.",False,403,
https://openalex.org/W4200216420,https://doi.org/10.15405/epsbs.2021.12.65,https://www.europeanproceedings.com/article/10.15405/epsbs.2021.12.65,article,conference-paper,True,high,Crossref type proceedings-article in European Proceedings of Social and Behavioural Sciences.,False,200,
https://openalex.org/W2943632215,https://doi.org/10.31826/9781463225285,https://www.degruyterbrill.com:443/document/doi/10.31826/9781463225285/html,book,book,False,high,Crossref type book with ISBN and standalone monograph title confirm a whole-book record.,False,202,
https://openalex.org/W4245210239,https://doi.org/10.1787/9789264309234-16-fr,https://doi.org/10.1787/9789264309234-16-fr,book-chapter,book-chapter,False,high,OECD iLibrary chapter within a named book volume; raw type book-chapter.,False,403,
https://openalex.org/W4235943527,https://doi.org/10.1093/oso/9780190677565.001.0001,https://doi.org/10.1093/oso/9780190677565.001.0001,book,book,False,high,Crossref type 'book' with ISBN and og:type/citation 'book' for a complete OUP volume.,False,403,
https://openalex.org/W4249545744,https://doi.org/10.1363/3402108,https://www.guttmacher.org/sites/default/files/pdfs/pubs/journals/3402108.pdf,article,article,False,high,"Journal-article with abstract, 20 references, and multi-page research content in a journal.",False,200,
https://openalex.org/W4243540376,https://doi.org/10.7767/dnrm.2010.50.34.441,https://doi.org/10.7767/dnrm.2010.50.34.441,article,paratext,True,medium,"Title 'Abstracts' with no references is a journal abstract-section/packaging record, not original content.",False,403,
https://openalex.org/W4249421992,https://doi.org/10.1016/b978-1-4160-5944-8.00405-x,https://linkinghub.elsevier.com/retrieve/pii/B978141605944800405X,book-chapter,paratext,True,high,"Title 'Contributors' on page v-v is front-matter packaging, not content.",False,200,
https://openalex.org/W2415257626,https://doi.org/10.1016/j.vaccine.2015.12.031,https://linkinghub.elsevier.com/retrieve/pii/S0264410X15018228,letter,letter,False,medium,"Short two-page correspondence in Vaccine rebutting claims, consistent with a letter to the editor.",False,200,
https://openalex.org/W2105026504,https://doi.org/10.1111/j.1365-2958.2006.05528.x,https://doi.org/10.1111/j.1365-2958.2006.05528.x,letter,review,True,medium,"Short topical survey ('MicroReview') with 35 references summarizing roles of falcilysin across studies, not original research or reader correspondence.",False,403,
https://openalex.org/W3174017575,https://doi.org/10.1109/i2mtc50364.2021.9459820,https://ieeexplore.ieee.org/document/9459820/,article,conference-paper,True,high,Crossref type proceedings-article in an IEEE conference proceedings venue.,False,202,
https://openalex.org/W2490000822,https://doi.org/10.1057/9780230100923_12,https://link.springer.com/chapter/10.1057/9780230100923_12,book-chapter,book-chapter,False,high,Crossref type book-chapter within an ISBN book with page range 199-209.,False,200,
https://openalex.org/W2400715347,https://doi.org/10.1007/s00167-016-4156-4,https://doi.org/10.1007/s00167-016-4156-4,editorial,editorial,False,high,"dc.type is ""EditorialNotes"" with 0 references on a short two-page opinion piece.",False,403,
https://openalex.org/W2592716594,https://doi.org/10.2991/mme-16.2017.42,https://www.atlantis-press.com/proceedings/mme-16/25871473,article,conference-paper,True,high,Crossref type proceedings-article with citation_conference_title in Atlantis Press proceedings.,False,200,
https://openalex.org/W2127289720,https://doi.org/10.1111/jcms.12023,https://doi.org/10.1111/jcms.12023,article,article,False,high,"Crossref journal-article with full page range (789-805), abstract, and references in a research journal.",False,403,
https://openalex.org/W2511122794,https://doi.org/10.2468/jbes.61.90,https://www.jstage.jst.go.jp/article/jbes/61/2/61_2_90/_article/-char/ja/,article,editorial,True,medium,"Title is a symposium chairperson's summary with no references, which the taxonomy routes to editorial (conference summaries/introductions).",False,200,
https://openalex.org/W4281925975,https://doi.org/10.3389/fanim.2022.837279,https://www.frontiersin.org/journals/animal-science/articles/10.3389/fanim.2022.837279/full,article,article,False,high,"Original research with 46 references in a journal, status 200.",False,200,
https://openalex.org/W2498573823,https://doi.org/10.3726/978-3-653-03972-6,https://www.peterlang.com/document/1067513,book,book,False,high,Crossref edited-book with ISBN and whole-volume DOI on Peter Lang eBooks.,False,200,
https://openalex.org/W4249738075,https://doi.org/10.3139/9783446469525.039,https://doi.org/10.3139/9783446469525.039,book-chapter,book-chapter,False,high,"Crossref type book-chapter and og:type ""Chapter"" within ISBN book Technische Mechanik.",False,403,
https://openalex.org/W2912478924,https://doi.org/10.3389/fpsyg.2019.00101,https://www.frontiersin.org/journals/psychology/articles/10.3389/fpsyg.2019.00101/full,review,review,False,high,"Title explicitly states ""Systematic Review and Meta-Analysis"" with 74 references surveying many studies.",False,200,
https://openalex.org/W4392142075,https://doi.org/10.5220/0012349100003657,https://www.scitepress.org/Link.aspx?doi=10.5220/0012349100003657,article,conference-paper,True,high,Crossref type proceedings-article with conference proceedings container and citation_conference_title.,False,200,
https://openalex.org/W2067885973,https://doi.org/10.1177/0741088313488073,https://doi.org/10.1177/0741088313488073,article,article,False,high,dc.Type 'research-article' with 35 refs and journal pagination in Written Communication.,False,403,
https://openalex.org/W2104154118,https://doi.org/10.1111/j.1744-7402.2006.02110.x,https://doi.org/10.1111/j.1744-7402.2006.02110.x,article,article,False,high,"Crossref journal-article with full page range (455-462), 19 references, and abstract in a research journal indicates an original research article.",False,403,
https://openalex.org/W3117388126,https://doi.org/10.5723/kjcs.2020.41.6.81,https://www.childstudies.org/journal/view.php?doi=10.5723/kjcs.2020.41.6.81,article,article,False,high,"Crossref journal-article with 47 references, abstract, and page range in a research journal.",False,200,
https://openalex.org/W4416787168,https://doi.org/10.1002/ep.70241,https://doi.org/10.1002/ep.70241,article,article,False,high,Crossref journal-article with abstract and 64 references in a research journal indicates an original research article.,False,403,
https://openalex.org/W9219499,https://doi.org/10.1007/978-2-287-79931-0_4,https://link.springer.com/10.1007/978-2-287-79931-0_4,book-chapter,book-chapter,False,high,Crossref type book-chapter with ISBN and inbook_title confirms a chapter in a book.,False,200,
https://openalex.org/W106934521,https://doi.org/10.1096/fasebj.20.5.lb107-a,https://doi.org/10.1096/fasebj.20.5.lb107-a,article,conference-abstract,True,high,"FASEB Journal abstract-supplement DOI (lb107-a) with 0 references is a published meeting abstract, not a full article.",False,403,
https://openalex.org/W4413995652,https://doi.org/10.1021/jpv129i035_1979401,https://doi.org/10.1021/jpv129i035_1979401,paratext,paratext,False,high,Title 'Issue Editorial Masthead' and dc.Type 'front-matter' identify packaging material around content.,False,403,
https://openalex.org/W4400944547,https://doi.org/10.1016/j.jmps.2024.105794,https://linkinghub.elsevier.com/retrieve/pii/S0022509624002606,article,article,False,high,"Crossref journal-article with 57 references in a research journal, original-research title.",False,200,
https://openalex.org/W1866328638,https://doi.org/10.1007/s10208-015-9272-x,https://link.springer.com/article/10.1007/s10208-015-9272-x,article,article,False,high,"dc.type=""OriginalPaper"" with journal-article type, full page range and 32 references signals original research article.",False,200,
https://openalex.org/W3005431635,https://doi.org/10.18231/j.jpbs.2019.012,https://jpbs.in/archive/volume/7/issue/2/article/2030,article,article,False,high,Crossref journal-article with abstract and multi-page research content (cost of illness study) in a journal venue.,False,200,
https://openalex.org/W3202982013,https://doi.org/10.52340/idw.2021.511,https://journals.4science.ge/index.php/IDW/article/view/511,article,article,False,high,Journal article on linguistics with abstract; DC.Type.articleType 'LANGUAGE AND LINGUISTICS' and live 200 page confirm original journal article.,False,200,
https://openalex.org/W188022359,https://doi.org/10.1007/978-3-319-03880-3_13,https://link.springer.com/10.1007/978-3-319-03880-3_13,book-chapter,book-chapter,False,high,Crossref type book-chapter within an ISBN book container with chapter page range 363-400.,False,200,
https://openalex.org/W4362674501,https://doi.org/10.54097/hbem.v5i.5080,https://drpress.org/ojs/index.php/HBEM/article/view/5080,article,article,False,high,DC.Type.articleType 'Articles' with full multi-page research content and references in a journal.,False,200,
https://openalex.org/W3207722558,https://doi.org/10.3390/en14206658,https://doi.org/10.3390/en14206658,review,review,False,high,"dc.type ""Review"" plus title ""A Review of Models, Methods, and Applications"" with 135 references confirms a literature survey.",False,403,
https://openalex.org/W4292982879,https://doi.org/10.3390/en15165775,https://doi.org/10.3390/en15165775,article,article,False,high,dc.type=Article in MDPI journal Energies with abstract and 32 references indicates a standard research article.,False,403,
https://openalex.org/W2073770177,https://doi.org/10.1016/j.copbio.2011.05.471,https://linkinghub.elsevier.com/retrieve/pii/S0958166911005581,article,conference-abstract,True,medium,"Single-page supplement entry (S142) with zero references in a journal, characteristic of a meeting abstract.",False,200,
https://openalex.org/W1511864179,https://doi.org/10.1159/000323047,https://doi.org/10.1159/000323047,article,book-chapter,True,high,Crossref type book-chapter with ISBN in a book volume (citation_inbook_title 'Peripheral Nerve Stimulation') within a book series.,False,403,
https://openalex.org/W4415672327,https://doi.org/10.1109/iotaai66837.2025.11213015,https://ieeexplore.ieee.org/document/11213015/,article,conference-paper,True,high,Crossref type proceedings-article in an IEEE conference proceedings volume.,False,202,
https://openalex.org/W3104447290,https://doi.org/10.1177/2309499020971863,https://doi.org/10.1177/2309499020971863,article,article,False,high,dc.Type 'research-article' with 49 references confirms original research article.,False,403,
https://openalex.org/W2333536904,https://doi.org/10.1061/41139(387)412,https://ascelibrary.org/doi/10.1061/41139%28387%29412,article,conference-paper,True,high,Crossref type proceedings-article in ICLEM 2010 proceedings volume.,False,200,
https://openalex.org/W2037091003,https://doi.org/10.1117/12.2024462,https://www.spiedigitallibrary.org/redirect/proceedings/proceeding?doi=10.1117/12.2024462,article,conference-paper,True,high,Crossref proceedings-article in SPIE Proceedings with conference_title metadata routes to conference-paper.,False,200,
https://openalex.org/W4313232256,https://doi.org/10.46362/jrsc.v2i2.71,https://jurnal.widyaagape.ac.id/index.php/jrsc/article/view/71,article,article,False,high,"Crossref journal-article with full page range (123-140), abstract, and references in a journal indicates an original research article.",False,200,
https://openalex.org/W2737062928,https://doi.org/10.1016/j.corsci.2017.07.009,https://linkinghub.elsevier.com/retrieve/pii/S0010938X16309453,article,article,False,high,Journal-article in Corrosion Science with full page range and 55 references reporting original research.,False,200,
https://openalex.org/W2012389008,https://doi.org/10.1097/01.nor.0000315628.45923.33,https://journals.lww.com/orthopaedicnursing/abstract/2008/03000/transforming_your_professional_self__encouraging.10.aspx,review,article,True,medium,"Journal article with abstract, multi-page (125-132), and references in a nursing journal; oa_type 'review' is venue-derived and unsupported by content signals.",False,200,
https://openalex.org/W2768248002,https://doi.org/10.1109/ultsym.2017.8092078,https://ieeexplore.ieee.org/document/8092078/,article,conference-paper,True,high,Crossref proceedings-article in IEEE Ultrasonics Symposium proceedings.,False,202,
https://openalex.org/W2897874976,https://doi.org/10.4103/njct.njct_6_18,https://journals.lww.com/njct/fulltext/2018/03010/images_in_cardiothoracic_surgery.5.aspx,article,article,False,low,"Single-page journal item with full landing page; no signal indicating a non-article genre, so defaults to article.",False,200,
https://openalex.org/W2567118510,https://doi.org/10.12737/6957,https://doi.org/10.12737/6957,article,article,False,high,"Journal-article in a research journal reporting original work, but landing page returns 404 with 'Error 404' page title.",True,404,
https://openalex.org/W2470996924,https://doi.org/10.5215/pennlega.14.1.0003,https://doi.org/10.5215/pennlega.14.1.0003,article,article,False,low,Journal-article in a history magazine with a substantive feature title; 403 is a bot-block not a dead page.,False,403,
https://openalex.org/W4253656402,https://doi.org/10.18243/eon/2020.13.9.4,https://eon.rivervalley.io/articles/13/9/EON-2020-1394,article,book-review,True,high,"Title explicitly says 'Review of [book title] by Alan Alda', a critical appraisal of a single book.",False,200,
https://openalex.org/W1592372459,https://doi.org/10.1111/jon.12084,https://doi.org/10.1111/jon.12084,article,article,False,high,"Crossref journal-article with full text, references, and multi-page range in a neuroimaging journal—a case report presented as a full article.",False,403,
https://openalex.org/W4241078672,https://doi.org/10.1017/9781139051361.239,https://www.cambridge.org/core/books/abs/letters-of-ernest-hemingway/to-louis-henry-cohn-3-september-1930/1AB3E05B4DB0C6E77232AC7689105170,other,book-chapter,True,medium,citation_inbook_title and page range 357-360 mark it as a section within the book 'The Letters of Ernest Hemingway'.,False,200,
https://openalex.org/W7155539480,https://doi.org/10.1016/b978-0-443-44025-0.00020-6,https://linkinghub.elsevier.com/retrieve/pii/B9780443440250000206,book-chapter,book-chapter,False,high,Crossref type book-chapter within an ISBN edited volume with citation_inbook_title confirms a chapter.,False,200,
https://openalex.org/W3128429637,https://doi.org/10.1111/are.15143,https://doi.org/10.1111/are.15143,article,article,False,high,Crossref journal-article with full pages and 48 references in a research journal indicates an original article.,False,403,
https://openalex.org/W4236504019,https://doi.org/10.1007/978-3-030-49406-3,https://link.springer.com/book/10.1007/978-3-030-49406-3,book,book,False,high,Crossref type book with ISBN and Springer book landing page for a complete volume.,False,200,
https://openalex.org/W7164528080,https://doi.org/10.1134/s1064230726700164,https://link.springer.com/10.1134/S1064230726700164,article,article,False,high,dc.type 'OriginalPaper' in a research journal with references confirms original research article.,False,200,
https://openalex.org/W4390234220,https://doi.org/10.17520/biods.2023030,https://www.biodiversity-science.net/EN/10.17520/biods.2023030,article,article,False,high,Original research paper with abstract and 31 references in a journal.,False,200,
https://openalex.org/W4410141673,https://doi.org/10.2307/jj.28174314.6,https://doi.org/10.2307/jj.28174314.6,book-chapter,book-chapter,False,medium,"Crossref book-chapter within a titled book with ISBN, pages 3-13, named 'Introduction' as a section of the volume.",False,403,
https://openalex.org/W2709868425,https://doi.org/10.4103/1118-8561.147487,https://journals.lww.com/SHMJ/pages/default.aspx,article,article,False,medium,"Crossref journal-article reporting an original histopathological study, despite single-page brevity.",False,200,
https://openalex.org/W2079215901,https://doi.org/10.1159/000219992,https://doi.org/10.1159/000219992,article,article,False,high,"Journal research paper in Chemotherapia with multi-page range 200-208 and abstract, no review/conference signals.",False,403,
https://openalex.org/W2099194882,https://doi.org/10.4111/kju.2007.48.1.12,https://icurology.org/DOIx.php?id=10.4111/kju.2007.48.1.12,article,article,False,high,Original clinical research with abstract and 24 references in a urology journal.,False,200,
https://openalex.org/W4321640412,https://doi.org/10.4135/9781544358895.n13,https://doi.org/10.4135/9781544358895.n13,book-chapter,book-chapter,False,high,Crossref type book-chapter with page range 103-116 within a SAGE book container with ISBN.,False,302,
https://openalex.org/W4243028575,https://doi.org/10.2307/j.ctv346p64.12,https://doi.org/10.2307/j.ctv346p64.12,book-chapter,book-chapter,False,high,Crossref type book-chapter with page range 416-499 within a larger volume on JSTOR.,False,403,
https://openalex.org/W3172653463,https://doi.org/10.52260/2304-7216.2020.4(41).10,http://vestnik.kuef.kz/web/uploads/file-vestnik/d4d7ae1de7cb6f380c9728f5731482b9.pdf#page=88,article,article,False,high,"Journal-article with abstract, 28 references and multi-page range (88-95) indicates original research article.",False,200,
https://openalex.org/W1532296909,https://doi.org/10.5220/0004883206820688,https://www.scitepress.org/Link.aspx?doi=10.5220/0004883206820688,article,conference-paper,True,high,Crossref type proceedings-article with a conference proceedings container confirms a full conference paper.,False,200,
https://openalex.org/W2895910739,https://doi.org/10.17116/rosstomat20181103129,https://www.mediasphera.ru/issues/rossijskaya-stomatologiya/2018/3/downloads/ru/1207264062018031029,article,article,False,low,"Journal research paper in Russian Journal of Stomatology with 7 references and original experimental study title, despite single-page extent.",False,200,
https://openalex.org/W2177903688,https://doi.org/10.21831/jk.v28i1.7247,https://journal.uny.ac.id/index.php/jk/article/view/7247,article,article,False,high,DC.Type.articleType 'Artikel' and journal-article in a research journal with multi-page range.,False,200,
https://openalex.org/W2768050202,https://doi.org/10.3389/fcvm.2017.00072,https://www.frontiersin.org/journals/cardiovascular-medicine/articles/10.3389/fcvm.2017.00072/full,article,article,False,low,"Crossref journal-article in Frontiers with abstract and references, no article-type metadata indicating review/editorial.",False,200,
https://openalex.org/W1847998717,https://doi.org/10.1111/j.1745-3933.2011.01121.x,https://doi.org/10.1111/j.1745-3933.2011.01121.x,article,article,False,high,Original research paper in MNRAS Letters with abstract and references; 'Letters' here denotes rapid-communication research articles.,False,403,
https://openalex.org/W4413257947,https://doi.org/10.1007/s00604-025-07447-9,https://link.springer.com/10.1007/s00604-025-07447-9,article,article,False,high,"dc.type ""OriginalPaper"" in a journal with 29 references indicates original research article.",False,200,
https://openalex.org/W4319591903,https://doi.org/10.4324/9781003370581-11,https://www.taylorfrancis.com/chapters/edit/10.4324/9781003370581-11/narrative-identity-inside-lee-newitt-piers-worth-matthew-smith,book-chapter,book-chapter,False,high,Crossref type book-chapter with pages 218-231 within an ISBN book container confirms a chapter.,False,200,
https://openalex.org/W4413217729,https://doi.org/10.1063/5.0275403,https://doi.org/10.1063/5.0275403,article,article,False,high,Journal-article in Physics of Fluids with 48 references reporting original research.,False,403,
https://openalex.org/W2770945960,https://doi.org/10.3390/e19120636,https://doi.org/10.3390/e19120636,article,article,False,high,dc.type=Article in MDPI journal Entropy with abstract and 36 references indicates original research article.,False,403,
https://openalex.org/W4413437310,https://doi.org/10.1101/2025.08.16.670670,https://doi.org/10.1101/2025.08.16.670670,preprint,preprint,False,high,Crossref posted-content/preprint on bioRxiv repository venue.,False,403,
https://openalex.org/W2777684976,https://doi.org/10.1353/jjq.2015.0055,https://muse.jhu.edu/verify?url=%2Farticle%2F680413&r=6430206,article,article,False,high,"Full scholarly research article (pages 37-60, 27 refs) in James Joyce Quarterly, analyzing Joyce's Exiles.",False,200,
https://openalex.org/W7117167142,https://doi.org/10.1007/s11192-025-05496-8,https://link.springer.com/10.1007/s11192-025-05496-8,article,article,False,high,"dc.type ""OriginalPaper"" in a journal with full pages and references indicates an original research article.",False,200,
https://openalex.org/W4401921116,https://doi.org/10.1080/09583157.2024.2391328,https://doi.org/10.1080/09583157.2024.2391328,article,article,False,high,dc.Type 'research-article' with 100 references and full page range in a research journal.,False,403,
https://openalex.org/W4390073290,https://doi.org/10.5771/2748-923x-2023-2-102,https://www.inlibra.com/de/document/view/detail/uuid/74becfca-20a9-3948-95d7-a52f82ff4276,article,book-review,True,high,"Title is an author+book title with short 3-page span and zero references, signaling a single-book appraisal.",False,200,
https://openalex.org/W4233536975,https://doi.org/10.1109/jeds.2015.2464951,https://ieeexplore.ieee.org/document/7217872/,article,paratext,True,high,"Title ""Table of contents"" with cover pages C1-C4 is structural packaging material.",False,202,
https://openalex.org/W2109513560,https://doi.org/10.1093/ejcts/ezs549,https://doi.org/10.1093/ejcts/ezs549,article,article,False,high,"Original research full paper in a journal with abstract, 25 references, and multi-page range.",False,403,
https://openalex.org/W4237742185,https://doi.org/10.1002/9780471462422.eoct025,https://doi.org/10.1002/9780471462422.eoct025,other,reference-entry,True,high,"Title 'Imputation' is one entry in the Wiley Encyclopedia of Clinical Trials (Major Reference Works), making it a reference-entry.",False,403,
https://openalex.org/W2619484656,https://doi.org/10.3917/commu.100.0151,https://doi.org/10.3917/commu.100.0151,article,article,False,high,"Crossref journal-article in journal Communications with multi-page range and abstract; 403 is a bot-block, not dead.",False,403,
https://openalex.org/W2052387762,https://doi.org/10.1016/j.coastaleng.2009.11.002,https://linkinghub.elsevier.com/retrieve/pii/S0378383909001690,article,letter,True,high,"Title is a ""Reply to"" a previous comment about published work, characteristic of author correspondence.",False,200,
https://openalex.org/W2743468350,https://doi.org/10.21123/bsj.10.1.133-143,https://doi.org/10.21123/bsj.10.1.133-143,article,article,False,high,DC.Type.articleType 'article' with research full-text pages; lp_status 404 with notfound text flags dead landing page.,True,404,
https://openalex.org/W1923732536,https://doi.org/10.1007/s00774-015-0677-z,https://link.springer.com/article/10.1007/s00774-015-0677-z,article,article,False,high,dc.type 'OriginalPaper' and journal-article in a research journal indicate an original case report presented as a full paper.,False,200,
https://openalex.org/W2085310285,https://doi.org/10.1016/j.ica.2006.08.044,https://linkinghub.elsevier.com/retrieve/pii/S0020169306005937,article,article,False,high,Original research paper in Inorganica Chimica Acta with 37 references and multi-page span.,False,200,
https://openalex.org/W2589264189,https://doi.org/10.12783/dtcse/cmee2016/5331,https://dpi-journals.com/index.php/dtcse/article/view/5331,article,conference-paper,True,high,DOI slug 'cmee2016' and articleType 'SESSION 2' show this is a conference proceedings paper despite the journal-article tag.,False,200,
https://openalex.org/W4388738318,https://doi.org/10.20961/jas.v12i2.70660,https://jurnal.uns.ac.id/jas/article/view/70660,article,article,False,high,"articleType meta is ""Articles"" with 31 references in a journal, indicating a standard research article.",False,200,
https://openalex.org/W830590592,https://doi.org/10.1163/9789004249417_013,https://brill.com/display/book/9789004249417/B9789004249417-s013.xml,book-chapter,paratext,True,high,"Title 'List of Characters' is a packaging/reference list rather than substantive chapter content, fitting paratext.",False,200,
https://openalex.org/W7161796013,https://doi.org/10.1109/pesgre65581.2025.11521284,https://ieeexplore.ieee.org/document/11521284/,article,conference-paper,True,high,Crossref type proceedings-article in an IEEE conference proceedings (PESGRE) with full 6-page paper.,False,202,
https://openalex.org/W4241228690,https://doi.org/10.18356/1f3ceb41-en,https://doi.org/10.18356/1f3ceb41-en,book-chapter,book-chapter,False,high,Crossref book-chapter with ISBN and page range 255-275 within a UN review volume.,False,403,
https://openalex.org/W3109894864,https://doi.org/10.1063/5.0026708,https://doi.org/10.1063/5.0026708,article,conference-paper,True,high,Crossref type proceedings-article in AIP Conference Proceedings routes to conference-paper.,False,403,
https://openalex.org/W1495677808,https://doi.org/10.1017/cbo9780511700712.015,https://www.cambridge.org/core/books/abs/ninth-bridgewater-treatise/reflections-on-free-will/1EBEDA4DE88806DA97F4D79D4F34768F,book-chapter,book-chapter,False,high,"Crossref type book-chapter with chapter XIII in a book container and ISBN, page range 151-155.",False,200,
https://openalex.org/W4393854943,https://doi.org/10.53639/ijsse.v1i1.9,https://aisrr-ijsse.net/index.php/jsse/article/view/9,article,article,False,high,"DC.Type.articleType is ""Articles"" with full page range 39-60 and 16 references, a standard research article.",False,200,
https://openalex.org/W3214043855,https://doi.org/10.3390/nu13114089,https://doi.org/10.3390/nu13114089,article,article,False,high,dc.type 'Article' and journal-article with abstract and 28 refs in Nutrients confirms original research article; 403 is a bot-block not broken.,False,403,
https://openalex.org/W1968677957,https://doi.org/10.1080/02701960.2011.572056,https://doi.org/10.1080/02701960.2011.572056,article,article,False,high,dc.Type is research-article with full pages 164-181 in a journal.,False,403,
https://openalex.org/W3154470059,https://doi.org/10.1109/ieeeconf38699.2020.9389008,https://ieeexplore.ieee.org/document/9389008/,article,conference-paper,True,high,Crossref type is proceedings-article in an IEEE conference proceedings venue.,False,202,
https://openalex.org/W4409943720,https://doi.org/10.1007/s11043-025-09782-z,https://link.springer.com/10.1007/s11043-025-09782-z,article,article,False,high,"dc.type ""OriginalPaper"" in a journal with original research content confirms a standard article.",False,200,
https://openalex.org/W2216273470,https://doi.org/10.1016/j.placenta.2015.07.228,https://linkinghub.elsevier.com/retrieve/pii/S0143400415011972,article,conference-abstract,True,high,Single roman-numeral supplement page A15-A15 with 0 references in Placenta indicates a meeting abstract.,False,200,
https://openalex.org/W2884108914,https://doi.org/10.1186/s12263-018-0611-9,https://genesandnutrition.biomedcentral.com/articles/10.1186/s12263-018-0611-9,article,article,False,high,dc.type=OriginalPaper with 37 references reporting original experimental research in a journal.,False,200,
https://openalex.org/W2052209575,https://doi.org/10.1080/00397911.2011.653703,https://doi.org/10.1080/00397911.2011.653703,article,article,False,high,dc.Type research-article in a journal with full pages and 23 references confirms original research article.,False,403,
https://openalex.org/W4239645989,https://doi.org/10.3403/30198832,https://knowledge.bsigroup.com:443/products/geometrical-product-specifications-gps-iso-code-system-for-tolerances-on-linear-sizes-basis-of-tolerances-deviations-and-fits,standard,standard,False,high,BS EN ISO standard from BSI with cr_type 'standard'.,False,200,
https://openalex.org/W2005407472,https://doi.org/10.1103/physrevb.83.233403,https://doi.org/10.1103/physrevb.83.233403,article,article,False,high,Crossref journal-article in Physical Review B with abstract and 25 references is original research.,False,403,
https://openalex.org/W7161177545,https://doi.org/10.53762/alqamar.08.02.u02,https://alqamarjournal.com/alqamar/article/view/1609,article,article,False,high,"Crossref journal-article in journal Al-Qamar with abstract and multi-page range, landing page reachable (200).",False,200,
https://openalex.org/W3145367123,https://doi.org/10.1017/cbo9781139060974,https://www.cambridge.org/core/books/limits-of-institutional-reform-in-development/C7E4CCE47EE4FC81EBCE0AA78F8A60FE,book,book,False,high,Crossref type 'monograph' with ISBN on Cambridge eBook platform indicates a standalone scholarly book.,False,200,
https://openalex.org/W1912145057,https://doi.org/10.1111/j.1467-789x.2012.01034.x,https://doi.org/10.1111/j.1467-789x.2012.01034.x,review,review,False,high,"Published in Obesity Reviews with 176 references and survey scope, fitting a literature review article.",False,403,
https://openalex.org/W2175097192,https://doi.org/10.1021/acs.chemmater.5b02344,https://doi.org/10.1021/acs.chemmater.5b02344,article,article,False,high,dc.Type 'rapid-communication' in a journal with full pages and abstract routes to article.,False,403,
https://openalex.org/W2896562599,https://doi.org/10.1515/jpem-2018-0253,https://www.degruyterbrill.com:443/document/doi/10.1515/jpem-2018-0253/html,article,article,False,high,"Crossref journal-article with original research, abstract, references, and page range in a journal.",False,202,
https://openalex.org/W4232067808,https://doi.org/10.22533/at.ed.46420031116,https://doi.org/10.22533/at.ed.46420031116,book-chapter,book-chapter,False,high,Crossref type book-chapter with page range 152-167 in an edited ebook volume; landing page returns 404/notfound.,True,404,
https://openalex.org/W4245437781,https://doi.org/10.1007/10920473_521,https://idp.springer.com/authorize?client_id=smat&redirect_uri=https%3A%2F%2Fmaterials.springer.com%2Flb%2Fdocs%2Fsm_lbs_978-3-540-31663-3_521&response_type=cookie,book-chapter,reference-entry,True,medium,Single-page entry within the Landolt-Börnstein reference work (Structure Types) rather than a regular chapter.,False,200,
https://openalex.org/W4231102004,https://doi.org/10.9785/mdtr-2016-1227,https://www.degruyterbrill.com/document/doi/10.9785/mdtr-2016-1227/html,article,article,False,medium,"Crossref journal-article in a law journal with no signals of review/editorial/letter, defaulting to article.",False,202,
https://openalex.org/W2055697855,https://doi.org/10.1142/s0218126612500752,https://doi.org/10.1142/s0218126612500752,article,article,False,high,Crossref journal-article with abstract and 31 references reporting original research in a journal; 403 is a bot-block not a dead page.,False,403,
https://openalex.org/W3184873090,https://doi.org/10.30827/profesorado.v25i2.9274,https://doi.org/10.30827/profesorado.v25i2.9274,article,article,False,high,"Journal research paper with abstract, 22 refs, multi-page range (351-365) in an OJS journal venue.",False,,
https://openalex.org/W2948808577,https://doi.org/10.1098/rsos.190563,https://doi.org/10.1098/rsos.190563,article,article,False,high,dc.Type 'research-article' with 38 references in a journal confirms original research article.,False,403,
https://openalex.org/W2750986623,https://doi.org/10.1134/s0965542517080115,https://link.springer.com/10.1134/S0965542517080115,article,article,False,high,"dc.type ""OriginalPaper"" with full pages and references in a research journal indicates an original research article.",False,200,
https://openalex.org/W73297606,https://doi.org/10.1007/978-3-540-69082-5_2,https://link.springer.com/10.1007/978-3-540-69082-5_2,book-chapter,book-chapter,False,high,Crossref type book-chapter with citation_inbook_title and ISBN confirms a chapter in a book.,False,200,
https://openalex.org/W7148782997,https://doi.org/10.1016/j.jpba.2026.117497,https://linkinghub.elsevier.com/retrieve/pii/S0731708526001652,article,article,False,high,"Crossref journal-article with original research title in a journal, landing page resolves 200.",False,200,
https://openalex.org/W2754022497,https://doi.org/10.4103/jmau.jmau_25_18,https://lww.com/pages/default.aspx,article,article,False,high,Crossref journal-article with abstract and 34 references reporting original histological research.,False,200,
https://openalex.org/W4416094431,https://doi.org/10.1111/1365-2664.70196,https://doi.org/10.1111/1365-2664.70196,article,article,False,high,"Crossref journal-article with full page range and references in Journal of Applied Ecology, original research.",False,403,
https://openalex.org/W2538217170,https://doi.org/10.1109/imws-bio.2013.6756195,https://ieeexplore.ieee.org/document/6756195/,article,conference-paper,True,high,Crossref type proceedings-article in an IEEE IMWS conference proceedings.,False,202,
https://openalex.org/W3212814660,https://doi.org/10.1177/09603271211052987,https://doi.org/10.1177/09603271211052987,review,review,False,high,"dc.Type meta tag is ""review-article"" with 64 references surveying ferroptosis literature.",False,403,
https://openalex.org/W2592538338,https://doi.org/10.5433/1679-0359.2017v38n1p283,https://ojs.uel.br/revistas/uel/index.php/semagrarias/article/view/25499,article,article,False,high,DC.Type.articleType 'Artigos' with 27 references and abstract indicates an original research article.,False,200,
https://openalex.org/W4388445119,https://doi.org/10.1016/j.jclepro.2023.139592,https://linkinghub.elsevier.com/retrieve/pii/S0959652623037502,article,article,False,high,Crossref journal-article with 63 references and abstract in Journal of Cleaner Production indicates original research article.,False,200,
https://openalex.org/W2602632966,https://doi.org/10.1123/jsr.2016-0209,https://journals.humankinetics.com/view/journals/jsr/26/4/article-jsr.2016-0209.xml.xml,article,article,False,high,"Original research reliability study in a journal with abstract and references, cr_type journal-article.",False,200,
https://openalex.org/W4401564907,https://doi.org/10.26512/2011.tcc.2843,https://doi.org/10.26512/2011.tcc.2843,dissertation,dissertation,False,high,Crossref type and repository DC.type indicate a degree-completion thesis (Trabalho de Conclusão de Curso).,False,,
https://openalex.org/W4400246202,https://doi.org/10.55959/msu0579-9414.5.79.3.2,https://doi.org/10.55959/msu0579-9414.5.79.3.2,article,article,False,high,"Original research paper in a journal with abstract, 21 refs, and full page range; lp_status 503 is a transient bot-block not a dead page.",False,503,
https://openalex.org/W3111208276,https://doi.org/10.1093/jahist/jaaa385,https://doi.org/10.1093/jahist/jaaa385,article,book-review,True,high,"Single-page entry (750-750) with 0 references in Journal of American History's book-review section, titled with a book's name.",False,403,
https://openalex.org/W2922818352,https://doi.org/10.1177/1934578x0800300913,https://doi.org/10.1177/1934578x0800300913,article,article,False,high,dc.Type is research-article with 27 references and journal venue.,False,403,
https://openalex.org/W4206287114,https://doi.org/10.2478/ahem-2021-0010,https://reference-global.com/article/10.2478/ahem-2021-0010,article,review,True,medium,"Survey of phototherapy treatment literature with 83 references indicates a review article, not original research.",False,200,
https://openalex.org/W7154713493,https://doi.org/10.25744/vestnik.2026.1.72.011,https://anchr.ru/wp-content/uploads/2026/04/Vestnik-1-2026-103-108.pdf,article,article,False,high,Journal-article in a research vestnik with abstract and multi-page range (103-108) reporting helminthological research history.,False,200,
https://openalex.org/W2907993866,https://doi.org/10.1021/acsnano.8b08076,https://pubs.acs.org/doi/10.1021/acsnano.8b08076,article,article,False,high,dc.Type 'research-article' in a journal with full pages and references confirms an original research article.,False,200,
https://openalex.org/W4246688328,https://doi.org/10.1163/2210-7886_asc-26252,https://www.degruyterbrill.com/database/asco/entry/asco.L26252/html,dataset,dataset,False,medium,"Crossref type dataset in the Art Sales Catalogues Online repository database, a catalogue entry record rather than a paper.",False,202,
https://openalex.org/W4291805440,https://doi.org/10.17989/encsr020iyv,https://doi.org/10.17989/encsr020iyv,dataset,dataset,False,high,Crossref type dataset from ENCODE repository; lp_status 502 indicates dead landing page.,True,502,
https://openalex.org/W2068967653,https://doi.org/10.1093/notesj/gjm244,https://doi.org/10.1093/notesj/gjm244,article,article,False,high,Crossref journal-article in Notes and Queries with multi-page span (46-48) and no review/abstract-only signals.,False,403,
https://openalex.org/W2320410753,https://doi.org/10.1007/s15012-016-2111-1,https://www.springermedizin.de/doi/10.1007/s15012-016-2111-1,article,article,False,low,Single-page magazine piece with no refs/abstract but typed as journal-article with no signal of another genre.,False,200,
https://openalex.org/W2755946006,https://doi.org/10.4172/jpb.1000442,https://www.longdom.org/open-access/molecular-docking-studies-the-success-should-overrule-the-doubts-jpb-1000442.pdf,article,editorial,True,medium,Opinion-style question title with zero references signals a commentary/editorial rather than original research.,False,200,
https://openalex.org/W4234784083,https://doi.org/10.2139/ssrn.3750244,https://doi.org/10.2139/ssrn.3750244,article,preprint,True,high,SSRN Electronic Journal hosting marks this as a preprint despite the journal-article raw type.,False,403,
https://openalex.org/W4237022465,https://doi.org/10.3139/9783446438378.bm,https://doi.org/10.3139/9783446438378.bm,other,book-chapter,True,high,"og:type ""Chapter"" with ISBN and page range 175-190 within the book ""Analysis 2.""",False,403,
https://openalex.org/W4409272834,https://doi.org/10.1016/j.coco.2025.102394,https://linkinghub.elsevier.com/retrieve/pii/S2452213925001470,article,article,False,high,Crossref journal-article in a research journal with 72 references and original research title.,False,200,
https://openalex.org/W2547479183,https://doi.org/10.5771/0506-7286-2016-3-253,https://www.inlibra.com/de/document/view/pdf/uuid/2d82a008-4195-387d-a4cb-a280d301eebb,article,article,False,high,"Journal article in a law journal with multi-page range (253-262), abstract, and references; no contrary genre signal.",False,200,
https://openalex.org/W1564223682,https://doi.org/10.1111/adb.12255,https://doi.org/10.1111/adb.12255,article,article,False,high,"Original research with 81 references in journal Addiction Biology, cr_type journal-article.",False,403,
https://openalex.org/W4296954161,https://doi.org/10.1007/978-3-658-36179-2,https://link.springer.com/10.1007/978-3-658-36179-2,book,book,False,high,Crossref type 'book' with ISBN and Springer book landing page for a handbook volume.,False,200,
https://openalex.org/W4250434594,https://doi.org/10.1002/hsr2.v1.6,https://doi.org/10.1002/hsr2.v1.6,paratext,paratext,False,high,Crossref type journal-issue with a TOC URL/title for a full journal issue volume packaging record.,False,403,
https://openalex.org/W2791810874,https://doi.org/10.1038/s41419-017-0064-x,https://www.nature.com/articles/s41419-017-0064-x,article,article,False,high,dc.type=OriginalPaper with 38 references in a research journal indicates an original research article.,False,200,
https://openalex.org/W4287888936,https://doi.org/10.18653/v1/2022.semeval-1.51,https://aclanthology.org/2022.semeval-1.51/,article,conference-paper,True,high,Crossref type proceedings-article in SemEval workshop proceedings with citation_conference_title metadata.,False,200,
https://openalex.org/W1551719220,https://doi.org/10.3917/ae.306.0054,https://doi.org/10.3917/ae.306.0054,article,article,False,medium,"Crossref journal-article in a magazine with article-titled metadata; no review/abstract/editorial markers, so default to article.",False,403,
https://openalex.org/W2501936272,https://doi.org/10.1093/acprof:oso/9780199562725.003.0004,https://doi.org/10.1093/acprof:oso/9780199562725.003.0004,book-chapter,book-chapter,False,high,Crossref book-chapter with ISBN and container 'Wireless and Empire' plus citation_inbook_title confirm a chapter within a book.,False,403,
https://openalex.org/W4233863139,https://doi.org/10.1007/s40274-017-4353-5,https://link.springer.com/article/10.1007/s40274-017-4353-5,article,other,True,high,"dc.type meta tag is ""News"" in a PharmacoEconomics & Outcomes News digest, single-page with one reference.",False,200,
https://openalex.org/W4387026015,https://doi.org/10.3847/psj/acf199,"https://validate.perfdrive.com/fb803c746e9148689b3984a31fccd902/?ssa=0a52eff4-986b-42a6-8a17-c077fcae9590&ssb=00049212085&ssc=https%3A%2F%2Fiopscience.iop.org%2Farticle%2F10.3847%2FPSJ%2Facf199&ssi=09c2bd17-cnvj-4bca-8f35-76e113817562&ssk=botmanager_support@radware.com&ssm=14291617036012586103463428206291&ssn=9f2bee20104f1cf86f6189ca16c61a76e00759d0e75d-4858-4899-a3749c&sso=53d567bf-481bb81a2e4cfbe04ae8f241a04f51f351b261c7ff52004c&ssp=73557780701782760538178279648796544&ssq=64668407547265075523575472765619325032953&ssr=NzUuNDkuMTI1LjIwOQ==&sst=Mozilla/5.0%20(Macintosh;%20Intel%20Mac%20OS%20X%2010_15_7)%20AppleWebKit/537.36%20(KHTML,%20like%20Gecko)%20Chrome/124.0%20Safari/537.36&ssu=&ssv=&ssw=&ssx=eyJfX3V6bWYiOiI3ZjkwMDA1OWQwZTc1ZC00ODU4LTQ4OTktYTdiZi00ODFiYjgxYTJlNGMxLTE3ODI3NzU0NzIwODIwLTAwNDdmZTA0YWJiNGVhZmQ0ODgxMCIsInV6bXgiOiI3ZjkwMDBiNzhjNWVkNS1jNzcwLTRiYmQtODUzYS1jOTA2YzNkMWI0YzkxLTE3ODI3NzU0NzIwODIwLWRlYzU0N2U4YzBkMWMzMjIxMCIsInJkIjoiaW9wLm9yZyJ9",article,article,False,high,Original research paper in The Planetary Science Journal with 63 references and abstract.,False,200,
https://openalex.org/W4220713419,https://doi.org/10.18267/j.polek.1344,http://polek.vse.cz/artkey/pol-202201-0004_makroregionalni-divergencni-a-konvergencni-trendy-svetove-ekonomiky.php,article,article,False,high,"Journal research article with abstract, 24 references, and full page range in Politická ekonomie.",False,200,
https://openalex.org/W4249247509,https://doi.org/10.2174/9789811476556120010014,https://doi.org/10.2174/9789811476556120010014,book-chapter,book-chapter,False,high,Crossref type book-chapter with pages 163-179 within a titled book container confirms a chapter.,False,403,
https://openalex.org/W2156829253,https://doi.org/10.1109/rfid-ta.2010.5529855,https://ieeexplore.ieee.org/document/5529855/,article,conference-paper,True,high,Crossref type proceedings-article in an IEEE conference proceedings container.,False,202,
https://openalex.org/W4241024829,https://doi.org/10.31548/machenergy2019.03.145,https://technicalscience.com.ua/en/journals/t-10-3-2019/vpliv-dinamichnikh-kharaktyeristik-traktornikh-gidrotsilindriv-na-yikh-pratsyezdatnist,article,article,False,high,Journal research paper with multi-page range and abstract in a technical journal; cr_type journal-article.,False,200,
https://openalex.org/W14138236,https://doi.org/10.1007/978-1-4419-0219-1_7,https://link.springer.com/chapter/10.1007/978-1-4419-0219-1_7,book-chapter,book-chapter,False,high,Crossref book-chapter with ISBN and citation_inbook_title within an edited volume confirms a chapter.,False,200,
https://openalex.org/W4234258443,https://doi.org/10.5040/9781350211773.0016,https://www.bloomsburycollections.com/monograph-detail?docid=b-9781350211773&tocid=b-9781350211773-note,book-chapter,paratext,True,medium,"Title ""Notes"" is the back-matter notes section of a book, packaging material rather than substantive chapter content.",False,200,
https://openalex.org/W2789516725,https://doi.org/10.1016/j.pharma.2017.12.007,https://linkinghub.elsevier.com/retrieve/pii/S0003450917301785,review,review,False,medium,Topical survey of HEV transfusion risk with 74 references and no original-research abstract indicates a review article.,False,200,
https://openalex.org/W2857877776,https://doi.org/10.1177/0957650918788621,https://doi.org/10.1177/0957650918788621,article,editorial,True,high,"Title ""Editorial for the special issue"" plus dc.Type=editorial and single-page 0-ref record.",False,403,
https://openalex.org/W3085322747,https://doi.org/10.1115/1.4048414,https://doi.org/10.1115/1.4048414,article,article,False,high,"Journal-article in J. Mech. Des. with abstract and 49 references, reporting original research.",False,403,
https://openalex.org/W3129777125,https://doi.org/10.4324/9781003091349-13,https://www.taylorfrancis.com/chapters/mono/10.4324/9781003091349-13/history-arabic-logic-mehmet-karabela,book-chapter,book-chapter,False,high,Crossref type book-chapter with page range 224-235 within ISBN volume 'Islamic Thought Through Protestant Eyes'.,False,200,
https://openalex.org/W4206832017,https://doi.org/10.3389/fcell.2021.802509,https://www.frontiersin.org/journals/cell-and-developmental-biology/articles/10.3389/fcell.2021.802509/full,review,review,False,high,174 references with a survey-style title on a broad topic indicates a review article.,False,200,
https://openalex.org/W1970440166,https://doi.org/10.12659/aot.892707,https://annalsoftransplantation.com/abstract/index/idArt/892707,article,article,False,high,"Journal-article in Annals of Transplantation with multi-page range (206-210) and abstract, a standard research article.",False,200,
https://openalex.org/W4285825752,https://doi.org/10.1515/9781474430395-007,https://www.degruyterbrill.com:443/document/doi/10.1515/9781474430395-007/html,book-chapter,book-chapter,False,high,Crossref type book-chapter with citation_inbook_title in an edited volume.,False,202,
https://openalex.org/W2323664507,https://doi.org/10.1042/bsr20160048,https://doi.org/10.1042/bsr20160048,article,article,False,high,Original research full paper in a journal (journal-article with abstract and 34 references); retraction status does not change the work's intrinsic type.,False,403,
https://openalex.org/W2766041457,https://doi.org/10.5578/fmbd.57310,https://fenbildergi.aku.edu.tr/wp-content/uploads/2017/10/025601-638-645.pdf,article,article,False,high,"Journal research paper with abstract, page range, and references in an engineering journal.",False,200,
https://openalex.org/W4410997286,https://doi.org/10.59581/deposisi.v2i4.4345,https://ifrelresearch.org/index.php/Deposisi-widyakarya/article/view/4345,article,article,False,high,DC.Type.articleType 'Articles' with full-text journal paper across pages 274-283 confirms a research article.,False,200,
https://openalex.org/W4298148724,https://doi.org/10.1016/j.addicn.2022.100037,https://linkinghub.elsevier.com/retrieve/pii/S2772392522000323,article,review,True,medium,Survey-style title 'What have we learned from Drosophila?' with 151 references indicates a literature review rather than original research.,False,200,
https://openalex.org/W3014088837,https://doi.org/10.37755/sjip.v4i1.99,https://ejournal.stkipbudidaya.ac.id/index.php/serunai/article/view/99,article,article,False,high,DC.Type.articleType 'Articles' in a journal with full text and page range confirms an original research article.,False,200,
https://openalex.org/W3028377997,https://doi.org/10.1016/j.dmpk.2020.05.004,https://linkinghub.elsevier.com/retrieve/pii/S1347436720303669,article,article,False,high,Journal research paper with full page range and 27 references in a pharmacokinetics journal.,False,200,
https://openalex.org/W2060145161,https://doi.org/10.1016/j.resuscitation.2014.03.302,https://linkinghub.elsevier.com/retrieve/pii/S0300957214004468,article,article,False,high,"Original research with 34 references in journal Resuscitation, page range 939-944, og:type Article.",False,200,
https://openalex.org/W4399681632,https://doi.org/10.24144/2616-7700.2024.44(1).93-105,https://visnyk-math.uzhnu.edu.ua/article/view/305936,article,article,False,high,"Journal-article with full pages (93-105), abstract, and references in a math/informatics journal indicates an original research article.",False,200,
https://openalex.org/W4214637648,https://doi.org/10.1515/ijfe-2021-frontmatter4,https://www.degruyterbrill.com/document/doi/10.1515/ijfe-2021-frontmatter4/html,article,paratext,True,high,Title 'Frontmatter' with DOI slug 'frontmatter4' and pages i-ii is structural front matter.,False,202,
https://openalex.org/W7160088728,https://doi.org/10.1109/iccv51701.2025.00166,https://ieeexplore.ieee.org/document/11444591/,article,conference-paper,True,high,Crossref proceedings-article in ICCV 2025 proceedings routes to conference-paper.,False,202,
https://openalex.org/W4319153666,https://doi.org/10.2307/j.ctv36rk0wq.12,https://chooser.crossref.org/?doi=10.2307%2Fj.ctv36rk0wq.12,book-chapter,book-chapter,False,high,Crossref type book-chapter with ISBN container 'The Deeds of the Abbots of St Albans' and page range 69-72.,False,200,
https://openalex.org/W2775286965,https://doi.org/10.3791/56248,https://app.jove.com/t/56248,article,article,False,high,JoVE experimental protocol with abstract and 22 references published as a journal article reporting original methods.,False,202,
https://openalex.org/W4253402091,https://doi.org/10.18356/b3496deb-en,https://doi.org/10.18356/b3496deb-en,book-chapter,book-chapter,False,high,"Crossref type book-chapter with ISBN, single page within the 'Energy Balances and Electricity Profiles' volume.",False,403,
https://openalex.org/W7130706985,https://doi.org/10.21577/0103-5053.20260032,https://jbcs.sbq.org.br/pdf/2025-0379CO_BMOS,article,article,False,high,Crossref journal-article reporting original enantioselective synthesis research in a chemistry journal.,False,200,
https://openalex.org/W4231552190,https://doi.org/10.3410/f.4390963.4221062,https://archive.connect.h1.co/article/4390963/,dataset,peer-review,True,high,Faculty Opinions recommendation is a post-publication peer-review artifact about a single work.,False,200,
https://openalex.org/W3156407437,https://doi.org/10.18653/v1/2021.eacl-main.21,https://aclanthology.org/2021.eacl-main.21/,article,conference-paper,True,high,Crossref proceedings-article in EACL conference proceedings with citation_conference_title meta confirms full conference paper.,False,200,
https://openalex.org/W4210932165,https://doi.org/10.51795/9786558696865,https://doi.org/10.51795/9786558696865,book,book,False,high,Crossref type book with ISBN; lp_status 404 with notfound text marks the landing page dead.,True,404,
https://openalex.org/W2560550788,https://doi.org/10.1017/s1431927616006541,https://doi.org/10.1017/s1431927616006541,article,conference-abstract,True,medium,"Two-page (1140-1141) brief item with minimal refs in Microscopy and Microanalysis, the MSA meeting-abstract proceedings venue.",False,403,
https://openalex.org/W3032190300,https://doi.org/10.1007/978-981-15-3643-4_34,https://link.springer.com/10.1007/978-981-15-3643-4_34,book-chapter,book-chapter,False,high,Crossref type book-chapter with citation_inbook_title in an ISBN-bearing edited volume.,False,200,
https://openalex.org/W2003197499,https://doi.org/10.1364/fio.2014.jtu3a.4,https://opg.optica.org/abstract.cfm?URI=FiO-2014-JTu3A.4,article,conference-paper,True,high,Crossref proceedings-article in 'Frontiers in Optics 2014' conference container.,False,200,
https://openalex.org/W2081222406,https://doi.org/10.1126/science.330.6009.1302,https://www.science.org/doi/10.1126/science.330.6009.1302,article,other,True,high,"dc.Type meta tag is ""news"", and news items route to other.",False,200,
https://openalex.org/W2478332510,https://doi.org/10.3726/978-3-653-06269-4/9,https://www.peterlang.com/document/1049984,book-chapter,book-chapter,False,high,Crossref type book-chapter with numbered chapter title within a book on Peter Lang eBooks.,False,200,
https://openalex.org/W2795223159,https://doi.org/10.1007/978-981-10-7986-3_89,https://link.springer.com/chapter/10.1007/978-981-10-7986-3_89,book-chapter,conference-paper,True,high,Meta tags identify it as a paper in Proceedings of the EITRT 2017 conference series despite the book-chapter container.,False,200,
https://openalex.org/W3156076264,https://doi.org/10.1007/978-3-030-71637-0_9,https://link.springer.com/10.1007/978-3-030-71637-0_9,book-chapter,conference-paper,True,high,"Metadata shows citation_conference_title and conference series (International Conference on Cognitive Sciences), indicating a full proceedings paper despite the book-chapter container.",False,200,
https://openalex.org/W4412925650,https://doi.org/10.51202/0042-1758-2025-15-2,https://www.inlibra.com/de/document/view/detail/uuid/a809197e-ed8b-32e6-909b-6df0180a50e5,article,other,True,low,"Single-page, reference-free piece in the trade newspaper VDI nachrichten with a profile-style title reads as a news item, routing to the catch-all type.",False,200,
https://openalex.org/W2792382840,https://doi.org/10.1155/2018/9605353,https://doi.org/10.1155/2018/9605353,article,article,False,high,dc.type 'Research Article' in a journal with full text and references confirms original research article.,False,403,
https://openalex.org/W2003812406,https://doi.org/10.1136/pgmj.2005.034033,https://doi.org/10.1136/pgmj.2005.034033,article,article,False,high,"Journal research article in Postgraduate Medical Journal with abstract, 24 references, and multi-page range (52-54).",False,403,
https://openalex.org/W4313478034,https://doi.org/10.1080/13563467.2022.2162869,https://doi.org/10.1080/13563467.2022.2162869,article,article,False,high,dc.Type is research-article in a journal with full page range and references.,False,403,
https://openalex.org/W4414466734,https://doi.org/10.47576/2949-1878.2025.9.9.020,https://doi.org/10.47576/2949-1878.2025.9.9.020,article,article,False,high,"Journal-article with abstract, multi-page range (142-147) and references in a research journal indicates an original research article.",False,,
https://openalex.org/W2475092052,https://doi.org/10.1057/9781137290991_3,https://link.springer.com/chapter/10.1057/9781137290991_3,book-chapter,book-chapter,False,high,"Crossref type book-chapter within an ISBN book container, confirmed by SpringerLink chapter URL.",False,200,
https://openalex.org/W4206695087,https://doi.org/10.31219/osf.io/2n89q,https://osf.io/2n89q_v1,preprint,preprint,False,high,Crossref posted-content with subtype preprint hosted on OSF.,False,200,
https://openalex.org/W2975071900,https://doi.org/10.1016/j.nima.2020.164847,https://linkinghub.elsevier.com/retrieve/pii/S0168900220312444,article,article,False,high,Journal research article with abstract and 61 references in a peer-reviewed journal.,False,200,
https://openalex.org/W4205883968,https://doi.org/10.52768/jjgastro/1016,https://jjgastro.com/articles/JJGR-v1-1016.html,article,article,False,high,"Journal research article with abstract and 37 references, page reachable (200).",False,200,
https://openalex.org/W4408684027,https://doi.org/10.55041/ijsrem42662,https://ijsrem.com/download/violence-detection-in-video-using-advanced-cv-algorithms,article,article,False,high,Crossref journal-article with multi-page research content and accessible landing page.,False,200,
https://openalex.org/W4408768998,https://doi.org/10.35931/aq.v19i2.4891,https://jurnal.stiq-amuntai.ac.id/index.php/al-qalam/article/view/4891,article,article,False,high,"DC.Type.articleType is ""Articles"" with an abstract in a research journal, indicating an original research article.",False,200,
https://openalex.org/W4400149246,https://doi.org/10.1016/j.cdnut.2024.102830,https://linkinghub.elsevier.com/retrieve/pii/S2475299124007649,article,conference-abstract,True,medium,"Single-page record with 0 references and no abstract in Current Developments in Nutrition, a journal known for publishing Nutrition meeting abstracts.",False,200,
https://openalex.org/W3149286335,https://doi.org/10.12681/eadd/43315,https://www.didaktorika.gr/eadd/handle/10442/43315,dissertation,dissertation,False,high,"DC.type ""Doctoral Dissertation"" and citation_dissertation_institution confirm a degree thesis.",False,200,
https://openalex.org/W3137105997,https://doi.org/10.1002/art.41730,https://doi.org/10.1002/art.41730,article,article,False,high,Original randomized clinical trial published as a full journal research paper with 38 references.,False,403,
https://openalex.org/W4393210162,https://doi.org/10.1016/j.apt.2024.104408,https://linkinghub.elsevier.com/retrieve/pii/S0921883124000840,article,article,False,high,Crossref journal-article with 40 references reporting original synthesis research in a journal.,False,200,
https://openalex.org/W7162283568,https://doi.org/10.1016/j.jallcom.2026.188881,https://linkinghub.elsevier.com/retrieve/pii/S0925838826029506,article,article,False,high,"Original research paper in Journal of Alloys and Compounds with 43 references, journal-article type.",False,200,
https://openalex.org/W7124832312,https://doi.org/10.17645/up.10664,https://www.cogitatiopress.com/urbanplanning/article/view/10664,article,article,False,high,"DC.Type.articleType is 'Article' with 28 references in a journal, indicating original research.",False,200,
https://openalex.org/W4400271903,https://doi.org/10.2307/jj.16668517.3,https://doi.org/10.2307/jj.16668517.3,book-chapter,book-chapter,False,high,"Crossref type book-chapter with ISBN, pages 1-20 within container book 'Mastering The Craft'.",False,403,
https://openalex.org/W2337699985,https://doi.org/10.1158/1538-7445.sabcs14-p3-04-10,https://doi.org/10.1158/1538-7445.sabcs14-p3-04-10,article,conference-abstract,True,high,Title prefixed 'Abstract P3-04-10' from SABCS meeting with 0 refs in Cancer Research supplement indicates a meeting abstract.,False,403,
https://openalex.org/W2004208870,https://doi.org/10.1103/physreve.82.026409,https://doi.org/10.1103/physreve.82.026409,article,article,False,high,"Crossref journal-article with abstract and 29 references in Physical Review E, a standard research article.",False,403,
https://openalex.org/W4253648134,https://doi.org/10.1055/b-0041-181800,https://www.thieme-connect.de/products/ebooks/lookinside/10.1055/b-0041-181800,book-chapter,book-chapter,False,high,Crossref type book-chapter with citation_book_title showing it is chapter '1 Grundlagen' within a book.,False,200,
https://openalex.org/W1213108685,https://doi.org/10.1016/j.preghy.2015.07.078,https://linkinghub.elsevier.com/retrieve/pii/S2210778915001129,article,conference-abstract,True,high,"Abstract-code title 'O128.', single page 240-240, zero references—a meeting abstract published in a supplement.",False,200,
https://openalex.org/W4385301682,https://doi.org/10.1016/j.mssp.2023.107759,https://linkinghub.elsevier.com/retrieve/pii/S1369800123004523,article,article,False,high,Crossref journal-article with 70 references reporting original first-principles research in a journal.,False,200,
https://openalex.org/W2977887582,https://doi.org/10.5585/geas.v8i3.15772,https://periodicos.uninove.br/geas/article/view/15772,article,article,False,high,DC.Type.articleType 'Artigos' and journal-article type with 47 references indicate an original research article.,False,200,
https://openalex.org/W4406958885,https://doi.org/10.1093/ehjci/jeae333.491,https://doi.org/10.1093/ehjci/jeae333.491,article,conference-abstract,True,high,"Supplement_1 venue with abstract, zero references, and abstract-style DOI suffix indicate a meeting abstract.",False,403,
https://openalex.org/W4327500878,https://doi.org/10.1109/vrhciai57205.2022.00017,https://ieeexplore.ieee.org/document/10062880/,article,conference-paper,True,high,Crossref type proceedings-article in a named IEEE conference proceedings.,False,202,
https://openalex.org/W4388654731,https://doi.org/10.32749/nucleodoconhecimento.com.br/ley/comunicado-de-procedimientos,https://www.nucleodoconhecimento.com.br/ley/comunicado-de-procedimientos,article,article,False,high,"Journal article with abstract, references and full page range in a multidisciplinary journal.",False,200,
https://openalex.org/W4200068440,https://doi.org/10.1016/j.ajog.2021.11.822,https://linkinghub.elsevier.com/retrieve/pii/S0002937821020196,article,conference-abstract,True,high,Single supplement page S497 with 0 references in an AJOG abstract supplement signals a meeting abstract.,False,200,
https://openalex.org/W2104773002,https://doi.org/10.1177/0892705712475019,https://doi.org/10.1177/0892705712475019,article,article,False,high,"Journal article with abstract, 29 references, and full page range in a research journal.",False,403,
https://openalex.org/W4252732602,https://doi.org/10.1601/nm.3038,https://chooser.crossref.org/?doi=10.1601%2Fnm.3038,dataset,dataset,False,high,NamesforLife nomenclature abstract record typed dataset in Crossref and OpenAlex with repository source.,False,200,
https://openalex.org/W2034059472,https://doi.org/10.1109/isscc.2015.7063032,https://doi.org/10.1109/isscc.2015.7063032,article,conference-paper,True,high,Crossref type proceedings-article in ISSCC Digest of Technical Papers conference proceedings.,False,420,
https://openalex.org/W4283377062,https://doi.org/10.1007/s13201-022-01702-7,https://link.springer.com/10.1007/s13201-022-01702-7,article,article,False,high,dc.type 'OriginalPaper' with 36 references in a journal indicates an original research article.,False,200,
https://openalex.org/W4256175675,https://doi.org/10.1093/oso/9780198787266.003.0007,https://doi.org/10.1093/oso/9780198787266.003.0007,book,book-chapter,True,high,"DOI suffix .003.0007, og:type 'chapter', and URL 'chapter-7' within the book 'Homer and the Poetics of Hades' indicate a single chapter.",False,403,
https://openalex.org/W7155175836,https://doi.org/10.1007/978-3-662-73122-2_4,https://link.springer.com/10.1007/978-3-662-73122-2_4,book-chapter,book-chapter,False,high,"Crossref type book-chapter with ISBN and container book title, page range 65-102.",False,200,
https://openalex.org/W4411076247,https://doi.org/10.1111/1540-6229.12538,https://doi.org/10.1111/1540-6229.12538,article,article,False,high,"Crossref journal-article with full pages 763-807, abstract, and 53 references in a research journal indicates an original research article.",False,403,
https://openalex.org/W4414442012,https://doi.org/10.31931/fmbc-d-24-00006,https://bioone.org/journals/freshwater-mollusk-biology-and-conservation/volume-28/issue-2/fmbc-d-24-00006/Mussel-Inventory-and-Population-Demographics-of-the-Federally-Endangered-Potamilus/10.31931/fmbc-d-24-00006.full,article,article,False,high,"Original research paper (mussel inventory/population study) in a journal with references and abstract, page reachable (200).",False,200,
https://openalex.org/W2079108681,https://doi.org/10.1159/000116036,https://doi.org/10.1159/000116036,article,article,False,high,Journal-article in European Neurology reporting an original clinical case with abstract and pages 369-372.,False,403,
https://openalex.org/W4312658336,https://doi.org/10.3997/2214-4609.202284001,https://doi.org/10.3997/2214-4609.202284001,article,conference-paper,True,high,Crossref proceedings-article in EAGE conference proceedings routes to conference-paper.,False,403,
https://openalex.org/W4399023478,https://doi.org/10.2139/ssrn.4841932,https://doi.org/10.2139/ssrn.4841932,preprint,preprint,False,high,SSRN posted-content with subtype preprint hosted in a repository venue.,False,403,
https://openalex.org/W2981731832,https://doi.org/10.18500/1816-9791-2011-11-2-109-112,https://mmi.sgu.ru/en/articles/modeling-of-polymer-fiber-evaporation,article,article,False,high,Journal research paper with abstract and 9 references over multi-page span.,False,200,
https://openalex.org/W4230952463,https://doi.org/10.1111/1467-923x.02404_20,https://doi.org/10.1111/1467-923x.02404_20,article,book-review,True,high,"Title lists multiple books with 'by [author]' format in a Political Quarterly review section, signaling a book review.",False,403,
https://openalex.org/W2597391943,https://doi.org/10.1016/s0735-1097(17)35544-4,https://linkinghub.elsevier.com/retrieve/pii/S0735109717355444,article,conference-abstract,True,high,"Single-page JACC record with 0 refs and no abstract, all-caps title typical of ACC meeting abstract supplements.",False,200,
https://openalex.org/W4365447434,https://doi.org/10.36106/ijar/5406162,https://www.worldwidejournals.com/indian-journal-of-applied-research-(IJAR)/fileview/a-deceptive-rhinolith--mimicking-mucormalignancy-in-the-recent-mucormycosis-storm_March_2023_7483471696_5406162.pdf,article,article,False,high,"Journal-article case report presented as a full paper in a journal, landing page reachable (200).",False,200,
https://openalex.org/W4396535861,https://doi.org/10.1021/acsami.4c03930,https://doi.org/10.1021/acsami.4c03930,article,article,False,high,dc.Type 'research-article' in a journal with full page range and references confirms original research article.,False,403,
https://openalex.org/W4255105441,https://doi.org/10.5699/modelangrevi.113.1.0259,https://doi.org/10.5699/modelangrevi.113.1.0259,article,book-review,True,high,JSTOR page title 'Review: [Untitled]' on a single page in a literature journal indicates a book review.,False,403,
https://openalex.org/W2099036743,https://doi.org/10.1684/mst.2014.0291,https://doi.org/10.1684/mst.2014.0291,article,article,False,high,Crossref journal-article with multi-page research content (epidemiology/prognosis study) and abstract.,False,,
https://openalex.org/W4244596500,https://doi.org/10.1163/2214-8264_dutchpamphlets-kb0-kb07758,https://doi.org/10.1163/2214-8264_dutchpamphlets-kb0-kb07758,dataset,other,True,medium,"This is a digitized historical pamphlet record in a Brill primary-source collection, not a research dataset—a miscellaneous archival item best placed in the catch-all type.",False,403,
https://openalex.org/W4408386618,https://doi.org/10.36407/serambi.v7i1.1480,https://ejournal.imperiuminstitute.org/index.php/SERAMBI/article/view/1480,article,article,False,high,"Journal research paper with abstract and page range 61-70 in a journal venue; ""Short Report"" maps to article.",False,200,
https://openalex.org/W4250945769,https://doi.org/10.3410/f.10607964.11478062,https://archive.connect.h1.co/article/10607964/,dataset,peer-review,True,high,Faculty Opinions post-publication recommendation is a formal peer-review artifact about a single work.,False,200,
https://openalex.org/W1977151164,https://doi.org/10.4028/www.scientific.net/amm.214.177,https://www.scientific.net/AMM.214.177,article,conference-paper,True,medium,"Applied Mechanics and Materials (Trans Tech) is a proceedings volume and the paper has conference-style references, indicating a conference proceedings paper despite the journal-article label.",False,200,
https://openalex.org/W4410520941,https://doi.org/10.1002/appl.70018,https://doi.org/10.1002/appl.70018,article,review,True,high,"Title begins ""Reviewing..."" surveying many works with 133 references, indicating a review article.",False,403,
https://openalex.org/W7124752741,https://doi.org/10.1007/s10495-025-02254-2,https://link.springer.com/10.1007/s10495-025-02254-2,article,review,True,high,"dc.type meta tag is ""ReviewPaper"" with 148 references surveying IPF mechanisms.",False,200,
https://openalex.org/W4361225321,https://doi.org/10.5430/elr.v12n1p22,https://www.sciedupress.com/journal/index.php/elr/article/view/23516,article,article,False,high,"DC.Type.articleType is ""Articles"" in a linguistics journal, indicating an original research article.",False,200,
https://openalex.org/W4409832016,https://doi.org/10.71000/43k1sb51,https://insightsjhr.com/index.php/home/article/view/725,article,article,False,high,"Crossref journal-article with research-trial title (pain/ROM/function in patients), DC.Type.articleType 'Articles', live 200 page.",False,200,
https://openalex.org/W2981647197,https://doi.org/10.35771/engdoi.2019.32.3.011,https://www.kci.go.kr/kciportal/landing/article.kci?arti_id=ART002511805,article,article,False,high,"Crossref journal-article with full page range (245-262) in journal English21, research title.",False,200,
https://openalex.org/W863092621,https://doi.org/10.1109/tvt.2015.2461440,https://ieeexplore.ieee.org/document/7169603/,article,article,False,high,"Crossref journal-article in IEEE Transactions with abstract, references, and page range indicating original research.",False,202,
https://openalex.org/W4323256484,https://doi.org/10.38133/cnulawreview.2023.43.1.,https://scholar.kyobobook.co.kr/volume/detail/269644,paratext,paratext,False,high,Crossref journal-issue record (whole issue) maps to paratext.,False,200,
https://openalex.org/W4242265059,https://doi.org/10.1037/e587082011-001,https://doi.apa.org/doi/10.1037/e587082011-001,dataset,report,True,low,"PsycEXTRA grey-literature record with a fact-sheet/brochure-style title rather than an actual data artifact, so it reads as an institutional report despite the Crossref 'dataset' tag.",False,200,
https://openalex.org/W4408192515,https://doi.org/10.5771/9781610482905-9,https://www.inlibra.com/de/document/view/detail/uuid/c82dab99-492d-398c-ad6e-9be4f2b7bb0d,book-chapter,book-chapter,False,high,"Crossref type book-chapter with ISBN, titled 'Chapter 1' within book 'Gaining on the Gap'.",False,200,
https://openalex.org/W4206803785,https://doi.org/10.1484/j.gsli.5.129579,https://doi.org/10.1484/j.gsli.5.129579,article,book-review,True,high,dc.Type meta tag explicitly states 'book-review' and title 'Bollettino bibliografico' is a bibliographic bulletin.,False,403,
https://openalex.org/W2051087192,https://doi.org/10.1525/phr.2006.75.1.157,https://doi.org/10.1525/phr.2006.75.1.157,article,book-review,True,high,"Title begins ""Review of Aarim-Heriot..."" naming a single book in a history journal's review section.",False,403,
https://openalex.org/W4405602113,https://doi.org/10.1109/icepe-st61894.2024.10792627,https://doi.org/10.1109/icepe-st61894.2024.10792627,article,conference-paper,True,high,Crossref proceedings-article in an IEEE conference proceedings with page range 738-743.,False,420,
https://openalex.org/W4401501830,https://doi.org/10.21608/aels.2024.283493.1051,https://doi.org/10.21608/aels.2024.283493.1051,article,article,False,high,Crossref journal-article in a journal with an abstract; title 'A Case Study' indicates an original research full paper.,False,429,
https://openalex.org/W4388457685,https://doi.org/10.4324/9781032643663-28,https://www.taylorfrancis.com/chapters/mono/10.4324/9781032643663-28/looking-crystal-ball-tony-verna-william-bode,book-chapter,book-chapter,False,high,Crossref type book-chapter with ISBN and chapter pages 267-272 within the book 'Global Television'.,False,200,
https://openalex.org/W4236897096,https://doi.org/10.14220/lhom.2020.31.1.153,https://doi.org/10.14220/lhom.2020.31.1.153,article,book-review,True,high,"dc.Type meta tag is ""book-review"" and the title ""Rezensionen"" means reviews.",False,403,
https://openalex.org/W3196798521,https://doi.org/10.1007/s00234-021-02802-y,https://link.springer.com/10.1007/s00234-021-02802-y,article,article,False,high,dc.type 'OriginalPaper' in a journal with 30 references and full page range indicates original research article.,False,200,
https://openalex.org/W2093961787,https://doi.org/10.1523/jneurosci.2398-07.2007,https://doi.org/10.1523/jneurosci.2398-07.2007,article,article,False,high,"Journal of Neuroscience research paper with abstract, 34 references, and full page range (13371-13375) indicates an original research article.",False,403,
https://openalex.org/W2007798062,https://doi.org/10.1002/mop.24745,https://doi.org/10.1002/mop.24745,article,article,False,high,"Journal-article in Microwave and Optical Technology Letters with full pages and references, original research.",False,403,
https://openalex.org/W3092277491,https://doi.org/10.30841/2307-5112.3.2020.211558,http://family-medicine.com.ua/2412-8708/article/view/211558,article,article,False,high,"Crossref journal-article with abstract, multi-page (43-46), and references in a medical journal indicates an original research article.",False,200,
https://openalex.org/W7152628975,https://doi.org/10.64882/ijrt.v13.i4.1126,https://ijrt.org/j/article/view/1126,article,article,False,medium,DC.Type.articleType metadata declares 'Original Research Articles' despite the survey-like title.,False,200,
https://openalex.org/W2999304315,https://doi.org/10.18500/1819-7671-2019-19-4-403-407,https://doi.org/10.18500/1819-7671-2019-19-4-403-407,article,article,False,high,Journal-article with abstract and references in a philosophy journal; lp_status 404 with notfound text flags dead landing page.,True,404,
https://openalex.org/W2884593640,https://doi.org/10.1002/ijgo.12627,https://doi.org/10.1002/ijgo.12627,article,article,False,high,"Crossref journal-article with research abstract, references, and page range in a clinical journal indicates an original research article.",False,403,
https://openalex.org/W4407831631,https://doi.org/10.1109/mcomstd.0001.2300054,https://doi.org/10.1109/mcomstd.0001.2300054,article,article,False,high,"Crossref journal-article in IEEE Communications Standards Magazine with abstract, multi-page (13-20), and references indicates a standard research article.",False,420,
https://openalex.org/W4236267482,https://doi.org/10.3917/rhis.091.0127,https://doi.org/10.3917/rhis.091.0127,article,book-review,True,medium,Title 'Comptes rendus' is the journal's book-reviews section in Revue historique.,False,403,
https://openalex.org/W1507382694,https://doi.org/10.1007/978-1-4020-4968-2,https://link.springer.com/book/10.1007/978-1-4020-4968-2,book,book,False,high,Crossref type book with ISBN and SpringerLink book landing page confirm a standalone volume.,False,200,
https://openalex.org/W4380854042,https://doi.org/10.1016/j.bbi.2023.06.013,https://linkinghub.elsevier.com/retrieve/pii/S0889159123001575,article,article,False,high,Crossref journal-article with full page range and references reporting original research in Brain Behavior and Immunity.,False,200,
https://openalex.org/W2794837834,https://doi.org/10.1007/978-981-10-6728-0_16,https://link.springer.com/chapter/10.1007/978-981-10-6728-0_16,book-chapter,book-chapter,False,high,Crossref type book-chapter with citation_inbook_title and SpringerLink chapter URL confirm a chapter in an ISBN volume.,False,200,
https://openalex.org/W3111737907,https://doi.org/10.1080/02615479.2020.1861244,https://doi.org/10.1080/02615479.2020.1861244,article,article,False,high,dc.Type=research-article in a journal with full page range and references.,False,403,
https://openalex.org/W4396899092,https://doi.org/10.1111/bph.16402,https://doi.org/10.1111/bph.16402,article,article,False,high,"Crossref journal-article with full page range, 96 references, and original research title in a pharmacology journal.",False,403,
https://openalex.org/W4240215591,https://doi.org/10.1515/9780822396710-002,https://www.degruyterbrill.com:443/document/doi/10.1515/9780822396710-002/html,book-chapter,book-chapter,False,medium,Crossref and DeGruyter metadata identify it as a titled chapter (citation_inbook_title) within the book Fantasizing the Feminine in Indonesia.,False,202,
https://openalex.org/W4237368866,https://doi.org/10.1093/ww/9780199540884.013.u218985,https://doi.org/10.1093/ww/9780199540884.013.u218985,reference-entry,reference-entry,False,high,Crossref type reference-entry and a Who Was Who biographical entry within a reference work.,False,302,
https://openalex.org/W7128422729,https://doi.org/10.4324/9781003708292_intro,https://www.taylorfrancis.com/chapters/oa-mono/10.4324/9781003708292_INTRO/introduction-ben-braber,book-chapter,editorial,True,medium,"Title 'Introduction' with pages 1-14 in a monograph is introductory framing content, routed to editorial per taxonomy.",False,200,
https://openalex.org/W2801748110,https://doi.org/10.18061/ijsd.v1i0.6138,https://ojs.library.osu.edu/screendance/article/id/5296/,article,article,False,high,"DC.Type.articleType is ""Articles"" in a journal with a 200 reachable landing page.",False,200,
https://openalex.org/W4241222880,https://doi.org/10.1007/978-3-211-79280-3_247,https://link.springer.com/chapter/10.1007/978-3-211-79280-3_247,book-chapter,reference-entry,True,high,Single-page entry titled 'CJD' within the 'Dictionary of Rheumatology' reference work.,False,200,
https://openalex.org/W1968822440,https://doi.org/10.1134/s1054660x07020144,https://link.springer.com/article/10.1134/S1054660X07020144,article,article,False,high,dc.type=OriginalPaper in a journal with original research content and references.,False,200,
https://openalex.org/W3026299406,https://doi.org/10.1093/oso/9780198824831.001.0001,https://doi.org/10.1093/oso/9780198824831.001.0001,book,book,False,high,Crossref type edited-book with ISBN and og:type book confirms a complete edited volume.,False,403,
https://openalex.org/W4285739733,https://doi.org/10.3389/fmed.2022.871957,https://www.frontiersin.org/journals/medicine/articles/10.3389/fmed.2022.871957/full,review,review,False,medium,Survey-style title with 73 references and oa_type review indicates a literature review article.,False,200,
https://openalex.org/W2041718138,https://doi.org/10.3763/cpol.2010.0096,https://doi.org/10.3763/cpol.2010.0096,article,article,False,high,dc.Type 'research-article' in a journal with full page range confirms original research article.,False,403,
https://openalex.org/W2483159190,https://doi.org/10.1007/978-3-642-32069-9_2941,https://idp.springer.com/authorize?client_id=smat&redirect_uri=https%3A%2F%2Fmaterials.springer.com%2Flb%2Fdocs%2Fsm_lbs_978-3-642-32069-9_2941&response_type=cookie,book-chapter,reference-entry,True,high,Single-page entry in the Landolt-Börnstein reference work (SpringerMaterials) for a specific compound's data.,False,200,
https://openalex.org/W1967567625,https://doi.org/10.1016/s1097-8690(08)71183-1,https://linkinghub.elsevier.com/retrieve/pii/S1097869008711831,article,other,True,medium,"News item in Internal Medicine News (single page, no refs) routes to other, and tx_page_title shows 'Article Not Available' Elsevier locator error.",True,200,
https://openalex.org/W4247229229,https://doi.org/10.21203/rs.3.rs-557402/v1,https://www.researchsquare.com/article/rs-557402/v1,preprint,preprint,False,high,Research Square posted-content with subtype preprint.,False,200,
https://openalex.org/W2897299669,https://doi.org/10.1155/2018/7296320,https://doi.org/10.1155/2018/7296320,article,article,False,high,dc.type 'Research Article' in journal with original research.,False,403,
https://openalex.org/W4319661703,https://doi.org/10.1007/s13163-023-00458-1,https://link.springer.com/10.1007/s13163-023-00458-1,article,article,False,high,"dc.type ""OriginalPaper"" with 39 references in a math journal indicates original research article.",False,200,
https://openalex.org/W4406402635,https://doi.org/10.7560/325452-fm,https://www.degruyterbrill.com/document/doi/10.7560/325452-fm/html,book-chapter,paratext,True,high,"Title 'Frontmatter' with roman-numeral pages i-vi is packaging/front-matter, not content.",False,202,
https://openalex.org/W2136888533,https://doi.org/10.1186/1479-5868-3-9,https://ijbnpa.biomedcentral.com/articles/10.1186/1479-5868-3-9,article,article,False,high,dc.type 'BriefCommunication' with 101 references in a journal is an original article.,False,200,
https://openalex.org/W2166870905,https://doi.org/10.1109/u-media.2011.47,https://doi.org/10.1109/u-media.2011.47,article,conference-paper,True,high,Crossref type proceedings-article with IEEE conference proceedings container.,False,420,
https://openalex.org/W2975534231,https://doi.org/10.36345/kacst.2012.30.3.004,https://www.kci.go.kr/kciportal/landing/article.kci?arti_id=ART001681488,article,article,False,high,Journal research paper with 34 references and full page range in a journal venue.,False,200,
https://openalex.org/W4385177554,https://doi.org/10.17989/encsr040dpt,https://doi.org/10.17989/encsr040dpt,dataset,dataset,False,high,"Crossref type 'dataset' from ENCODE repository, and lp_status 502 indicates a dead landing page.",True,502,
https://openalex.org/W2547476671,https://doi.org/10.1109/pecon.2008.4762623,https://doi.org/10.1109/pecon.2008.4762623,article,conference-paper,True,high,Crossref proceedings-article in an IEEE conference proceedings with full-paper page range 1011-1015.,False,420,
https://openalex.org/W2112315997,https://doi.org/10.1180/minmag.2012.076.8.19,https://chooser.crossref.org/?doi=10.1180%2Fminmag.2012.076.8.19,article,article,False,high,"Journal research article with full page range (3033-3043), abstract, and references in Mineralogical Magazine.",False,200,
https://openalex.org/W4407478426,https://doi.org/10.1109/icuis64676.2024.10866267,https://doi.org/10.1109/icuis64676.2024.10866267,article,conference-paper,True,high,Crossref type proceedings-article with IEEE conference container and IEEE Xplore conference-publication landing page.,False,420,
https://openalex.org/W4313407044,https://doi.org/10.4049/jimmunol.208.supp.123.09,https://doi.org/10.4049/jimmunol.208.supp.123.09,article,conference-abstract,True,high,Journal of Immunology supplement record with abstract-style page (123.09) and zero references indicates a meeting abstract.,False,403,
https://openalex.org/W2950991775,https://doi.org/10.1002/chin.200844187,https://doi.org/10.1002/chin.200844187,article,article,False,medium,"ChemInform Abstract records are abstracting-service summaries of journal articles, treated as article type; 403 is a bot-block, not broken.",False,403,
https://openalex.org/W2221421926,https://doi.org/10.1109/icrito.2015.7359221,https://doi.org/10.1109/icrito.2015.7359221,article,conference-paper,True,high,Crossref type proceedings-article in an IEEE ICRITO conference proceedings.,False,420,
https://openalex.org/W4285776410,https://doi.org/10.37812/fikroh.v12i2,https://doi.org/10.37812/fikroh.v12i2,paratext,paratext,False,high,Crossref type journal-issue with whole-issue page title 'Vol. 12 No. 2 (2019)' indicates a packaging/issue record.,False,,
https://openalex.org/W4391628171,https://doi.org/10.47671/tvg.64.22.2000435,https://tvgg.be/nl/artikels/snel-opgekomen-massa-in-de-hals,article,article,False,medium,"Crossref journal-article with full page range (1154-1155) in a medical journal, consistent with a case report presented as a full article.",False,200,
https://openalex.org/W2317610789,https://doi.org/10.7868/s0004629913020060,https://chooser.crossref.org/?doi=10.7868%2FS0004629913020060,article,article,False,high,Journal-article in Astronomicheskii Zhurnal with multi-page range (143-151) reporting original research on Class I methanol masers.,False,200,
https://openalex.org/W2789835003,https://doi.org/10.1371/journal.pone.0191980,https://journals.plos.org/plosone/article?id=10.1371/journal.pone.0191980,review,review,False,high,Title explicitly states 'A systematic review' with 106 references surveying many works.,False,200,
https://openalex.org/W4396890060,https://doi.org/10.1007/s10562-024-04694-y,https://link.springer.com/10.1007/s10562-024-04694-y,article,article,False,high,dc.type 'OriginalPaper' in a research journal indicates an original research article.,False,200,
https://openalex.org/W4413940503,https://doi.org/10.35409/ijbmer.2025.3703,https://ijbmer.org/uploads2025/BMER_8_703.pdf,article,article,False,high,"Journal-article with empirical title and abstract, multi-page (166-174) in a research journal.",False,200,
https://openalex.org/W4205836663,https://doi.org/10.2307/j.ctv24tr9jv.7,https://chooser.crossref.org/?doi=10.2307%2Fj.ctv24tr9jv.7,book-chapter,book-chapter,False,high,Crossref type book-chapter with page range 77-100 within an edited Companion volume.,False,200,
https://openalex.org/W2944314409,https://doi.org/10.5755/e01.9786090215968,https://ebooks.ktu.edu/product/laboratories-electrical-electronic-circuits50142995,book,book,False,high,Crossref edited-book with ISBN on an ebook platform indicates a whole standalone volume.,False,200,
https://openalex.org/W4240464668,https://doi.org/10.2174/092986732624190927114327,https://doi.org/10.2174/092986732624190927114327,article,editorial,True,medium,"""Meet Our Regional Editor"" is a single-page editor introduction with no abstract or references, characteristic of editorial front-matter content.",False,403,
https://openalex.org/W2049716928,https://doi.org/10.1007/s00003-010-0573-3,https://link.springer.com/article/10.1007/s00003-010-0573-3,article,article,False,high,"dc.type ""OriginalPaper"" with 20 references in a journal confirms an original research article.",False,200,
https://openalex.org/W259595529,https://doi.org/10.1007/s15006-012-0068-5,https://www.springermedizin.de/doi/10.1007/s15006-012-0068-5,article,article,False,low,"Journal-article in MMW with no distinguishing abstract/editorial/letter markers, defaulting to article.",False,200,
https://openalex.org/W4319454489,https://doi.org/10.3866/pku.dxhx202212080,https://doi.org/10.3866/pku.dxhx202212080,article,article,False,medium,Crossref journal-article in University Chemistry with abstract; about textbook construction reads as a journal article rather than another type.,False,412,
https://openalex.org/W1979305074,https://doi.org/10.4304/jcp.8.2.448-454,http://ojs.academypublisher.com/index.php/jcp/article/view/6928,article,article,False,high,Crossref journal-article in Journal of Computers with abstract and 13 references reporting original research.,False,200,
https://openalex.org/W2323525917,https://doi.org/10.2118/177337-ru,https://doi.org/10.2118/177337-ru,article,conference-paper,True,high,Crossref type proceedings-article in SPE Annual Caspian Technical Conference proceedings.,False,403,
https://openalex.org/W4408227188,https://doi.org/10.1210/clinem/dgaf051,https://doi.org/10.1210/clinem/dgaf051,letter,letter,False,medium,"Short two-page correspondence (e302–e303) with question-style title in a journal's letters section, matching reader correspondence.",False,403,
https://openalex.org/W4381735808,https://doi.org/10.31648/an.8742,https://czasopisma.uwm.edu.pl/index.php/an/article/view/8742,article,article,False,high,"Journal-article in Acta Neophilologica with abstract, references, and full page range presenting an original case study.",False,200,
https://openalex.org/W4402106400,https://doi.org/10.1016/j.jaad.2024.07.1201,https://linkinghub.elsevier.com/retrieve/pii/S0190962224022424,article,conference-abstract,True,high,"Numbered title, single AB302 supplement page, 0 refs — a meeting-abstract record.",False,200,
https://openalex.org/W4285059429,https://doi.org/10.1037/t85659-000,https://doi.apa.org/doi/10.1037/t85659-000,dataset,dataset,False,high,"PsycTESTS record with cr_type dataset; it's a test instrument artifact, not a paper.",False,200,
https://openalex.org/W33038826,https://doi.org/10.22293/2179-507x.v3i4.127,https://doi.org/10.22293/2179-507x.v3i4.127,article,article,False,high,Journal-article in a law journal with abstract and references; landing page returns 404 'Página não encontrada'.,True,404,
https://openalex.org/W3191515401,https://doi.org/10.11648/j.cb.20210902.12,https://www.sciencepublishinggroup.com/article/10.11648/j.cb.20210902.12,article,article,False,high,dc.type 'Research' with abstract and 26 references in a journal indicates an original research article.,False,200,
https://openalex.org/W4245247360,https://doi.org/10.31216/bdl.20210029,http://www.braindigitallearning.org/article/?num=N0230110304,article,article,False,high,"Journal-article in a research journal reporting an original corpus-based study, page reachable (200).",False,200,
https://openalex.org/W3166746489,https://doi.org/10.12677/sea.2021.103031,https://www.hanspub.org/journal/paperinformation?paperid=43001,article,article,False,high,Journal-article in a journal venue with multi-page range describing original APP design/development work.,False,200,
https://openalex.org/W4231222877,https://doi.org/10.1002/hep.28007,https://journals.lww.com/hep/citation/2016/05000/reply.48.aspx,letter,letter,False,high,Title 'Reply' in journal's correspondence section is author reply to a letter about previously published material.,False,200,
https://openalex.org/W4386741495,https://doi.org/10.3390/foods12183414,https://doi.org/10.3390/foods12183414,article,article,False,high,dc.type 'Article' with 45 references and research abstract in journal Foods.,False,403,
https://openalex.org/W7160691058,https://doi.org/10.21428/8e6ba8ef.6fcaff3a,https://doi.org/10.21428/8e6ba8ef.6fcaff3a,article,article,False,medium,Crossref journal-article with article-typed PubPub landing page and no signals of any other genre.,False,403,
https://openalex.org/W4391653759,https://doi.org/10.4102/sajim.v26i1.1668,https://sajim.co.za/index.php/sajim/article/view/1668,article,article,False,high,"DC.Type.articleType is 'Original Research' with 47 references in a journal, indicating original research article.",False,200,
https://openalex.org/W2876902568,https://doi.org/10.1166/asl.2018.13037,https://doi.org/10.1166/asl.2018.13037,article,article,False,high,Crossref journal-article in a journal with multi-page range (6305-6307) and no review/abstract signals indicates an original research article.,False,403,
https://openalex.org/W3213991809,https://doi.org/10.26858/edustudent.v1i1.24836,https://doi.org/10.26858/edustudent.v1i1.24836,article,article,False,high,"DC.Type.articleType is 'Articles' in a journal with an abstract and references, a standard research article.",False,403,
https://openalex.org/W2736736532,https://doi.org/10.4172/2168-9806.1000169,https://www.omicsgroup.org/journals/mechanical-interfacial-and-thermal-properties-of-different-chemicalstructures-of-epoxy-resin-2168-9806-1000169.php?aid=91155,article,article,False,high,Crossref journal-article with research title on mechanical/thermal properties and abstract present indicates an original research article.,False,200,
https://openalex.org/W4239420165,https://doi.org/10.1108/oxan-db225409,https://doi.org/10.1108/oxan-db225409,other,report,True,medium,"Oxford Analytica Emerald Expert Briefing is an institutional analytical briefing/report, not a journal article.",False,403,
https://openalex.org/W4280616413,https://doi.org/10.3390/cells11101681,https://doi.org/10.3390/cells11101681,review,review,False,high,"dc.type ""Review"" plus title ""An Overview of..."" and 140 references confirm a literature review.",False,403,
https://openalex.org/W4285157726,https://doi.org/10.1016/b978-0-323-90219-9.00027-3,https://linkinghub.elsevier.com/retrieve/pii/B9780323902199000273,book-chapter,book-chapter,False,high,Crossref type book-chapter with ISBN container 'Redox Chemistry and Biology of Thiols' and page range 177-196.,False,200,
https://openalex.org/W118735369,https://doi.org/10.1007/s10353-010-0514-5,https://doi.org/10.1007/s10353-010-0514-5,article,article,False,high,dc.type 'OriginalPaper' with 29 references in a journal indicates original research article.,False,,
https://openalex.org/W2734899689,https://doi.org/10.17104/9783406704765-541,https://www.inlibra.com/de/document/view/detail/uuid/c024a699-c791-3810-b58c-381862aca700,book-chapter,book-chapter,False,high,"Crossref book-chapter with ISBN, page range 541-689 within the volume 'Straßburger Vorlesungen.'",False,200,
https://openalex.org/W4416568530,https://doi.org/10.1007/978-3-032-02605-7,https://link.springer.com/10.1007/978-3-032-02605-7,book,book,False,high,Crossref type book with ISBN and SpringerLink whole-volume landing page.,False,200,
https://openalex.org/W4412026003,https://doi.org/10.1016/j.atmosres.2025.108341,https://linkinghub.elsevier.com/retrieve/pii/S0169809525004338,article,article,False,high,Crossref journal-article with 77 references in a research journal reporting an original WRF case study.,False,200,
https://openalex.org/W2147457591,https://doi.org/10.1614/wt-07-078.1,https://bioone.org/doi/abs/10.1614/WT-07-078.1,article,article,False,high,Crossref journal-article in Weed Technology with abstract and references reporting original research.,False,200,
https://openalex.org/W4234428281,https://doi.org/10.1016/j.juro.2015.09.097,https://doi.org/10.1016/j.juro.2015.09.097,editorial,editorial,False,high,Title 'Editorial Comment' and dc.Type 'discussion' indicate an editorial opinion piece.,False,403,
https://openalex.org/W7160152030,https://doi.org/10.25258/ijddt.16.23s.94,"https://impactfactor.org/PDF/IJDDT/16/IJDDT,Vol16,Issue23s,Article94.pdf",article,article,False,high,Crossref journal-article reporting original synthesis and in vitro evaluation research.,False,200,
https://openalex.org/W251041650,https://doi.org/10.15368/focus.2011v8n1.2,https://digitalcommons.calpoly.edu/focus/vol8/iss1/8/,article,article,False,high,"Journal article in Focus with abstract and 14 references, landing page reachable (200).",False,200,
https://openalex.org/W4250496319,https://doi.org/10.1142/9789814273855_0020,https://doi.org/10.1142/9789814273855_0020,book-chapter,book-chapter,False,high,Crossref type book-chapter within book container 'Neural Tube Defects' with ISBN and page range 209-214.,False,403,
https://openalex.org/W2980195071,https://doi.org/10.1016/j.ymssp.2019.106375,https://linkinghub.elsevier.com/retrieve/pii/S0888327019305965,article,article,False,high,Crossref journal-article with 50 references in a research journal indicates an original research article.,False,200,
https://openalex.org/W3184029165,https://doi.org/10.26450/jshsr.2503,https://www.jshsr.org/index.php/pub/article/view/350,article,article,False,high,"Journal-article in a social-humanities research journal with full-page range and abstract, no review/conference signals.",False,200,
https://openalex.org/W4255649205,https://doi.org/10.2307/j.ctvpj7b0k.1,https://doi.org/10.2307/j.ctvpj7b0k.1,paratext,paratext,False,high,"Title 'Front Matter' on pages i-vi is structural front-matter packaging, not content.",False,403,
https://openalex.org/W4253761213,https://doi.org/10.1002/mrm.v57:4,https://doi.org/10.1002/mrm.v57:4,paratext,paratext,False,high,Crossref type journal-issue with TOC landing page is a whole-issue packaging record.,False,403,
https://openalex.org/W2492750780,https://doi.org/10.1159/000409270,https://doi.org/10.1159/000409270,book-chapter,book-chapter,False,high,Crossref type book-chapter with citation_inbook_title and chapter pages 13-17 in a monograph.,False,403,
https://openalex.org/W3170491456,https://doi.org/10.1016/j.biopsych.2021.02.277,https://linkinghub.elsevier.com/retrieve/pii/S0006322321003814,article,conference-abstract,True,high,Single supplement page (S108) with zero references in a meeting-abstract supplement signals an abstract-only record.,False,200,
https://openalex.org/W2970024557,https://doi.org/10.21577/0103-5053.20190203,https://doi.org/10.21577/0103-5053.20190203,article,article,False,high,Journal research article on fatty acid determination; lp_status 404 with notfound text indicates dead landing page.,True,404,
https://openalex.org/W4281706135,https://doi.org/10.1016/j.enbuild.2022.112207,https://linkinghub.elsevier.com/retrieve/pii/S0378778822003784,article,article,False,high,Journal-article in Energy and Buildings reporting original research with 51 references.,False,200,
https://openalex.org/W4206075673,https://doi.org/10.21203/rs.3.rs-32917/v1,https://www.researchsquare.com/article/rs-32917/v1,preprint,preprint,False,high,Crossref posted-content/preprint on Research Square venue with /v1 versioning.,False,200,
https://openalex.org/W1608349931,https://doi.org/10.2741/s108,https://www.imrpress.com/journal/FBS/2/3/10.2741/S108,review,review,False,medium,Survey-style topic with 82 references in a review-oriented bioscience venue indicates a literature review despite generic dc.type=Article.,False,200,
https://openalex.org/W4254464022,https://doi.org/10.1016/j.jaad.2015.03.035,https://linkinghub.elsevier.com/retrieve/pii/S0190962215014504,article,other,True,medium,"Title ""Answers to CME examination"" is a single-page answer key, not original research—a miscellaneous record best placed in the catch-all type.",False,200,
https://openalex.org/W4236274261,https://doi.org/10.1525/9780520940642-009,https://www.degruyterbrill.com:443/document/doi/10.1525/9780520940642-009/html,paratext,paratext,False,high,"Title 'Index' is back-matter packaging material, classic paratext despite the book-chapter container type.",False,202,
https://openalex.org/W4386706140,https://doi.org/10.2139/ssrn.4571104,https://doi.org/10.2139/ssrn.4571104,preprint,preprint,False,high,SSRN posted-content with Crossref subtype preprint.,False,403,
https://openalex.org/W4406818608,https://doi.org/10.52058/2786-6300-2025-1(31)-845-850,http://perspectives.pp.ua/index.php/sn/article/view/18837,article,article,False,high,"Crossref journal-article in a journal with abstract and pedagogy article series, a standard research article.",False,200,
https://openalex.org/W4239190365,https://doi.org/10.2307/j.ctt13x0c0w.23,https://doi.org/10.2307/j.ctt13x0c0w.23,paratext,paratext,False,high,"Title 'Back Matter' indicates structural packaging material, classic paratext.",False,403,
https://openalex.org/W4200583177,https://doi.org/10.5194/nhess-2021-143-ac2,https://nhess.copernicus.org/preprints/nhess-2021-143/,peer-review,peer-review,False,high,Title 'Reply on RC2' with Crossref type peer-review and Copernicus discussion page is an author response in open peer review.,False,200,
https://openalex.org/W4252190060,https://doi.org/10.5553/eelc/187791072019004002056,https://www.boomportaal.nl/tijdschrift/EELC/EELC_1877-9107_2019_004_002_056,article,article,False,medium,"Single-page case note in a journal with citation_title metadata; no review/abstract/letter signals, defaults to article.",False,200,
https://openalex.org/W4243222008,https://doi.org/10.1515/zgvr-2016-0302,https://www.degruyterbrill.com:443/document/doi/10.1515/zgvr-2016-0302/html,paratext,paratext,False,high,"Title 'Inhalt' (table of contents) is structural packaging material, not content.",False,202,
https://openalex.org/W4409120151,https://doi.org/10.1016/j.asd.2025.101445,https://linkinghub.elsevier.com/retrieve/pii/S1467803925000374,article,article,False,high,Crossref journal-article in a research journal reporting original morphology findings with references.,False,200,
https://openalex.org/W4254816948,https://doi.org/10.2139/ssrn.1948415,https://doi.org/10.2139/ssrn.1948415,article,preprint,True,high,SSRN Electronic Journal repository-hosted working paper routes to preprint.,False,403,
https://openalex.org/W4401144897,https://doi.org/10.22146/jgst.v2i1.13691,https://journal.ugm.ac.id/v3/jgst/article/view/13691,article,article,False,high,"DC.Type.articleType is ""Articles"" with full-paper pagination (1-11) in a research journal.",False,200,
https://openalex.org/W2150530443,https://doi.org/10.1039/c3dt32978j,https://pubs.rsc.org/en/content/articlelanding/2013/dt/c3dt32978j,article,article,False,high,"Original research with 24 references in Dalton Transactions, og:type Article.",False,200,
https://openalex.org/W4235445155,https://doi.org/10.4324/9781315644134-11,https://www.taylorfrancis.com/chapters/mono/10.4324/9781315644134-11/towns-industrial-villages-fairs-henry-de-beltgens,book-chapter,book-chapter,False,high,Crossref type book-chapter with pages 45-55 in book 'The Industrial History of England' and a Taylor & Francis chapter landing page.,False,200,
https://openalex.org/W4385154202,https://doi.org/10.1109/access.2023.3297651,https://doi.org/10.1109/access.2023.3297651,article,article,False,high,Crossref journal-article in IEEE Access with full page range and 34 references.,False,420,
https://openalex.org/W4250368771,https://doi.org/10.1038/nrc2367,https://www.nature.com/articles/nrc2367,review,editorial,True,high,"Title ""Research Highlights"" with single page and few refs is a research-highlight item, explicitly an editorial-type per taxonomy.",False,200,
https://openalex.org/W4385286896,https://doi.org/10.17803/1994-1471.2023.152.7.086-096,https://aprp.msal.ru/jour/article/view/3778,article,article,False,high,Journal research article on legal topic (negatory claim) with full pages 86-96 in a law journal.,False,200,
https://openalex.org/W4400660264,https://doi.org/10.36519/kd.2024.4661,https://www.klimikdergisi.org/en/2024/06/29/coinfection-of-hiv-and-visceral-leishmaniasis/,article,article,False,high,Case report presented as a full journal paper with abstract and references routes to article.,False,200,
https://openalex.org/W2466127911,https://doi.org/10.15534/zptp/2007/4/15,https://doi.org/10.15534/zptp/2007/4/15,article,book-review,True,high,"Title is a book citation (author, title, publisher, year, pages) in a journal's review section; lp_status 410 Gone marks the page dead.",True,410,
https://openalex.org/W3101389561,https://doi.org/10.1136/jitc-2020-sitc2020.0522,https://doi.org/10.1136/jitc-2020-sitc2020.0522,article,conference-abstract,True,high,"Venue 'Award Abstracts', SITC meeting numbered item with abstract and no full paper indicates a meeting abstract.",False,403,
https://openalex.org/W4254406996,https://doi.org/10.1163/2210-7886_asc-44550,https://www.degruyterbrill.com/database/asco/entry/asco.L44550/html,dataset,dataset,False,high,Crossref type dataset in a repository database (Art Sales Catalogues Online entry) with a catalogue-record identifier title.,False,202,
https://openalex.org/W2927556462,https://doi.org/10.1007/s11356-019-04781-3,https://link.springer.com/article/10.1007/s11356-019-04781-3,article,article,False,high,dc.type=OriginalPaper with 44 references in a research journal indicates an original research article.,False,200,
https://openalex.org/W2883939423,https://doi.org/10.1016/j.geotexmem.2018.07.003,https://linkinghub.elsevier.com/retrieve/pii/S0266114418300633,article,article,False,high,Journal research paper in Geotextiles and Geomembranes with full page range and 36 references.,False,200,
https://openalex.org/W1914051610,https://doi.org/10.3406/rfeco.2009.1727,https://www.persee.fr/doc/rfeco_0769-0479_2009_num_24_2_1727,article,article,False,high,DC.type 'article' on a journal with full page range 3-37 in Revue française d'économie.,False,200,
https://openalex.org/W2794617105,https://doi.org/10.1016/j.rser.2018.03.042,https://linkinghub.elsevier.com/retrieve/pii/S1364032118301308,article,article,False,high,"Crossref journal-article in a journal with 117 refs and a page range, reachable 200 landing page.",False,200,
https://openalex.org/W1967635051,https://doi.org/10.1080/00393270903392334,https://doi.org/10.1080/00393270903392334,article,book-review,True,high,"Title begins ""Review of"" with a specific book, author, publisher and year, identifying it as a single-book appraisal.",False,403,
https://openalex.org/W2090618139,https://doi.org/10.1016/j.jlumin.2010.03.035,https://linkinghub.elsevier.com/retrieve/pii/S002223131000147X,article,article,False,high,Journal-article in Journal of Luminescence with full page range (1702-1707) and 26 references reporting original research.,False,200,
https://openalex.org/W2547481579,https://doi.org/10.1142/9781786340450_0011,https://doi.org/10.1142/9781786340450_0011,book-chapter,book-chapter,False,high,Crossref type book-chapter with page range 285-308 in book 'Biocommunication' with ISBN.,False,403,
https://openalex.org/W4241339380,https://doi.org/10.5772/intechopen.87454,https://www.intechopen.com/books/9651,book,book,False,high,Crossref type edited-book with ISBN and whole-volume title indicates a complete book.,False,200,
https://openalex.org/W3013973457,https://doi.org/10.29340/62.2197,https://desacatos.ciesas.edu.mx/index.php/Desacatos/article/view/2197,article,article,False,low,"DC.Type.articleType 'SABERES Y RAZONES' is the journal's research-article dossier section, and page is a regular journal-article record.",False,200,
https://openalex.org/W4312373717,https://doi.org/10.2139/ssrn.4272577,https://doi.org/10.2139/ssrn.4272577,article,preprint,True,high,SSRN Electronic Journal repository-hosted working paper is a preprint despite the journal-article raw type.,False,403,
https://openalex.org/W2965573129,https://doi.org/10.1016/b978-0-12-818597-1.50029-1,https://linkinghub.elsevier.com/retrieve/pii/B9780128185971500291,book-chapter,book-chapter,False,medium,"Crossref and source metadata both type it as a book-chapter in a book series, with citation_inbook_title present.",False,200,
https://openalex.org/W2497243754,https://doi.org/10.1007/978-3-8349-6312-3,https://link.springer.com/book/10.1007/978-3-8349-6312-3,book,book,False,high,"Crossref type book with ISBN, og:type book, and SpringerLink whole-volume landing page.",False,200,
https://openalex.org/W2004985164,https://doi.org/10.1007/s11104-013-1678-0,https://link.springer.com/article/10.1007/s11104-013-1678-0,article,article,False,high,"dc.type ""OriginalPaper"" in a journal with 36 references signals an original research article.",False,200,
https://openalex.org/W4407084959,https://doi.org/10.3390/nu17030567,https://doi.org/10.3390/nu17030567,article,article,False,high,dc.type=Article with 74 references in journal Nutrients indicates original research article.,False,403,
https://openalex.org/W7131106872,https://doi.org/10.1038/s41598-026-38047-z,https://www.nature.com/articles/s41598-026-38047-z,article,article,False,high,"dc.type ""OriginalPaper"" in Scientific Reports with 48 references signals an original research article.",False,200,
https://openalex.org/W2790716253,https://doi.org/10.1016/j.pep.2018.03.010,https://linkinghub.elsevier.com/retrieve/pii/S1046592818301128,article,article,False,high,Journal-article in Protein Expression and Purification with 31 refs reporting original research.,False,200,
https://openalex.org/W4411791075,https://doi.org/10.58306/wollt.1711447,https://dergipark.org.tr/tr/pub/wollt/article/1711447,article,book-review,True,high,"DC.Type.articleType is ""Kitap Değerlendirmesi"" (Book Review) and the title is a single book citation with ISBN.",False,200,
https://openalex.org/W2501289345,https://doi.org/10.1017/cbo9780511815669.005,https://www.cambridge.org/core/books/abs/spanishlanguage-narration-and-literacy/early-sociocommunicative-narrative-patterns-during-costa-rican-motherinfant-interaction/BC13EF5EC950936A7883A90C6C8F4E6A,book-chapter,book-chapter,False,high,Crossref book-chapter with citation_inbook_title and page range 34-53 within an ISBN book.,False,200,
https://openalex.org/W3193427480,https://doi.org/10.1016/j.ymgme.2021.08.008,https://linkinghub.elsevier.com/retrieve/pii/S1096719221007721,review,review,False,medium,Survey-style synthesis with 124 references and no original data over a 12-page span supports a review article.,False,200,
https://openalex.org/W4388820999,https://doi.org/10.1038/s41467-023-42256-9,https://www.nature.com/articles/s41467-023-42256-9,article,article,False,high,dc.type=OriginalPaper with 43 references in Nature Communications confirms an original research article.,False,200,
https://openalex.org/W7133496178,https://doi.org/10.37423/260110628,https://api.conhecimentolivre.org/ecl-api/storage/app/public/L.1259-2026.pdf,book-chapter,book-chapter,False,high,Crossref type book-chapter within an ISBN edited volume container.,False,200,
https://openalex.org/W2754335839,https://doi.org/10.3390/molecules22091510,https://doi.org/10.3390/molecules22091510,editorial,editorial,False,high,dc.type is Editorial and title 'New Aims and Scope' is journal-framing opinion content.,False,403,
https://openalex.org/W2032534777,https://doi.org/10.15587/2312-8372.2015.37274,https://journals.uran.ua/tarp/article/view/37274,article,article,False,high,"DC.Type.articleType says ""Original Research"" with abstract and references, a standard journal research article.",False,200,
https://openalex.org/W1973990424,https://doi.org/10.1166/jolpe.2012.1213,https://doi.org/10.1166/jolpe.2012.1213,article,article,False,high,Journal research paper with full page range (526-534); lp_status 404 with notfound text flags dead landing page.,True,404,
https://openalex.org/W3137271080,https://doi.org/10.1016/j.energy.2021.120340,https://linkinghub.elsevier.com/retrieve/pii/S0360544221005892,article,article,False,high,Crossref journal-article in Energy reporting original empirical research with 98 references.,False,200,
https://openalex.org/W2728334942,https://doi.org/10.1201/9781315196626-3,https://www.taylorfrancis.com/chapters/edit/10.1201/9781315196626-3/gan-transistor-fabrication-process-liu-zhihong,book-chapter,book-chapter,False,high,Crossref type book-chapter with citation_inbook_title and page range 49-92 within the ISBN book 'Gallium Nitride Power Devices'.,False,200,
https://openalex.org/W4237962048,https://doi.org/10.1515/9783110409796-014,https://www.degruyterbrill.com/document/doi/10.1515/9783110409796-014/html,book-chapter,book-chapter,False,high,Crossref type book-chapter with citation_inbook_title within a book volume.,False,202,
https://openalex.org/W4296668145,https://doi.org/10.2139/ssrn.4225791,https://doi.org/10.2139/ssrn.4225791,article,preprint,True,high,SSRN Electronic Journal repository-hosted work is a preprint despite Crossref's journal-article label.,False,403,
https://openalex.org/W2024846985,https://doi.org/10.1109/icqr.2011.6031765,https://doi.org/10.1109/icqr.2011.6031765,article,conference-paper,True,high,Crossref type proceedings-article from an IEEE conference proceedings venue.,False,420,
https://openalex.org/W2036972067,https://doi.org/10.1007/s00703-008-0003-6,https://link.springer.com/article/10.1007/s00703-008-0003-6,article,article,False,high,dc.type 'OriginalPaper' and journal-article with 21 refs in a research journal.,False,200,
https://openalex.org/W2096220621,https://doi.org/10.1109/iros.2013.6696572,https://doi.org/10.1109/iros.2013.6696572,article,conference-paper,True,high,Crossref type proceedings-article in IEEE/RSJ IROS conference proceedings.,False,420,
https://openalex.org/W2269019663,https://doi.org/10.1017/s0022215116000335,https://www.cambridge.org/core/journals/journal-of-laryngology-and-otology/article/abs/cochlear-implantation-is-a-therapeutic-option-for-superficial-siderosis-patients-with-sensorineural-hearing-loss/EAC3A36C44ED19F07BA288C0D1665069,article,article,False,high,"Journal research paper with abstract, 29 references, and multi-page range in a medical journal.",False,200,
https://openalex.org/W2090985574,https://doi.org/10.1016/j.intfin.2013.10.003,https://linkinghub.elsevier.com/retrieve/pii/S1042443113000796,article,article,False,high,Journal research article with 73 references and page range 66-81 in a peer-reviewed finance journal.,False,200,
https://openalex.org/W2100213520,https://doi.org/10.11606/issn.2175-3180.v2i4p160-164,https://revistas.usp.br/desassossego/pt_BR/article/view/47394,article,other,True,medium,"DC.Type.articleType is ""Poesia"" (poetry), a creative literary work that fits no research type, so the catch-all applies.",False,200,
https://openalex.org/W4245762209,https://doi.org/10.36019/9780813541228-011,https://www.degruyterbrill.com:443/document/doi/10.36019/9780813541228-011/html,book-chapter,book-chapter,False,high,"Crossref type book-chapter within book 'Yellowface', an appendix section of the volume.",False,202,
https://openalex.org/W2965335585,https://doi.org/10.1130/abs/2019am-341220,https://gsa.confex.com/gsa/2019AM/webprogram/Paper341220.html,article,conference-abstract,True,high,"GSA Abstracts with Programs venue and page title ""Abstract:"" indicate an abstract-only meeting record, not a full paper.",False,200,
https://openalex.org/W2503150828,https://doi.org/10.5005/jp/books/12820_9,https://doi.org/10.5005/jp/books/12820_9,book-chapter,book-chapter,False,high,Crossref type book-chapter within an ISBN handbook container confirms a chapter.,False,403,
https://openalex.org/W2517156482,https://doi.org/10.1002/srin.201600223,https://doi.org/10.1002/srin.201600223,article,article,False,high,Crossref journal-article with abstract and 17 references in a research journal indicates an original research article.,False,403,
https://openalex.org/W3042693137,https://doi.org/10.37307/j.2193-3308.2015.04.08,https://beprdigital.de/ce/arbeitssicherheit-neu-denken/detail.html,article,article,False,medium,Crossref journal-article in a journal venue with no signals indicating another genre.,False,200,
https://openalex.org/W2808572634,https://doi.org/10.1088/1742-6596/1038/1/012077,"https://validate.perfdrive.com/fb803c746e9148689b3984a31fccd902/?ssa=218e09ac-718d-464c-ad95-2d653452750a&ssb=58665232473&ssc=https%3A%2F%2Fiopscience.iop.org%2Farticle%2F10.1088%2F1742-6596%2F1038%2F1%2F012077&ssi=d7c282ce-cnvj-42fb-85d6-430d235ac2bd&ssk=botmanager_support@radware.com&ssm=84708186321996584106799219610897&ssn=d067a99ac3443ce9847a6585a38bfbe4cac022e9426b-6941-4037-b416b5&sso=08a0c008-289aca1b2b4a26bfef270df363c7277ec8b8e0f182d1e79e&ssp=99283985771782726210178276422585372&ssq=36872597550179460255875501977205114074755&ssr=NzUuNDkuMTI1LjIwOQ==&sst=Mozilla/5.0%20(Macintosh;%20Intel%20Mac%20OS%20X%2010_15_7)%20AppleWebKit/537.36%20(KHTML,%20like%20Gecko)%20Chrome/124.0%20Safari/537.36&ssu=&ssv=&ssw=&ssx=eyJyZCI6ImlvcC5vcmciLCJfX3V6bWYiOiI3ZjkwMDAyMmU5NDI2Yi02OTQxLTQwMzctYjAwOC0yODlhY2ExYjJiNGExLTE3ODI3NzU1MDE4NTgwLTAwNGIxYTBkOTMwNWNkZWZjYmUxMCIsInV6bXgiOiI3ZjkwMDBiOWIxOTRjNS1hN2MwLTRiN2YtOThlYi0yYzI4YjZkYmI3NDYxLTE3ODI3NzU1MDE4NTgwLWVjYTI3ZGIyZWEwNWM4MjgxMCJ9",article,conference-paper,True,high,"Published in Journal of Physics: Conference Series, a proceedings venue, indicating a full conference paper despite the journal-article Crossref tag.",False,200,
https://openalex.org/W3037925587,https://doi.org/10.3390/polym12071452,https://doi.org/10.3390/polym12071452,article,article,False,high,dc.type Article and journal-article in MDPI Polymers with abstract and references confirms original research article.,False,403,
https://openalex.org/W4403699670,https://doi.org/10.28948/ngumuh.1551742,https://dergipark.org.tr/tr/pub/ngumuh/article/1551742,article,article,False,high,Journal research article with 27 references and abstract in an engineering journal; cr_type journal-article.,False,200,
https://openalex.org/W4402739247,https://doi.org/10.1002/wlb3.01242/v2/review1,https://www.webofscience.com/wos/woscc/full-record/10.1002%2FWLB3.01242?type=doi&SID=USW2EC0ECEHfqFLTZfBaD8K81K93L,peer-review,peer-review,False,high,DOI and title 'Review for ...' plus cr_type 'peer-review' identify a formal referee report on a single manuscript.,False,200,
https://openalex.org/W2952808056,https://doi.org/10.1002/chin.201029173,https://doi.org/10.1002/chin.201029173,article,article,False,medium,ChemInform abstracting record of a journal research paper; treated as article per its source genre.,False,403,
https://openalex.org/W4236612702,https://doi.org/10.1016/s1464-2859(06)71264-0,https://linkinghub.elsevier.com/retrieve/pii/S1464285906712640,article,other,True,medium,"News-style trade-bulletin item (Fuel Cells Bulletin) with no references, characteristic of a news brief rather than original research.",False,200,
https://openalex.org/W2064654661,https://doi.org/10.1016/j.phf.2009.03.021,https://www.degruyterbrill.com:443/document/doi/10.1016/j.phf.2009.03.021/html,article,article,False,high,Crossref journal-article in a public health journal with abstract and 2-page span indicates a standard research article.,False,202,
https://openalex.org/W2908059979,https://doi.org/10.19126/suje.378459,https://dergipark.org.tr/en/pub/suje/article/378459,article,article,False,high,"Journal research article with abstract and 21 references, articleType 'Makaleler' (articles).",False,200,
https://openalex.org/W4230288563,https://doi.org/10.2307/j.ctv1134d19.8,https://chooser.crossref.org/?doi=10.2307%2Fj.ctv1134d19.8,book-chapter,book-chapter,False,high,Crossref type book-chapter with page range 42-56 within book 'Reigning the River'.,False,200,
https://openalex.org/W4247641320,https://doi.org/10.1093/law-mpeipro/e3519.013.3519,https://doi.org/10.1093/law-mpeipro/e3519.013.3519,reference-entry,reference-entry,False,high,"Crossref type reference-entry within the Max Planck Encyclopedia, a reference work.",False,302,
https://openalex.org/W4407675661,https://doi.org/10.1007/s00521-025-11033-8,https://link.springer.com/10.1007/s00521-025-11033-8,article,article,False,high,dc.type 'OriginalPaper' on a journal-article in Neural Computing and Applications indicates original research.,False,200,
https://openalex.org/W2319525247,https://doi.org/10.1617/2351580087.003,https://doi.org/10.1617/2351580087.003,article,conference-paper,True,high,Crossref proceedings-article in a RILEM conference proceedings; landing page returns 404 with not-found text.,True,404,
https://openalex.org/W4236252304,https://doi.org/10.1094/asbcj-2011-0721-01,https://doi.org/10.1094/asbcj-2011-0721-01,article,report,True,medium,"dc.Type meta tag explicitly says ""report"" and the title indicates a service announcement rather than original research.",False,403,
https://openalex.org/W4291577910,https://doi.org/10.17989/encsr755ehb,https://doi.org/10.17989/encsr755ehb,dataset,dataset,False,high,ENCODE repository record with cr_type dataset; landing page returns lp_status 502.,True,502,
https://openalex.org/W4282560223,https://doi.org/10.1177/14767503221107937,https://doi.org/10.1177/14767503221107937,article,article,False,high,dc.Type 'research-article' with full pages and 32 references in a journal.,False,403,
https://openalex.org/W2018325154,https://doi.org/10.1007/jhep04(2015)171,https://link.springer.com/article/10.1007/JHEP04(2015)171,article,article,False,high,"dc.type ""OriginalPaper"" in a journal with 41 references signals an original research article.",False,200,
https://openalex.org/W3205187636,https://doi.org/10.15219/em91.1531,https://www.e-mentor.edu.pl/artykul/index/numer/91/id/1531,article,article,False,medium,Journal-article in e-mentor with full pages 51-60 and references; despite 'przegląd' (overview of initiatives) it reads as a standard journal article.,False,200,
https://openalex.org/W3118241901,https://doi.org/10.1007/s11096-020-01218-7,https://link.springer.com/10.1007/s11096-020-01218-7,article,article,False,high,dc.type=OriginalPaper with research full text in a journal confirms an original research article.,False,200,
https://openalex.org/W2109210951,https://doi.org/10.1109/iscc.2011.5983957,https://doi.org/10.1109/iscc.2011.5983957,article,conference-paper,True,high,Crossref proceedings-article in IEEE ISCC symposium proceedings routes to conference-paper.,False,420,
https://openalex.org/W2908261296,https://doi.org/10.1002/j.2637-496x.2012.tb00521.x,https://doi.org/10.1002/j.2637-496x.2012.tb00521.x,article,article,False,medium,Crossref journal-article with technical title in a trade journal; 403 is a bot-block not a dead page.,False,403,
https://openalex.org/W2012109579,https://doi.org/10.1080/13598139.2012.735414,https://doi.org/10.1080/13598139.2012.735414,article,article,False,high,dc.Type 'research-article' with 45 references and full page range confirms original research article.,False,403,
https://openalex.org/W4235909149,https://doi.org/10.3917/polam.022.0005,https://doi.org/10.3917/polam.022.0005,article,editorial,True,high,"Title ""Éditorial"" with 0 references identifies it as an editorial.",False,403,
https://openalex.org/W2796035627,https://doi.org/10.1007/s11036-018-1042-y,https://link.springer.com/article/10.1007/s11036-018-1042-y,article,article,False,high,dc.type=OriginalPaper in a journal with references confirms original research article.,False,200,
https://openalex.org/W3111689067,https://doi.org/10.1186/s12882-020-02192-y,https://bmcnephrol.biomedcentral.com/articles/10.1186/s12882-020-02192-y,article,article,False,high,dc.type 'OriginalPaper' with 41 references in BMC Nephrology marks original research article.,False,200,
https://openalex.org/W824789389,https://doi.org/10.1017/cbo9780511977015.020,https://www.cambridge.org/core/books/abs/wto-regime-on-government-procurement/social-policies-in-procurement-and-the-agreement-on-government-procurement-a-perspective-from-south-africa/159F964CF2AF85BF352E249549B22555,book-chapter,book-chapter,False,high,Crossref type book-chapter with chapter pages 459-480 within an edited Cambridge University Press volume.,False,200,
https://openalex.org/W2466004061,https://doi.org/10.1590/s0100-204x2015000900014,http://www.scielo.br/j/pab/a/vcMm4CVMnTp5wgH4SLg5Szb/?lang=en,article,article,False,high,"Crossref journal-article with abstract, references, and multi-page research content on apparent digestibility.",False,200,
https://openalex.org/W3173490234,https://doi.org/10.1117/12.2599957,https://www.spiedigitallibrary.org/conference-proceedings-of-spie/11852/2599957/Proton-induced-degradation-of-charge-transfer-efficiency-on-FLEX-CCD/10.1117/12.2599957.full,article,conference-paper,True,high,Crossref type proceedings-article in SPIE conference proceedings (ICSO 2020) routes to conference-paper.,False,200,
https://openalex.org/W2088316096,https://doi.org/10.1007/s40279-013-0021-5,https://link.springer.com/article/10.1007/s40279-013-0021-5,review,article,True,medium,"Springer dc.type=""OriginalPaper"" indicates an original journal article, outweighing the venue-derived oa_type ""review"".",False,200,
https://openalex.org/W4231711520,https://doi.org/10.1163/37612_wna_pro_pro_30_55_29_9,https://primarysources.brillonline.com/browse/warfare-in-north-america/pro-3055029009-copy-letter-from-geo-germain-to-sir-henry-clinton;wnapro305529009,dataset,dataset,False,medium,"Crossref type 'dataset' from a Brill primary-sources repository archive record describes a deposited archival source, and the landing page resolves (200).",False,200,
https://openalex.org/W2206105548,https://doi.org/10.1190/geo2015-0002.1,https://doi.org/10.1190/geo2015-0002.1,article,article,False,high,"dc.Type research-article in a journal with abstract, refs, and page range E225-E236.",False,403,
https://openalex.org/W3010025545,https://doi.org/10.1016/j.ensm.2020.02.032,https://linkinghub.elsevier.com/retrieve/pii/S2405829720300805,article,article,False,high,"Journal-article in Energy Storage Materials with original research, page range, and references.",False,200,
https://openalex.org/W4322010459,https://doi.org/10.5194/egusphere-egu23-12766,https://meetingorganizer.copernicus.org/EGU23/EGU23-12766.html,preprint,conference-abstract,True,high,"EGU General Assembly meeting abstract page titled ""Abstract EGU23-12766"" with conference metadata and 0 references.",False,200,
https://openalex.org/W2268794392,https://doi.org/10.2139/ssrn.2643380,https://doi.org/10.2139/ssrn.2643380,article,preprint,True,high,SSRN Electronic Journal repository hosting marks this as a preprint despite the journal-article raw type.,False,403,
https://openalex.org/W1514861354,https://doi.org/10.17431/892983,"https://www.nowaaudiofonologia.pl/Wplyw-poziomu-leku-i-depresyjnych-zaburzen-nastroju-nna-uciazliwosc-obustronnych,129940,0,1.html",article,article,False,high,Original pilot-study research paper with abstract and 34 references in a journal.,False,200,
https://openalex.org/W4200464027,https://doi.org/10.31234/osf.io/r2tdn,https://osf.io/r2tdn_v1,preprint,preprint,False,high,Crossref posted-content/preprint hosted on PsyArXiv (osf.io) with a 200 reachable page.,False,200,
https://openalex.org/W2891221547,https://doi.org/10.14748/sssp.v4i0.5043,https://journals.mu-varna.bg/index.php/sssp/article/view/5043,article,article,False,medium,DC.Type.articleType meta tag explicitly labels it 'Original Articles' despite the single-page extent.,False,200,
https://openalex.org/W1500767726,https://doi.org/10.1111/j.1365-3156.2010.02646.x,https://doi.org/10.1111/j.1365-3156.2010.02646.x,article,article,False,high,"Journal research article with abstract, references, and full page range in a research journal.",False,403,
https://openalex.org/W2056810538,https://doi.org/10.1016/j.cose.2005.11.004,https://linkinghub.elsevier.com/retrieve/pii/S0167404805001926,article,article,False,high,"Journal research article in Computers & Security with multi-page range and references, page reachable (200).",False,200,
https://openalex.org/W2022481935,https://doi.org/10.1016/j.euroneuro.2011.08.005,https://linkinghub.elsevier.com/retrieve/pii/S0924977X11002045,review,review,False,high,126 references and a survey-style 'augmentation strategies' title indicate a literature review of many works.,False,200,
https://openalex.org/W2513446291,https://doi.org/10.1007/s11265-016-1165-y,https://link.springer.com/article/10.1007/s11265-016-1165-y,article,article,False,high,dc.type 'OriginalPaper' in a research journal confirms an original-research article.,False,200,
https://openalex.org/W4317376060,https://doi.org/10.1017/9781108646529,https://www.cambridge.org/core/books/women-in-the-ancient-mediterranean-world/330EF173F68E3F358C9E95E8D3592901,book,book,False,high,Crossref type 'monograph' with ISBN on Cambridge eBooks landing for the whole volume.,False,200,
https://openalex.org/W2990051540,https://doi.org/10.5220/0008407400330040,https://www.scitepress.org/Link.aspx?doi=10.5220/0008407400330040,article,conference-paper,True,high,Crossref type proceedings-article in a conference proceedings with citation_conference_title metadata.,False,200,
https://openalex.org/W4241563998,https://doi.org/10.22409/conflu13i1.p20154,https://doi.org/10.22409/conflu13i1.p20154,article,article,False,low,Crossref journal-article in a sociology/law journal with no review-specific signals; landing page returns 404 with not-found text.,True,404,
https://openalex.org/W3184628121,https://doi.org/10.1007/s13369-021-05839-6,https://link.springer.com/10.1007/s13369-021-05839-6,article,article,False,high,dc.type=OriginalPaper with 101 references in a research journal indicates an original research article.,False,200,
https://openalex.org/W2012665021,https://doi.org/10.1016/j.ijthermalsci.2007.03.009,https://linkinghub.elsevier.com/retrieve/pii/S1290072907000889,article,article,False,high,Journal-article with multi-page range and 17 references in a research journal indicates original research article.,False,200,
https://openalex.org/W1986691632,https://doi.org/10.1121/1.2933901,https://doi.org/10.1121/1.2933901,article,conference-abstract,True,high,dc.Type=abstract with single-page (3347-3347) JASA meeting record indicates an abstract-only conference record.,False,403,
https://openalex.org/W4416684639,https://doi.org/10.34284/kjgd.2025.08.33.3.223,https://www.dbpia.co.kr:443/journal/articleDetail?nodeId=NODE12464797,article,article,False,high,"Crossref journal-article with research title on effects of exercise, multi-page (223-228), original empirical study.",False,200,
https://openalex.org/W4387079673,https://doi.org/10.1146/annurev-psych-013123-102139,https://www.annualreviews.org/content/journals/10.1146/annurev-psych-013123-102139,review,review,False,high,"Annual Review of Psychology article with 156 references is a literature survey, the canonical review type.",False,200,
https://openalex.org/W3207016252,https://doi.org/10.3389/fcvm.2021.745250,https://www.frontiersin.org/journals/cardiovascular-medicine/articles/10.3389/fcvm.2021.745250/full,article,article,False,high,Journal-article in Frontiers with abstract and 35 references reporting original clinical work.,False,200,
https://openalex.org/W4232926836,https://doi.org/10.2307/j.ctt9qd04w.1,https://doi.org/10.2307/j.ctt9qd04w.1,paratext,paratext,False,high,"Title 'Front Matter' with pages i-vi is structural packaging material, not content.",False,403,
https://openalex.org/W4396239900,https://doi.org/10.36322/jksc.v1i72,https://journal.uokufa.edu.iq/index.php/ksc/issue/view/896,paratext,paratext,False,high,Crossref type journal-issue with page title 'Vol. 1 No. 72(A)' indicates a whole-issue packaging record.,False,200,
https://openalex.org/W4244101679,https://doi.org/10.1163/9789004206106_eifo_sim_6873,https://referenceworks.brill.com:443/display/entries/EIFO/SIM-6873.xml,dataset,reference-entry,True,high,Single entry titled 'al-Shāwī' within the Encyclopédie de l'Islam reference work on Brill's referenceworks platform.,False,200,
https://openalex.org/W2583986615,https://doi.org/10.1016/j.annemergmed.2006.07.671,https://linkinghub.elsevier.com/retrieve/pii/S0196064406016738,article,conference-abstract,True,high,Numbered single-page item (67-67) with 0 refs and no abstract in Annals of Emergency Medicine's research-forum meeting-abstract supplement.,False,200,
https://openalex.org/W2909578203,https://doi.org/10.1055/a-0732-9498,https://www.thieme-connect.de/products/ejournals/abstract/10.1055/a-0732-9498,article,article,False,medium,"Journal article in ergopraxis with abstract, multi-page (28-31), and cited references.",False,200,
https://openalex.org/W3201710397,https://doi.org/10.1080/08989621.2021.1986017,https://doi.org/10.1080/08989621.2021.1986017,article,editorial,True,medium,"dc.Type is ""article-commentary,"" indicating an opinion/commentary piece rather than original research.",False,403,
https://openalex.org/W2043908170,https://doi.org/10.1109/ecce.2010.5617830,https://doi.org/10.1109/ecce.2010.5617830,article,conference-paper,True,high,Crossref type proceedings-article with IEEE conference container (Energy Conversion Congress) and full page range.,False,420,
https://openalex.org/W4246887265,https://doi.org/10.1002/9783527678679.dg05469,https://doi.org/10.1002/9783527678679.dg05469,other,reference-entry,True,high,"Single-page entry in a dictionary (Major Reference Work) container, making it a reference-entry.",False,403,
https://openalex.org/W3113758048,https://doi.org/10.1108/ijes-05-2020-0029,https://doi.org/10.1108/ijes-05-2020-0029,article,article,False,high,"dc.Type=article, journal-article in a research journal with abstract, references, and page range.",False,403,
https://openalex.org/W7116392245,https://doi.org/10.63863/jce.v2i4.151,https://doi.org/10.63863/jce.v2i4.151,article,article,False,high,"Journal-article in Jurnal Cahaya Edukasi with abstract, references, and page range 93-99 indicating an original research article.",False,403,
https://openalex.org/W4388227018,https://doi.org/10.1530/endoabs.94.op4.3,https://doi.org/10.1530/endoabs.94.op4.3,article,conference-abstract,True,high,Endocrine Abstracts record with citation_conference_title metadata and 0 references indicates a meeting abstract.,False,522,
https://openalex.org/W4243455312,https://doi.org/10.1093/oso/9780190634797.003.0008,https://doi.org/10.1093/oso/9780190634797.003.0008,book-chapter,book-chapter,False,high,"Crossref type book-chapter with page range 215-244 in an ISBN-bearing edited volume, og:type chapter.",False,403,
https://openalex.org/W3011154007,https://doi.org/10.1109/iccia49288.2019.9030928,https://doi.org/10.1109/iccia49288.2019.9030928,article,conference-paper,True,high,Crossref proceedings-article in an IEEE conference proceedings (ICCIA) with full 5-page text.,False,420,
https://openalex.org/W4386969091,https://doi.org/10.9753/icce.v37.structures.101,https://icce-ojs-tamu.tdl.org/icce/article/view/12957,article,conference-paper,True,medium,"Published in Coastal Engineering Proceedings (ICCE conference proceedings venue), making it a proceedings paper rather than a journal article.",False,200,
https://openalex.org/W1590421481,https://doi.org/10.1002/9781118258309.ch2,https://doi.org/10.1002/9781118258309.ch2,other,book-chapter,True,high,"DOI suffix .ch2, og:type 'Chapter', citation_book_title with ISBN and pages 7-14 indicate a chapter within a book.",False,403,
https://openalex.org/W4362488174,https://doi.org/10.1158/1535-7163.22522855,https://aacr.figshare.com/articles/dataset/Table_S5_from_Dianhydrogalactitol_Overcomes_Multiple_Temozolomide_Resistance_Mechanisms_in_Glioblastoma/22522855,preprint,supplementary-materials,True,high,Title 'Table S5 from...' plus figshare dataset hosting indicates a supplementary table attached to a parent article.,False,202,
https://openalex.org/W3196417600,https://doi.org/10.33373/sim-bio.v10i1.2818,https://www.journal.unrika.ac.id/index.php/simbiosajournal/index,article,article,False,high,"DC.Type.articleType is ""Research Articles"" with full pages 12-20 and references in a journal.",False,200,
https://openalex.org/W2610174237,https://doi.org/10.1016/j.cell.2008.06.005,https://linkinghub.elsevier.com/retrieve/pii/S0092867408007538,article,article,False,low,Cell journal-article with og:type Article; single-page with no refs is consistent with a short Cell piece but signals point to article.,False,200,
https://openalex.org/W7133215139,https://doi.org/10.52202/075280-1444,https://www.proceedings.com/075280-1444.html,article,conference-paper,True,high,Crossref proceedings-article in NeurIPS proceedings container routes to conference-paper.,False,200,
https://openalex.org/W4200139403,https://doi.org/10.3390/analytica2040018,https://doi.org/10.3390/analytica2040018,article,article,False,high,"dc.type=Article and original RP-HPLC research with full text, references, and page range in a journal.",False,403,
https://openalex.org/W2773014007,https://doi.org/10.22281/2307-4353-2017-4-13-15,https://dpw-brgu.ru/wp-content/arhiv/old/2017_4_12/13_15.pdf,article,article,False,high,"Crossref journal-article reporting original flora inventory research in a journal, with abstract and page range 13-15.",False,200,
https://openalex.org/W4376645168,https://doi.org/10.3390/w15101877,https://doi.org/10.3390/w15101877,article,article,False,high,dc.type 'Article' in MDPI journal Water with abstract and 20 references confirms original research article.,False,403,
https://openalex.org/W4233891346,https://doi.org/10.1163/2214-8264_dutchpamphlets-kb0-kb01329,https://doi.org/10.1163/2214-8264_dutchpamphlets-kb0-kb01329,dataset,dataset,False,medium,"Crossref type 'dataset' and a Brill primary-source repository database record, which the taxonomy includes under dataset.",False,403,
https://openalex.org/W2810159801,https://doi.org/10.22409/tn.7i9.p6090,https://periodicos.uff.br/trabalhonecessario/article/view/6090,article,article,False,high,DC.Type.articleType 'Artigos' and journal-article in a journal venue indicate an original research article.,False,200,
https://openalex.org/W4250074311,https://doi.org/10.1097/01.jim.0000308054.14312.fe,https://www.sagepub.com/shop/subscribe-to-a-journal/journal-of-investigative-medicine-203786,article,paratext,True,high,"Title is a meeting 'Subject Index,' a structural index record packaging the publication, not content.",False,200,
https://openalex.org/W2096703361,https://doi.org/10.1186/1742-4690-12-s1-p76,https://retrovirology.biomedcentral.com/articles/10.1186/1742-4690-12-S1-P76,article,conference-abstract,True,high,"dc.type is ""Abstract"" and the DOI/page ID (s1-p76) marks a supplement poster abstract.",False,200,
https://openalex.org/W4313167326,https://doi.org/10.47750/pnr.2022.13.s04.050,https://www.pnrjournal.com/index.php/home/article/view/933/733,article,article,False,high,"Crossref journal-article with abstract and 30 references reporting original research, page reachable (200).",False,200,
https://openalex.org/W2005032551,https://doi.org/10.1016/j.ssc.2009.10.043,https://linkinghub.elsevier.com/retrieve/pii/S0038109809006711,article,article,False,high,"Crossref journal-article with research title, 16 refs, page range in Solid State Communications journal.",False,200,
https://openalex.org/W2403814544,https://doi.org/10.1007/978-3-662-43883-1_5,https://link.springer.com/chapter/10.1007/978-3-662-43883-1_5,book-chapter,book-chapter,False,high,"Crossref type book-chapter with citation_inbook_title and ISBN, page range 83-131 within a book.",False,200,
https://openalex.org/W2071956306,https://doi.org/10.1016/s0210-5691(08)70939-2,https://linkinghub.elsevier.com/retrieve/pii/S0210569108709392,letter,editorial,True,low,Short two-page 'Recomendaciones' (recommendations) piece offering guidance on a broad clinical topic rather than reader correspondence about a specific prior work.,False,200,
https://openalex.org/W4309765371,https://doi.org/10.1177/14614448221135187,https://doi.org/10.1177/14614448221135187,review,review,False,high,"dc.Type 'review-article', title 'A literature review', and 101 refs confirm a literature survey.",False,403,
https://openalex.org/W7134930752,https://doi.org/10.2139/ssrn.6145067,https://doi.org/10.2139/ssrn.6145067,preprint,preprint,False,high,SSRN posted-content with subtype preprint hosted on SSRN repository.,False,403,
https://openalex.org/W2023232247,https://doi.org/10.1136/archdischild-2014-307384.487,https://doi.org/10.1136/archdischild-2014-307384.487,article,conference-abstract,True,high,"PS-poster numbered abstract, 0 refs, on a Suppl_2 page A180.1 in a meeting supplement.",False,403,
https://openalex.org/W1995820310,https://doi.org/10.1016/j.egypro.2012.11.050,https://linkinghub.elsevier.com/retrieve/pii/S1876610212015664,article,conference-paper,True,medium,"Energy Procedia is a conference-proceedings venue, indicating a paper presented at a conference rather than a regular journal article.",False,200,
https://openalex.org/W3090865438,https://doi.org/10.1016/j.apsusc.2020.147969,https://linkinghub.elsevier.com/retrieve/pii/S0169433220327264,article,article,False,high,Crossref journal-article in Applied Surface Science with 40 references reporting original first-principles research.,False,200,
https://openalex.org/W4255647752,https://doi.org/10.1163/2214-8655_lgo_lgo_03_1057,https://referenceworks.brill.com/display/db/lgo,dataset,reference-entry,True,medium,Entry in Lexicon Gregorianum Online (a reference work) but the specific entry page returns 'Page not found' at Brill.,True,200,
https://openalex.org/W3203786086,https://doi.org/10.2139/ssrn.3931600,https://doi.org/10.2139/ssrn.3931600,article,preprint,True,high,SSRN Electronic Journal repository hosting indicates a preprint despite the journal-article raw type.,False,403,
https://openalex.org/W7161149971,https://doi.org/10.1038/s41571-026-01158-7,https://www.nature.com/articles/s41571-026-01158-7,article,editorial,True,medium,"Short opinion-on-a-broad-topic Comment piece (2 pages, 7 refs, rhetorical title) in a reviews journal fits editorial/commentary.",False,200,
https://openalex.org/W4248444264,https://doi.org/10.7441/joc.2014.04,https://www.cjournal.cz/index.php?hid=archiv,paratext,paratext,False,high,Crossref type journal-issue (whole-issue record) routes to paratext.,False,200,
https://openalex.org/W4411568393,https://doi.org/10.3390/ma18132958,https://doi.org/10.3390/ma18132958,article,article,False,high,"dc.type ""Article"" with 32 refs in MDPI journal Materials confirms original research article.",False,403,
https://openalex.org/W4249797715,https://doi.org/10.1093/sysbio/syt097,https://doi.org/10.1093/sysbio/syt097,article,paratext,True,high,Title 'Editorial Board' with roman-numeral front-matter page i2 is structural packaging material.,False,403,
https://openalex.org/W4248290284,https://doi.org/10.1007/springerreference_2570,https://doi.org/10.1007/springerreference_2570,reference-entry,reference-entry,False,high,Crossref type reference-entry in SpringerReference reference work confirms a single encyclopedia entry.,False,,
https://openalex.org/W2093945998,https://doi.org/10.1134/s0015462811040107,https://link.springer.com/10.1134/S0015462811040107,article,article,False,high,"dc.type ""OriginalPaper"" and journal-article in Fluid Dynamics confirm an original research article.",False,200,
https://openalex.org/W2105719556,https://doi.org/10.1017/s1060150309090263,https://www.cambridge.org/core/journals/victorian-literature-and-culture/article/vampiric-seduction-and-vicissitudes-of-masculine-identity-in-bram-stokers-dracula/8C5957AAE79F1018DA8A089A32F78F88,article,article,False,high,"Journal-article in Victorian Literature and Culture with multi-page scholarly text and references, an original literary analysis.",False,200,
https://openalex.org/W2888564579,https://doi.org/10.3390/molecules23082086,https://doi.org/10.3390/molecules23082086,article,article,False,high,dc.type 'Article' with 64 references and full research content in journal Molecules.,False,403,
https://openalex.org/W2267818415,https://doi.org/10.1200/jco.2015.33.3_suppl.353,https://doi.org/10.1200/jco.2015.33.3_suppl.353,article,conference-abstract,True,high,ASCO supplement single-page record with 0 refs and dc.Type 'meeting-report' marks it an abstract-only meeting record.,False,403,
https://openalex.org/W2330671055,https://doi.org/10.3103/s0027131416010090,https://link.springer.com/10.3103/S0027131416010090,article,article,False,high,dc.type=OriginalPaper with research content and 19 references in a journal indicates an original research article.,False,200,
https://openalex.org/W2170014091,https://doi.org/10.1103/physrevb.85.014523,https://doi.org/10.1103/physrevb.85.014523,article,article,False,high,Crossref journal-article in Physical Review B with abstract and 54 references is original research.,False,403,
https://openalex.org/W4407773747,https://doi.org/10.58837/chula.sp.2020.260,https://doi.org/10.58837/chula.sp.2020.260,dissertation,dissertation,False,medium,Crossref type dissertation and DOI prefix chula.sp; DC.type 'Senior Project' is a degree-completion document.,False,,
https://openalex.org/W3107358399,https://doi.org/10.1587/comex.2020xbl0163,https://www.jstage.jst.go.jp/article/comex/10/2/10_2020XBL0163/_article,article,article,False,high,"Journal-article with original RCS measurement research, multi-page (81-86) with abstract and references in a journal venue.",False,200,
https://openalex.org/W4252743227,https://doi.org/10.2307/j.ctv39x560.6,https://doi.org/10.2307/j.ctv39x560.6,book-chapter,book-chapter,False,medium,"Crossref book-chapter within an edited volume (pages 3-16, ISBN), a substantive introductory chapter rather than journal editorial material.",False,403,
https://openalex.org/W1604032661,https://doi.org/10.15835/buasvmcn-agr:10618,https://journals.usamvcluj.ro/index.php/agriculture/article/view/10618,article,article,False,medium,Crossref journal-article with abstract and references in a research journal; no review-type metadata signals.,False,200,
https://openalex.org/W4405613264,https://doi.org/10.1016/j.measurement.2024.116499,https://linkinghub.elsevier.com/retrieve/pii/S0263224124023844,article,article,False,high,Crossref journal-article with research content and 21 references in journal Measurement.,False,200,
https://openalex.org/W4361293765,https://doi.org/10.1101/2023.03.28.23287886,https://doi.org/10.1101/2023.03.28.23287886,preprint,preprint,False,high,medRxiv-hosted posted-content with Crossref subtype preprint.,False,403,
https://openalex.org/W4214846448,https://doi.org/10.1163/2405-4453_alao_com_ala_50015_1_88,https://referenceworks.brill.com:443/display/entries/ALAO/COM_ALA_50015-1-88.xml,dataset,reference-entry,True,high,"Brill reference work entry (URL /display/entries/ in 'Arabic Literature of Africa Online'), a single entry in a reference work.",False,200,
https://openalex.org/W4389119128,https://doi.org/10.2307/jj.8501439.46,https://doi.org/10.2307/jj.8501439.46,book-chapter,book-chapter,False,high,"Crossref type book-chapter with ISBN container 'Sonnets and Poems of Anthero de Quental', a single poem within the book.",False,403,
https://openalex.org/W4386385591,https://doi.org/10.1007/s11846-023-00693-2,https://link.springer.com/10.1007/s11846-023-00693-2,article,article,False,high,dc.type 'OriginalPaper' with 79 references in a journal indicates an original research article.,False,200,
https://openalex.org/W4293198900,https://doi.org/10.1246/cl.220334,https://doi.org/10.1246/cl.220334,article,article,False,high,"Crossref journal-article with research title, 18 refs, and dc.Type 'rapid-communication' which routes to article.",False,403,
https://openalex.org/W7163643225,https://doi.org/10.5749/9780816694181-002,https://www.degruyterbrill.com/document/doi/10.5749/9780816694181-002/html,book-chapter,paratext,True,high,"Title 'Acknowledgments' on front-matter pages (xi-xiii) is packaging material, not content.",False,202,
https://openalex.org/W4400363235,https://doi.org/10.4324/9781003499374-1,https://www.taylorfrancis.com/chapters/mono/10.4324/9781003499374-1/introduction-christopher-gill-brittany-polat,book-chapter,book-chapter,False,high,Crossref type book-chapter with pages 1-10 in book 'Stoic Ethics: The Basics' and chapter-level resolved URL.,False,200,
https://openalex.org/W4386350824,https://doi.org/10.1007/978-1-4842-9532-8_5,https://link.springer.com/10.1007/978-1-4842-9532-8_5,book-chapter,book-chapter,False,high,Crossref type book-chapter within book 'Python Data Analytics' with chapter page range 115-148.,False,200,
https://openalex.org/W7162193369,https://doi.org/10.2307/j.ctv2k056f7.25,https://doi.org/10.2307/j.ctv2k056f7.25,book-chapter,book-chapter,False,high,Crossref type book-chapter with ISBN and container 'Extinction Theory: Poems' identifies this as a chapter within a book.,False,403,
https://openalex.org/W1991427206,https://doi.org/10.1016/j.bpj.2011.11.3158,https://linkinghub.elsevier.com/retrieve/pii/S0006349511045061,article,conference-abstract,True,high,Biophysical Journal supplement page '580a' with zero references and no abstract is a Biophysical Society meeting abstract.,False,200,
https://openalex.org/W4284968215,https://doi.org/10.26907/esd.17.2.17,https://eandsdjournal.kpfu.ru/en/journal-article/classification-of-sciences-and-systematization-of-knowledge-for-the-general-and-professional-integrative-education-content-design/,article,article,False,high,"Crossref journal-article with page range 219-230 and abstract in a scholarly journal, consistent with an original research article.",False,200,
https://openalex.org/W4236710606,https://doi.org/10.3403/00065541u,https://knowledge.bsigroup.com:443/products/specification-for-iso-miniature-screw-threads-metric-series,standard,standard,False,high,BSI standard (BS 4827) with cr_type 'standard' and BSI landing page.,False,200,
https://openalex.org/W4417107859,https://doi.org/10.69704/jhaesi.116.2004.940-he,https://hadashot.iaa.org.il/report_detail.aspx?id=940,article,article,False,medium,"Journal-article in the Hadashot Arkheologiyot excavation-report journal with abstract, accessible landing page (200).",False,200,
https://openalex.org/W4205992821,https://doi.org/10.19130/iifl.nt.2022.40.1.432579,https://doi.org/10.19130/iifl.nt.2022.40.1.432579,article,article,False,medium,"Journal full-text scholarly translation/study in Nova Tellus with abstract and page range 211-240, fitting article despite low ref count.",False,,
https://openalex.org/W2738306611,https://doi.org/10.1149/ma2010-01/24/1219,"https://validate.perfdrive.com/fb803c746e9148689b3984a31fccd902/?ssa=4188f64a-ddc3-4cf7-9e74-d712762d209e&ssb=58953266990&ssc=https%3A%2F%2Fiopscience.iop.org%2Farticle%2F10.1149%2FMA2010-01%2F24%2F1219&ssi=b20f0bad-cnvj-4dbd-b653-dd38bd7ad681&ssk=botmanager_support@radware.com&ssm=49579389039857678109452777500203&ssn=276f55436620b5bfe7953f4a0d7f585145c255d0e8cd-f386-4660-8c185f&sso=9ddd6ec5-1b1de8473e4c9335bbe01cafeb901de7d2020dbefe4fab27&ssp=60766726641782784664178274057865834&ssq=30407487551729347893575517967536677013952&ssr=NzUuNDkuMTI1LjIwOQ==&sst=Mozilla/5.0%20(Macintosh;%20Intel%20Mac%20OS%20X%2010_15_7)%20AppleWebKit/537.36%20(KHTML,%20like%20Gecko)%20Chrome/124.0%20Safari/537.36&ssu=&ssv=&ssw=&ssx=eyJfX3V6bWYiOiI3ZjkwMDA1NWQwZThjZC1mMzg2LTQ2NjAtOGVjNS0xYjFkZTg0NzNlNGMxLTE3ODI3NzU1MTc5ODIwLTAwNDY3MzJiZDdjZTk5Y2ZiM2MxMCIsInV6bXgiOiI3ZjkwMDBiNWQ3MjU4Yy05YzI2LTQ2NzYtOWYwNS0zZDI0NjM0MWYzNWIxLTE3ODI3NzU1MTc5ODIwLWFlMTMzMWMyYWMzM2VjZWUxMCIsInJkIjoiaW9wLm9yZyJ9",article,conference-abstract,True,high,ECS Meeting Abstracts venue with single-page (1219-1219) and zero references signals an abstract-only meeting record.,False,200,
https://openalex.org/W2991721236,https://doi.org/10.14295/holos.v19i4.12323,https://www.cea-unesp.org.br/holos/article/view/12323,article,article,False,high,DC.Type.articleType 'Artigos' (article) with abstract and references in a research journal indicates an original research article.,False,200,
https://openalex.org/W2196015556,https://doi.org/10.17133/tubar.94349,https://dergipark.org.tr/tr/pub/tubar/article/177483,article,article,False,high,Crossref journal-article in a scholarly journal with abstract; final landing page resolves to a live article record.,False,200,
https://openalex.org/W2319614256,https://doi.org/10.1016/s1535-1513(08)79239-7,https://linkinghub.elsevier.com/retrieve/pii/S1535151308792397,article,article,False,medium,Crossref journal-article with an original-research title reporting a surgical technique; landing page returns 200 so not broken.,False,200,
https://openalex.org/W4409794140,https://doi.org/10.2118/224159-ms,https://doi.org/10.2118/224159-ms,article,conference-paper,True,high,Crossref type proceedings-article in SPE Western Regional Meeting proceedings routes to conference-paper.,False,403,
https://openalex.org/W4238825673,https://doi.org/10.1515/9781501512551-205,https://www.degruyterbrill.com/document/doi/10.1515/9781501512551-205/html,paratext,paratext,False,high,Title 'List of Tables' on front-matter pages (XVII-XVIII) is structural packaging material.,False,202,
https://openalex.org/W1594613939,https://doi.org/10.1111/j.1754-9485.2012.02461.x,https://doi.org/10.1111/j.1754-9485.2012.02461.x,article,article,False,high,Randomised controlled trial with abstract and 50 references in a journal is original research (article).,False,403,
https://openalex.org/W3029628260,https://doi.org/10.5943/sif/5/1/6,https://www.studiesinfungi.org/pdf/SIF_5_1_6.pdf,article,article,False,high,"Journal research paper in Studies in Fungi with abstract, references, and page range 66-72.",False,200,
https://openalex.org/W2467801948,https://doi.org/10.1016/j.reprotox.2016.07.004,https://linkinghub.elsevier.com/retrieve/pii/S0890623816302611,article,article,False,high,Journal-article in Reproductive Toxicology reporting original experimental research with 93 references.,False,200,
https://openalex.org/W4251714527,https://doi.org/10.1163/ej.9789004164529.1-0.36,https://brill.com/search?q1=9789004164529,book-chapter,book-chapter,False,high,"Crossref book-chapter with page range 415-424 in a book volume, titled 'Conclusions Générales'.",False,200,
https://openalex.org/W2308118628,https://doi.org/10.2807/ese.15.01.19454-en,https://doi.org/10.2807/ese.15.01.19454-en,article,article,False,high,"Original outbreak research report in Eurosurveillance with abstract and references, journal-article type.",False,403,
https://openalex.org/W4386243033,https://doi.org/10.1016/j.mtphys.2023.101215,https://linkinghub.elsevier.com/retrieve/pii/S2542529323002511,article,article,False,high,"Journal research article with 77 references in Materials Today Physics, page 200 OK.",False,200,
https://openalex.org/W2022543701,https://doi.org/10.1016/j.desal.2011.08.050,https://linkinghub.elsevier.com/retrieve/pii/S001191641100765X,article,article,False,high,Crossref journal-article with 42 refs and full page range in Desalination reporting original research.,False,200,
https://openalex.org/W1975454046,https://doi.org/10.1097/nna.0b013e31826a1fdb,https://journals.lww.com/jonajournal/abstract/2012/10000/nurturing_charge_nurses_for_future_leadership.5.aspx,article,article,False,high,"Journal research article with abstract, multi-page range (461-466), and 13 references in JONA.",False,200,
https://openalex.org/W3213880247,https://doi.org/10.7185/gold2021.7841,https://goldschmidtabstracts.info/abstracts/abstractView?doi=10.7185/gold2021.7841,article,conference-abstract,True,high,"Goldschmidt abstracts venue indicates abstract-only, and tx_page_title 'Abstract not found' shows the landing page is dead.",True,200,
https://openalex.org/W3128445269,https://doi.org/10.1016/j.ejogrb.2021.01.051,https://linkinghub.elsevier.com/retrieve/pii/S0301211521000658,review,review,False,high,"Title explicitly states 'Review of the literature and meta-analysis,' indicating a literature review survey.",False,200,
https://openalex.org/W2091009229,https://doi.org/10.1093/mnras/stv228,https://doi.org/10.1093/mnras/stv228,article,article,False,high,"Crossref journal-article with research title, abstract, references in MNRAS.",False,403,
https://openalex.org/W4224080167,https://doi.org/10.1002/ceas.12235,https://doi.org/10.1002/ceas.12235,article,article,False,high,"Crossref journal-article with full pages 174-192, abstract, and references in a research journal.",False,403,
https://openalex.org/W2797621796,https://doi.org/10.4000/books.septentrion.20280,https://books.openedition.org/septentrion/20280,book-chapter,book-chapter,False,high,DC.type=BookSection with page range 163-176 in an ISBN-bearing edited volume confirms a book chapter.,False,200,
https://openalex.org/W2978302053,https://doi.org/10.1149/09208.0165ecst,"https://validate.perfdrive.com/fb803c746e9148689b3984a31fccd902/?ssa=09cdcab5-98b6-40cd-b156-b7e06a34ce09&ssb=58953266990&ssc=https%3A%2F%2Fiopscience.iop.org%2Farticle%2F10.1149%2F09208.0165ecst&ssi=fcf31b96-cnvj-4701-8853-b965bfc6ce17&ssk=botmanager_support@radware.com&ssm=49579389039857678109452777500203&ssn=276f55434f5f5bc8b1972887a5e2585145c21a894dae-281f-4e58-bc185f&sso=9ddd6a85-a7ec74f58db89335bbe0443896ccdc3639964ddffe4fab27&ssp=60766726641782784664178274057865834&ssq=30407487551729347893575517967536677013952&ssr=NzUuNDkuMTI1LjIwOQ==&sst=Mozilla/5.0%20(Macintosh;%20Intel%20Mac%20OS%20X%2010_15_7)%20AppleWebKit/537.36%20(KHTML,%20like%20Gecko)%20Chrome/124.0%20Safari/537.36&ssu=&ssv=&ssw=&ssx=eyJfX3V6bWYiOiI3ZjkwMDAxYTg5NGRhZS0yODFmLTRlNTgtYmE4NS1hN2VjNzRmNThkYjgxLTE3ODI3NzU1MTczMTMwLTAwNDllZGFmNTg4MDNlMTA1ZWQxMCIsInJkIjoiaW9wLm9yZyIsInV6bXgiOiI3ZjkwMDAzZWU3MWMzZi0wNDdjLTQ2MTUtYmY3MC1kZGY0N2QzZWYyYjcxLTE3ODI3NzU1MTczMTMwLWYzMjQwYzljODBiYWE0ODQxMCJ9",article,conference-paper,True,medium,"ECS Transactions is a conference-proceedings venue publishing full meeting papers (10 pages), so it routes to conference-paper despite the journal-article tag.",False,200,
https://openalex.org/W2126971058,https://doi.org/10.2139/ssrn.1612217,https://doi.org/10.2139/ssrn.1612217,article,preprint,True,high,SSRN Electronic Journal repository hosting marks this as a working-paper preprint despite the journal-article label.,False,403,
https://openalex.org/W7106515210,https://doi.org/10.47584/jfm.2025.28.5.73,https://www.dbpia.co.kr:443/journal/articleDetail?nodeId=NODE12458982,article,article,False,high,"Crossref journal-article with full page range 73-98 in a research journal, an original empirical study.",False,200,
https://openalex.org/W2966527079,https://doi.org/10.1146/annurev-environ-102017-030032,https://www.annualreviews.org/content/journals/10.1146/annurev-environ-102017-030032,article,review,True,high,dc.Type is 'review-article' in an Annual Review journal with 144 references surveying many works.,False,200,
https://openalex.org/W4234423483,https://doi.org/10.1142/9789811227592_0010,https://doi.org/10.1142/9789811227592_0010,book-chapter,book-chapter,False,medium,Crossref book-chapter within book 'The Vortex Atom' with substantial page range 247-275; 403 is a bot-block not broken.,False,403,
https://openalex.org/W7117985279,https://doi.org/10.1007/978-3-032-12840-9_9,https://link.springer.com/10.1007/978-3-032-12840-9_9,book-chapter,conference-paper,True,high,"citation_conference_title ""DAGM German Conference on Pattern Recognition"" and og:type ""Paper"" identify this LNCS chapter as a full conference proceedings paper.",False,200,
https://openalex.org/W7133561887,https://doi.org/10.32524/jia.v4i2.1673,https://journal.ukmc.ac.id/index.php/jia/article/view/1673,article,article,False,high,"Crossref journal-article in an accounting journal with full page range 53-75 and abstract, a standard research article.",False,200,
https://openalex.org/W4285325856,https://doi.org/10.1109/csci54926.2021.00135,https://doi.org/10.1109/csci54926.2021.00135,article,conference-paper,True,high,Crossref type proceedings-article in IEEE conference proceedings with full page range 386-391.,False,420,
https://openalex.org/W4234453871,https://doi.org/10.1163/2214-8264_dutchpamphlets-kb0-kb00956,https://doi.org/10.1163/2214-8264_dutchpamphlets-kb0-kb00956,dataset,other,True,medium,"A digitized historical pamphlet in a primary-sources collection, not a research dataset—best fits the catch-all; container/title indicate an archival document record rather than a true data artifact.",False,403,
https://openalex.org/W1597693921,https://doi.org/10.1103/physrevd.92.044026,https://doi.org/10.1103/physrevd.92.044026,article,article,False,high,"Crossref journal-article with 74 references and research title in Physical Review D; 403 is a bot-block, not broken.",False,403,
https://openalex.org/W4391580629,https://doi.org/10.51161/conaps2023/29708,https://ime.events/conaps2023/pdf/29708,article,conference-abstract,True,medium,Crossref proceedings-article with 0 references in a congress 'Anais' venue indicates a published meeting abstract rather than a full paper.,False,200,
https://openalex.org/W4402930596,https://doi.org/10.1051/e3sconf/202456802002,https://www.e3s-conferences.org/articles/e3sconf/abs/2024/98/e3sconf_icosbi2024_02002/e3sconf_icosbi2024_02002.html,article,conference-paper,True,high,E3S Web of Conferences proceedings venue (ICOSBI2024) indicates a full conference paper despite the journal-article tag.,False,200,
https://openalex.org/W4288781474,https://doi.org/10.1055/b-0042-187667,https://www.thieme-connect.de/products/ebooks/lookinside/10.1055/b-0042-187667,book-chapter,book-chapter,False,high,Crossref book-chapter with citation_book_title showing a parent volume confirms a single chapter.,False,200,
https://openalex.org/W1999556716,https://doi.org/10.1109/ivnc.2007.4480920,https://doi.org/10.1109/ivnc.2007.4480920,article,conference-paper,True,high,Crossref type proceedings-article in an IEEE conference proceedings venue routes to conference-paper.,False,420,
https://openalex.org/W2524174660,https://doi.org/10.3917/presa.191.0193,https://doi.org/10.3917/presa.191.0193,article,article,False,high,Crossref journal-article in a journal with multi-page range (193-204) and no review/abstract markers indicating a standard research article.,False,403,
https://openalex.org/W2071145315,https://doi.org/10.1249/01.mss.0000385839.37981.3c,https://journals.lww.com/acsm-msse/fulltext/2010/05001/the_decrease_in_brain_glycogen_during_prolonged.1941.aspx,article,conference-abstract,True,high,Single-page (659) record with 0 references in an MSSE annual-meeting supplement issue (05001) is an ACSM meeting abstract.,False,200,
https://openalex.org/W4224009331,https://doi.org/10.1016/j.ejphar.2022.174937,https://linkinghub.elsevier.com/retrieve/pii/S0014299922001984,review,review,False,high,"Title surveys lncRNAs as modulators in diabetic retinopathy with 74 references and no original data, consistent with a review article.",False,200,
https://openalex.org/W4237573470,https://doi.org/10.2172/1364769,https://www.osti.gov/servlets/purl/1364769/,report,report,False,high,OSTI technical report (DOE program plan) confirmed by cr_type=report and page title labeling it a Technical Report.,False,200,
https://openalex.org/W2128802633,https://doi.org/10.1016/j.ttbdis.2013.01.007,https://linkinghub.elsevier.com/retrieve/pii/S1877959X13000319,article,article,False,high,Crossref journal-article with multi-page research content (334-340) and 30 references in a research journal.,False,200,
https://openalex.org/W3163465351,https://doi.org/10.21203/rs.3.rs-265281/v1,https://www.researchsquare.com/article/rs-265281/v1,preprint,preprint,False,high,"Crossref posted-content/preprint on Research Square repository, despite author-requested removal page still resolving 200.",False,200,
https://openalex.org/W4383047378,https://doi.org/10.3390/jcm12134412,https://doi.org/10.3390/jcm12134412,article,article,False,high,dc.type 'Article' and journal research paper with abstract and references in MDPI JCM.,False,403,
https://openalex.org/W2029009432,https://doi.org/10.1016/j.ijleo.2005.11.014,https://linkinghub.elsevier.com/retrieve/pii/S0030402606000258,article,article,False,high,Crossref journal-article with full page range (525-531) and 19 references in journal Optik.,False,200,
https://openalex.org/W4241202014,https://doi.org/10.1515/9780804785723-019,https://www.degruyterbrill.com:443/document/doi/10.1515/9780804785723-019/html,book-chapter,book-chapter,False,high,Crossref type book-chapter with citation_inbook_title 'Being Given' confirms a chapter within a book.,False,202,
https://openalex.org/W4240989258,https://doi.org/10.7287/peerj.preprints.27597v1/supp-17,https://doi.org/10.7287/peerj.preprints.27597v1/supp-17,dataset,supplementary-materials,True,high,DOI suffix /supp-17 and container 'Supplemental Information 17: Supplemental file 11' identify it as supporting material attached to a parent preprint.,False,403,
https://openalex.org/W3048125663,https://doi.org/10.1016/j.epsr.2020.106612,https://linkinghub.elsevier.com/retrieve/pii/S0378779620304168,article,article,False,high,Journal-article in a research journal with 35 references and original-research title; landing page returns 200.,False,200,
https://openalex.org/W3084996420,https://doi.org/10.1016/j.matpr.2020.07.711,https://linkinghub.elsevier.com/retrieve/pii/S2214785320358375,article,conference-paper,True,medium,"Published in Materials Today: Proceedings, a conference proceedings venue, despite Crossref journal-article tagging.",False,200,
https://openalex.org/W2138715138,https://doi.org/10.1186/1758-5996-5-75,https://dmsjournal.biomedcentral.com/articles/10.1186/1758-5996-5-75,article,article,False,high,"dc.type ""OriginalPaper"" with 75 references in a research journal confirms original research article.",False,200,
https://openalex.org/W4311479273,https://doi.org/10.3390/su142416711,https://doi.org/10.3390/su142416711,article,article,False,high,"dc.type ""Communication"" with full text and 30 references in a journal is a brief communication, which routes to article.",False,403,
https://openalex.org/W4318028408,https://doi.org/10.3917/criti.908.0055,https://doi.org/10.3917/criti.908.0055,article,article,False,low,"Multi-page journal-article in Critique with no book-review or other genre signal; defaulting to article (403 is bot-block, not broken).",False,403,
https://openalex.org/W3095181923,https://doi.org/10.1002/9781405186407.wbiech022,https://doi.org/10.1002/9781405186407.wbiech022,other,reference-entry,True,high,"Entry in The International Encyclopedia of Communication (Major Reference Works), a reference work.",False,403,
https://openalex.org/W4235038348,https://doi.org/10.5325/j.ctv1bxh1z7.7,https://doi.org/10.5325/j.ctv1bxh1z7.7,book-chapter,book-chapter,False,high,Crossref type book-chapter with page range 23-44 within the book 'Bridging the Gap'.,False,403,
https://openalex.org/W4313210775,https://doi.org/10.3233/faia220579,https://ebooks.iospress.nl/doi/10.3233/FAIA220579,book-chapter,conference-paper,True,high,"citation_inbook_title is ""Proceedings of CECNet 2022"", indicating a full conference proceedings paper.",False,200,
https://openalex.org/W1976462246,https://doi.org/10.3402/ejpt.v4i0.19896,https://doi.org/10.3402/ejpt.v4i0.19896,article,article,False,high,"dc.Type ""research-article"" with 30 refs and validation study content confirms original research article.",False,403,
https://openalex.org/W4232222782,https://doi.org/10.13187/rjs.2015.1,https://oaji.net/journal-archive-stats.html?number=1897&year=&issue=4824,paratext,paratext,False,high,Crossref type journal-issue (a full issue record) routes to paratext; landing page returned 200.,False,200,
https://openalex.org/W4416629823,https://doi.org/10.1158/1078-0432.30708534,https://aacr.figshare.com/articles/journal_contribution/Supplementary_Figure_S7_from_Trackable_Intratumor_Microdosing_and_Spatial_Profiling_Provide_Early_Insights_into_Activity_of_Investigational_Agents_in_the_Intact_Tumor_Microenvironment/30708534,article,supplementary-materials,True,high,Title 'Supplementary Figure S7 from...' on figshare is a supporting figure subordinate to a parent article.,False,202,
https://openalex.org/W4247187370,https://doi.org/10.1016/j.joule.2018.06.016,https://linkinghub.elsevier.com/retrieve/pii/S2542435118302812,article,editorial,True,low,"Short two-page Joule commentary piece ('Lead Time') with no abstract and few references, characteristic of opinion/commentary rather than original research.",False,200,
https://openalex.org/W4406338714,https://doi.org/10.2174/18763863-v16-230829-2023-3,https://benthamopenarchives.com/abstract.php?ArticleCode=TOPAINJ-16-e187638632308011,article,article,False,high,Crossref journal-article with abstract and 28 references reporting original research in a journal.,False,200,
https://openalex.org/W4200158049,https://doi.org/10.1101/2021.12.21.473671,https://doi.org/10.1101/2021.12.21.473671,preprint,preprint,False,high,bioRxiv posted-content with subtype preprint.,False,403,
https://openalex.org/W4412075208,https://doi.org/10.1039/d5nr01846c/v2/response1,https://www.webofscience.com/wos/woscc/full-record/10.1039%2FD5NR01846C?type=doi&SID=USW2EC0D1D8X7bIK6Ky95PPRcEYkm,peer-review,peer-review,False,high,Crossref type peer-review and title 'Author response' identify a formal open-review artifact tied to a single manuscript.,False,200,
https://openalex.org/W4243169569,https://doi.org/10.1136/vr.m280,https://doi.org/10.1136/vr.m280,article,book-review,True,medium,Single-page item in Veterinary Record with zero references and a book-title-style heading ('guide to equine paediatric medicine') signals a book review.,False,403,
https://openalex.org/W4406334964,https://doi.org/10.1007/s43465-024-01319-9,https://link.springer.com/10.1007/s43465-024-01319-9,review,review,False,high,"Title says ""Systematic Review and Meta-Analysis"" and dc.type is ""ReviewPaper.""",False,200,
https://openalex.org/W4405663213,https://doi.org/10.1007/s40278-024-72483-9,https://link.springer.com/10.1007/s40278-024-72483-9,article,other,True,high,"dc.type is ""News"" in a Reactions Weekly case-report-style single-page record, routing to other.",False,200,
https://openalex.org/W2760641379,https://doi.org/10.1016/j.wear.2017.09.014,https://linkinghub.elsevier.com/retrieve/pii/S0043164817311237,article,article,False,high,Crossref journal-article in Wear with full page range and 47 references is original research.,False,200,
https://openalex.org/W4223426807,https://doi.org/10.4274/buchd.galenos.2021.83713,https://behcetuzdergisi.com/articles/doi/buchd.galenos.2021.83713,article,article,False,high,Case study published as full journal paper with abstract and 21 references routes to article.,False,200,
https://openalex.org/W4230699064,https://doi.org/10.2305/iucn.uk.2015-2.rlts.t68501481a68708526.en,https://www.iucnredlist.org/species/68501481/68708526,dataset,dataset,False,high,Crossref type 'dataset' from IUCN Red List species assessment repository record.,False,200,
https://openalex.org/W3214628551,https://doi.org/10.1088/1755-1315/824/1/012013,"https://validate.perfdrive.com/fb803c746e9148689b3984a31fccd902/?ssa=0397fc20-a6c5-481e-82bf-b10eda6ff987&ssb=26434227787&ssc=https%3A%2F%2Fiopscience.iop.org%2Farticle%2F10.1088%2F1755-1315%2F824%2F1%2F012013&ssi=d5c5620c-cnvj-412b-a627-baadef60a63b&ssk=botmanager_support@radware.com&ssm=92013394162725515108417693685659&ssn=a5163b40770d097248dabc8a44ea01e54ca0947305df-ed8a-4e0e-aaba1d&sso=7278a9ce-d275e751b709ecbf9f5566823463ca70323753b4a815f06d&ssp=44451093361782797695178275915004903&ssq=54058757552484691780275524427006700079430&ssr=NzUuNDkuMTI1LjIwOQ==&sst=Mozilla/5.0%20(Macintosh;%20Intel%20Mac%20OS%20X%2010_15_7)%20AppleWebKit/537.36%20(KHTML,%20like%20Gecko)%20Chrome/124.0%20Safari/537.36&ssu=&ssv=&ssw=&ssx=eyJfX3V6bWYiOiI3ZjkwMDA5NDczMDVkZi1lZDhhLTRlMGUtYTljZS1kMjc1ZTc1MWI3MDkxLTE3ODI3NzU1MjQ2MzQwLTAwNGM4ODVjMWE2Zjc4MzQ3N2IxMCIsInV6bXgiOiI3ZjkwMDA0YjMzYTM4YS05ZGMxLTRkYWItOTA3MC1hMTAxNzViMzEyMzkxLTE3ODI3NzU1MjQ2MzQwLTZjMDA1M2M4Mzg2Y2Y3MzYxMCIsInJkIjoiaW9wLm9yZyJ9",article,conference-paper,True,high,"Published in IOP Conference Series proceedings with full text, routing to conference-paper despite journal-article tagging.",False,200,
https://openalex.org/W4405156161,https://doi.org/10.51601/ijhp.v3i4.299,https://ijhp.net/index.php/IJHP/article/view/299,article,article,False,high,"Crossref journal-article with research title, abstract, and multi-page range in a journal.",False,200,
https://openalex.org/W4404092334,https://doi.org/10.1007/s12205-024-2649-0,https://linkinghub.elsevier.com/retrieve/pii/S1226798825000170,article,article,False,high,"dc.type is OriginalPaper, a journal research article with 41 references.",False,200,
https://openalex.org/W4220809821,https://doi.org/10.3171/2022.1.jns212782,https://thejns.org/view/journals/j-neurosurg/137/5/article-p1289.xml,article,article,False,high,"Journal research article with abstract, 36 refs, and multi-page range in Journal of Neurosurgery.",False,200,
https://openalex.org/W4205305926,https://doi.org/10.1007/s40278-021-06036-1,https://link.springer.com/10.1007/s40278-021-06036-1,article,other,True,high,"dc.type is ""News"" in Reactions Weekly, a case-report/news bulletin, which routes to other.",False,200,
https://openalex.org/W4412500858,https://doi.org/10.53486/dri2025.68,https://irek.ase.md/xmlui/handle/123456789/4177,article,conference-paper,True,high,Crossref type proceedings-article in a conference proceedings container (IDSC-2025) routes deterministically to conference-paper.,False,200,
https://openalex.org/W3132495562,https://doi.org/10.1186/s40793-021-00373-2,https://environmentalmicrobiome.biomedcentral.com/articles/10.1186/s40793-021-00373-2,article,article,False,high,dc.type=OriginalPaper with 48 references in a research journal indicates an original research article.,False,200,
https://openalex.org/W3211969576,https://doi.org/10.14361/9783839448632-020,https://chooser.crossref.org/?doi=10.14361%2F9783839448632-020,book-chapter,book-chapter,False,high,"Crossref type book-chapter with ISBN, page range 280-289 within a book volume.",False,200,
https://openalex.org/W4248111760,https://doi.org/10.29172/96bbb76c-5300-45a8-a2c0-651160e0f0c9,https://physh.org/concepts/96bbb76c-5300-45a8-a2c0-651160e0f0c9,dataset,other,True,medium,"PhySH page is a controlled-vocabulary subject-heading concept (og:type website), not a real dataset or any specific scholarly genre.",False,200,
https://openalex.org/W4251129299,https://doi.org/10.1017/cbo9781139087889.001,https://www.cambridge.org/core/books/abs/diplomata-et-chartae-merovingicae-aetatis-in-archivo-franciae-asservata/diploma-childeberti-i-regis-francorum-de-fundatione-ecclesioe-sancti-vincentii-parisiensis/075571CFB37DC38A75A4F7419989CF61,book-chapter,book-chapter,False,high,Crossref type and citation_inbook_title confirm a chapter within a book at a 200 landing page.,False,200,
https://openalex.org/W4254918006,https://doi.org/10.1680/jmapl.18.00054,https://doi.org/10.1680/jmapl.18.00054,article,book-review,True,high,dc.Type meta tag is 'book-review' and title is 'Book review'.,False,403,
https://openalex.org/W4408709696,https://doi.org/10.3917/herm.ercke.2012.01,https://doi.org/10.3917/herm.ercke.2012.01,book,book,False,high,"Crossref type edited-book with ISBN, a complete standalone volume on the Cairn ebook platform.",False,403,
https://openalex.org/W4383316415,https://doi.org/10.1017/9781009299312.015,https://www.cambridge.org/core/books/abs/christianity-philosophy-and-roman-power/index-locorum/5B4CB1CCB6DF18410792EACCC153391B,book-chapter,paratext,True,high,"Title 'Index Locorum' is a back-matter index record packaging the book, not content.",False,200,
https://openalex.org/W1555713318,https://doi.org/10.1029/2009rs004241,https://doi.org/10.1029/2009rs004241,article,article,False,high,Crossref journal-article in Radio Science with abstract and 33 references is original research.,False,403,
https://openalex.org/W4363610145,https://doi.org/10.22216/kata.v6i1.778,https://publikasi.lldikti10.id/index.php/kata/article/view/778,article,article,False,high,"Journal research paper with abstract, full page range (119-127), and references in Jurnal Kata.",False,200,
https://openalex.org/W2484496567,https://doi.org/10.1111/jcpt.12417,https://doi.org/10.1111/jcpt.12417,article,article,False,medium,"Crossref journal-article in a journal with abstract and references, no signals of letter/editorial; 403 is a bot-block not a dead page.",False,403,
https://openalex.org/W2892225119,https://doi.org/10.4103/ijds.ijds_14_18,https://doi.org/10.4103/ijds.ijds_14_18,article,article,False,high,"In vitro experimental study with 25 references in a dental journal, an original research article despite single-page citation.",False,,
https://openalex.org/W4410660513,https://doi.org/10.5040/9781978719200.ch-6,https://www.bloomsburycollections.com/monograph-detail?docid=b-9781978719200&tocid=b-9781978719200-chapter6,other,book-chapter,True,high,"DOI suffix '.ch-6', page range 71-86, and ISBN container 'René Girard, Theology, and Pop Culture' indicate a chapter within a book.",False,200,
https://openalex.org/W4315487813,https://doi.org/10.55986/cell.2022.7.3.61,https://scholar.kyobobook.co.kr/article/detail/4010037004171,article,article,False,high,Journal-article with full page range 61-90 and abstract in a literature journal indicates an original research article.,False,200,
https://openalex.org/W2472666783,https://doi.org/10.1007/s15027-016-0933-8,https://www.springermedizin.de/doi/10.1007/s15027-016-0933-8,article,other,True,low,"One-page item with no abstract or references in the practitioner magazine CardioVasc, characteristic of a news/product brief rather than original research.",False,200,
https://openalex.org/W7162645048,https://doi.org/10.3917/crii.111.0011,https://doi.org/10.3917/crii.111.0011,article,article,False,medium,Crossref journal-article in Critique internationale with article-level pagination and no overriding editorial/abstract signals.,False,403,
https://openalex.org/W4286814683,https://doi.org/10.33768/ksue.2019.19.1.,https://www.earticle.net/Journal/Detail/3,paratext,paratext,False,high,"Crossref type journal-issue indicates a whole-issue packaging record, which routes to paratext.",False,200,
https://openalex.org/W4291659996,https://doi.org/10.17989/encsr637xbd,https://doi.org/10.17989/encsr637xbd,dataset,dataset,False,high,ENCODE repository record with cr_type dataset; lp_status 502 indicates dead landing page.,True,502,
https://openalex.org/W2494509407,https://doi.org/10.1093/acprof:oso/9780199549337.003.012,https://doi.org/10.1093/acprof:oso/9780199549337.003.012,book-chapter,book-chapter,False,high,Crossref type book-chapter with citation_inbook_title and ISBN confirms a chapter within the book.,False,403,
https://openalex.org/W4408001899,https://doi.org/10.3126/jfac.v6i1.76086,https://www.nepjol.info/index.php/jfac/article/view/76086,article,article,False,high,"DC.Type.articleType is ""Research Articles"" in a journal with full-text pages 41-51.",False,200,
https://openalex.org/W4225741260,https://doi.org/10.3917/ems.voynn.2021.01.0023,https://doi.org/10.3917/ems.voynn.2021.01.0023,book-chapter,book-chapter,False,high,Crossref type book-chapter with citation_inbook_title and page range 23-30 within a named book.,False,403,
https://openalex.org/W7163709805,https://doi.org/10.11603/ijmmr.2413-6077.2026.1.16485,https://ojs.tdmu.edu.ua/index.php/ijmr/article/view/16485,article,article,False,medium,"Full research paper (pages 84-96, 37 refs, abstract); OJS 'Editorial' articleType tag is a generic default not matching the comparative-analysis content.",False,200,
https://openalex.org/W2117693927,https://doi.org/10.4028/www.scientific.net/msf.715-716.179,https://www.scientific.net/MSF.715-716.179,article,conference-paper,True,medium,"Published in Materials Science Forum, a Trans Tech conference-proceedings book series, indicating a proceedings paper.",False,200,
https://openalex.org/W4381054452,https://doi.org/10.53347/rid-90765,https://doi.org/10.53347/rid-90765,reference-entry,reference-entry,False,high,Radiopaedia.org case entry with Crossref type reference-entry confirms an entry in a reference work.,False,406,
https://openalex.org/W4361888626,https://doi.org/10.1158/1078-0432.22471485,https://aacr.figshare.com/articles/journal_contribution/Table_S3_from_NRF2_through_RPS6_Activation_Is_Related_to_Anti-HER2_Drug_Resistance_in_i_HER2_i_-Amplified_Gastric_Cancer/22471485,preprint,supplementary-materials,True,high,"Title ""Table S3 from..."" on figshare is a supporting-information file subordinate to the parent article.",False,202,
https://openalex.org/W2942717414,https://doi.org/10.3892/etm.2019.7539,https://www.spandidos-publications.com/10.3892/etm.2019.7539,article,article,False,high,"Clinical efficacy research paper with abstract and 27 references in a journal, page range 63-68.",False,200,
https://openalex.org/W2896841719,https://doi.org/10.1016/j.cjche.2018.10.008,https://linkinghub.elsevier.com/retrieve/pii/S1004954118303562,article,article,False,high,Crossref journal-article with full page range 717-725 and 67 references reporting original research.,False,200,
https://openalex.org/W4229768686,https://doi.org/10.1007/978-0-387-72344-0_13,https://link.springer.com/chapter/10.1007/978-0-387-72344-0_13,book-chapter,book-chapter,False,high,"Crossref book-chapter with ISBN, page range 499-521 within book 'Laser Fabrication and Machining of Materials'.",False,200,
https://openalex.org/W4407462021,https://doi.org/10.1109/cac63892.2024.10865152,https://doi.org/10.1109/cac63892.2024.10865152,article,conference-paper,True,high,Crossref proceedings-article in China Automation Congress proceedings routes to conference-paper.,False,420,
https://openalex.org/W7148537795,https://doi.org/10.70675/04f66b34z6ceaz4cc2z8f39zb735a7484383,https://theses.fr/2014LORR0384,dissertation,dissertation,False,high,Crossref type dissertation hosted on theses.fr thesis repository with a degree-completion title.,False,200,
https://openalex.org/W2788355119,https://doi.org/10.1109/icra.2018.8461123,https://doi.org/10.1109/icra.2018.8461123,preprint,conference-paper,True,high,Crossref type proceedings-article in IEEE ICRA proceedings with full page range 5042-5047.,False,420,
https://openalex.org/W4390744288,https://doi.org/10.34223/jic.2023.16.2.239,https://scholar.kyobobook.co.kr/article/detail/4010068295346,article,article,False,high,Crossref journal-article with full page range (239-261) reporting original empirical research analysis in a journal.,False,200,
https://openalex.org/W4386112594,https://doi.org/10.1061/jmcee7.mteng-15644,https://doi.org/10.1061/jmcee7.mteng-15644,article,article,False,high,dc.Type 'research-article' with 66 references in a journal confirms original research article.,False,403,
https://openalex.org/W4313360732,https://doi.org/10.3390/en16010395,https://doi.org/10.3390/en16010395,article,article,False,high,dc.type=Article in MDPI journal Energies with 61 references and abstract indicates an original research article.,False,403,
https://openalex.org/W2944990042,https://doi.org/10.1055/s-0039-1680965,https://www.thieme-connect.de/products/ejournals/abstract/10.1055/s-0039-1680965,article,conference-abstract,True,high,Page title 'Endoscopy / Abstract' with a citation_conference_title (JFHOD) and 0 references indicates an abstract-only meeting record.,False,200,
https://openalex.org/W3034034310,https://doi.org/10.18411/lj-04-2020-116,https://doicode.ru/doifile/lj/60/lj-04-2020-116.pdf,article,article,False,medium,Crossref journal-article with title reporting original content and a reachable PDF landing page.,False,200,
https://openalex.org/W4401548165,https://doi.org/10.3390/sym16081035,https://doi.org/10.3390/sym16081035,article,review,True,high,"dc.type meta tag explicitly states ""Review"", overriding the generic journal-article oa_type.",False,403,
https://openalex.org/W4408508506,https://doi.org/10.58837/chula.the.2013.235,https://doi.org/10.58837/chula.the.2013.235,dissertation,dissertation,False,high,"Crossref type and DC.type=""Thesis"" both identify this as a thesis.",False,,
https://openalex.org/W4404653482,https://doi.org/10.5109/7323340,https://catalog.lib.kyushu-u.ac.jp/opac_detail_md/?lang=1&amode=MD100000&bibid=7323340,article,conference-paper,True,high,Published in conference proceedings (IEICES) — a review delivered at a conference routes to conference-paper.,False,200,
https://openalex.org/W2023364641,https://doi.org/10.1586/erd.10.28,https://doi.org/10.1586/erd.10.28,review,review,False,medium,94 references and an 'update'/'contemporary imaging and future prospects' survey title in Expert Review journal indicate a literature review rather than original research.,False,403,
https://openalex.org/W4243884673,https://doi.org/10.1016/j.arcped.2008.10.014,https://linkinghub.elsevier.com/retrieve/pii/S0929693X08005149,article,other,True,low,"Title 'Bulletin Infovac-France' is a recurring informational vaccine bulletin (2 pages, no abstract, no refs), best fitting the news/miscellaneous catch-all.",False,200,
https://openalex.org/W1981083209,https://doi.org/10.4316/aece.2015.01011,https://www.aece.ro/abstractplus.php?year=2015&number=1&article=11,article,article,False,high,"dc.type.articletype 'papers' in a journal with full text, abstract, and references indicates an original research article.",False,200,
https://openalex.org/W4244652653,https://doi.org/10.1787/9789264302235-6-en,https://doi.org/10.1787/9789264302235-6-en,book-chapter,book-chapter,False,high,"Chapter with pages 49-68 within an OECD book volume, matching the book-chapter route.",False,403,
https://openalex.org/W4286462369,https://doi.org/10.1017/s1431927622002318,https://doi.org/10.1017/s1431927622002318,article,conference-abstract,True,high,Two-page entry in Microscopy and Microanalysis supplement volume 28/S1 with minimal references—a meeting abstract.,False,403,
https://openalex.org/W2298558945,https://doi.org/10.1007/s00340-016-6331-1,https://link.springer.com/article/10.1007/s00340-016-6331-1,article,article,False,high,"dc.type is OriginalPaper with 23 references in a journal, indicating original research article.",False,200,
https://openalex.org/W7162126330,https://doi.org/10.1115/1.4072038,https://doi.org/10.1115/1.4072038,article,article,False,high,"Crossref journal-article in Journal of Tribology with abstract, references, and original-research title.",False,403,
https://openalex.org/W2788291653,https://doi.org/10.1007/s42087-018-0008-8,https://link.springer.com/article/10.1007/s42087-018-0008-8,article,article,False,high,"dc.type ""OriginalPaper"" with 52 references in a journal indicates an original research article.",False,200,
https://openalex.org/W3197840117,https://doi.org/10.1080/01900692.2021.1973494,https://doi.org/10.1080/01900692.2021.1973494,article,article,False,high,dc.Type 'research-article' with 45 references in a journal confirms original research article.,False,403,
https://openalex.org/W4225885723,https://doi.org/10.1063/5.0081427,https://doi.org/10.1063/5.0081427,article,conference-paper,True,high,Crossref type proceedings-article in AIP Conference Proceedings routes to conference-paper.,False,403,
https://openalex.org/W2011702168,https://doi.org/10.1016/j.jadohealth.2010.11.114,https://linkinghub.elsevier.com/retrieve/pii/S1054139X10006312,article,conference-abstract,True,high,"Numbered single-page (S53) item with no abstract or references in a supplement, classic meeting-abstract pattern.",False,200,
https://openalex.org/W2098318797,https://doi.org/10.1109/icarcv.2008.4795601,https://doi.org/10.1109/icarcv.2008.4795601,article,conference-paper,True,high,Crossref type proceedings-article in an IEEE international conference proceedings.,False,420,
https://openalex.org/W7141321248,https://doi.org/10.64239/pi-vl3205,https://psychopharmacologyinstitute.com/section/treatment-resistant-ocd-augmentation-switching-and-comorbid-depression-2523-4889/,report,article,True,low,og:type 'article' on an educational psychopharmacology content page; no report-issuing institution signals despite Crossref 'report' label.,False,200,
https://openalex.org/W1922907718,https://doi.org/10.47749/t/unicamp.2014.926004,https://repositorio.unicamp.br/Busca/Download?codigoArquivo=483866,dissertation,dissertation,False,high,Crossref type and raw type both 'dissertation' with university repository landing page.,False,200,
https://openalex.org/W4381848193,https://doi.org/10.1016/j.dib.2023.109336,https://linkinghub.elsevier.com/retrieve/pii/S2352340923004547,article,data-paper,True,high,"Published in Data in Brief with a title describing a dataset, the canonical data-paper venue.",False,200,
https://openalex.org/W587230488,https://doi.org/10.1140/epjp/i2015-15109-2,https://link.springer.com/article/10.1140/epjp/i2015-15109-2,article,article,False,high,dc.type 'OriginalPaper' and journal-article with original research findings confirm a standard research article.,False,200,
https://openalex.org/W2796033497,https://doi.org/10.4414/smf.2017.02918,https://doi.org/10.4414/smf.2017.02918,article,editorial,True,low,"Short refless commentary piece in a 'und anderswo' section with a rhetorical title, fitting opinion/highlight editorial rather than original research.",False,,
https://openalex.org/W4396648116,https://doi.org/10.1504/ijict.2024.138449,https://www.inderscience.com/storage/f712439118110625.pdf,article,article,False,high,"Crossref journal-article with full page range (95-105) and abstract in a journal venue, landing page 200.",False,200,
https://openalex.org/W4238227793,https://doi.org/10.5694/mja16.01372,https://doi.org/10.5694/mja16.01372,letter,article,True,medium,"Title describes an original retrospective mortality study (research findings), making it a brief research report rather than reader correspondence despite the oa_type 'letter'.",False,403,
https://openalex.org/W4403350294,https://doi.org/10.1101/2024.10.10.616169,https://doi.org/10.1101/2024.10.10.616169,preprint,preprint,False,high,Crossref posted-content/preprint on bioRxiv repository venue.,False,403,
https://openalex.org/W4391322135,https://doi.org/10.3126/batuk.v10i1.62300,https://www.nepjol.info/index.php/batuk/article/view/62300,article,article,False,high,"Survey research paper in a journal with abstract, refs, and page range 93-106.",False,200,
https://openalex.org/W4205849907,https://doi.org/10.1109/icwt52862.2021.9678433,https://doi.org/10.1109/icwt52862.2021.9678433,article,conference-paper,True,high,Crossref type proceedings-article in an IEEE conference proceedings (ICWT).,False,420,
https://openalex.org/W4236735227,https://doi.org/10.5270/esa-vlbbrpc,http://esdcdoi.esac.esa.int/doi/html/data/astronomy/hst/11202.html,dataset,dataset,False,high,Crossref type dataset and ESA archive landing page titled 'Dataset provided by the European Space Agency'.,False,200,
https://openalex.org/W241201326,https://doi.org/10.1007/978-981-287-365-1_14,https://link.springer.com/10.1007/978-981-287-365-1_14,book-chapter,book-chapter,False,high,"Crossref type book-chapter with ISBN, page range 161-169, and Springer landing page resolving 200.",False,200,
https://openalex.org/W4404779249,https://doi.org/10.3917/rdl.008.0227,https://doi.org/10.3917/rdl.008.0227,article,article,False,high,"Crossref journal-article with full page range 227-243 in a scholarly journal, no book-review or other genre signals.",False,403,
https://openalex.org/W4391727092,https://doi.org/10.1007/978-3-031-17299-1_301346,https://link.springer.com/10.1007/978-3-031-17299-1_301346,book-chapter,reference-entry,True,high,"Container is 'Encyclopedia of Quality of Life and Well-Being Research', a reference work, with single-page entry and rwe URL.",False,200,
https://openalex.org/W3045092065,https://doi.org/10.1080/10255842.2020.1793331,https://doi.org/10.1080/10255842.2020.1793331,article,article,False,high,dc.Type is research-article in a journal with full pages and 50 references.,False,403,
https://openalex.org/W4243948142,https://doi.org/10.1088/1757-899x/704/1/011003,"https://validate.perfdrive.com/fb803c746e9148689b3984a31fccd902/?ssa=2bd515e6-90f2-4b59-8d56-fc0fe15c742b&ssb=37641236516&ssc=https%3A%2F%2Fiopscience.iop.org%2Farticle%2F10.1088%2F1757-899X%2F704%2F1%2F011003&ssi=f9d77198-cnvj-47f5-9c35-c3476b4339fb&ssk=botmanager_support@radware.com&ssm=80115463317378275102851537075605&ssn=6100f952a662ec5a62ec820efca1dcabda6c406c24b0-d4df-4508-a3cee9&sso=d86694ea-a67650cacd73c951d08ba018148f5bd0b60939d3a0aa0bfb&ssp=00916387541782709510178275968718779&ssq=46136287553477019746075534618315013910377&ssr=NzUuNDkuMTI1LjIwOQ==&sst=Mozilla/5.0%20(Macintosh;%20Intel%20Mac%20OS%20X%2010_15_7)%20AppleWebKit/537.36%20(KHTML,%20like%20Gecko)%20Chrome/124.0%20Safari/537.36&ssu=&ssv=&ssw=&ssx=eyJfX3V6bWYiOiI3ZjkwMDA0MDZjMjRiMC1kNGRmLTQ1MDgtYTRlYS1hNjc2NTBjYWNkNzMxLTE3ODI3NzU1MzQ4MTMwLTAwNDUxNzU5M2ZkNDk1OTQ4Y2MxMCIsInV6bXgiOiI3ZjkwMDBlZDM2ZTkwNi04ODAzLTRhMTktOGJkMS1jMWZhNGY3MmY3OWYxLTE3ODI3NzU1MzQ4MTMwLWQ3NGM2YmU3NmRiODE4MjkxMCIsInJkIjoiaW9wLm9yZyJ9",article,editorial,True,high,"Title 'Peer review statement' in an IOP conference proceedings is a standard editorial-style proceedings statement about the review process, not a formal referee report on a single work.",False,200,
https://openalex.org/W3089132126,https://doi.org/10.1109/tem.2020.3018782,https://doi.org/10.1109/tem.2020.3018782,article,article,False,high,Journal-article in IEEE Transactions with 48 references and full page range reporting original research.,False,420,
https://openalex.org/W4250587096,https://doi.org/10.4171/149-1/27,https://ems.press/books/ecr/197/3738,book-chapter,book-chapter,False,high,Crossref type book-chapter with ISBN and page range 600-656 in an EMS book volume.,False,200,
https://openalex.org/W1982391050,https://doi.org/10.3724/sp.j.1087.2010.00479,https://www.joca.cn/CN/abstract/abstract12647.shtml,article,article,False,high,Crossref journal-article with research title in a journal venue and live 200 landing page.,False,200,
https://openalex.org/W4401543030,https://doi.org/10.33142/ec.v5i12.7302,https://journals.viserdata.com/index.php/ec/article/view/7302,article,article,False,high,"articleType ""论文"" (research paper) in a journal with abstract indicates an original research article.",False,200,
https://openalex.org/W2750039915,https://doi.org/10.1093/oxfordhb/9780199686476.013.49,https://doi.org/10.1093/oxfordhb/9780199686476.013.49,book,book-chapter,True,high,"DOI/container indicate a single chapter (.013.49) within an Oxford Handbook, not the whole book.",False,403,
https://openalex.org/W4250452696,https://doi.org/10.1163/ej.9789028614925.363-467.8,https://referenceworks.brill.com/display/db/haco,book-chapter,paratext,True,high,"Title ""Table des matières"" (table of contents) is structural packaging material, not content.",False,200,
https://openalex.org/W2309716105,https://doi.org/10.1177/0001699315623200,https://doi.org/10.1177/0001699315623200,article,book-review,True,high,"dc.Type meta is ""book-review"" and title says ""Book Review"" of a single book.",False,403,
https://openalex.org/W4407163541,https://doi.org/10.1007/978-3-031-24952-5_25-1,https://link.springer.com/10.1007/978-3-031-24952-5_25-1,book-chapter,reference-entry,True,medium,URL path '/rwe/' and 'Palgrave Handbook' container indicate a reference-work entry rather than an ordinary chapter.,False,200,
https://openalex.org/W3111104686,https://doi.org/10.5089/9781513561615.001,https://www.elibrary.imf.org/view/journals/001/2020/279/001.2020.issue-279-en.xml,article,report,True,high,"Container 'IMF Working Papers' identifies this as an institutional working paper, not a journal article.",False,200,
https://openalex.org/W2977965380,https://doi.org/10.1587/transinf.2018edp7383,https://www.jstage.jst.go.jp/article/transinf/E102.D/10/E102.D_2018EDP7383/_article,article,article,False,high,Journal research paper with 51 references and full page range in IEICE Transactions on Information and Systems.,False,200,
https://openalex.org/W2166206100,https://doi.org/10.5120/14003-2048,https://research.ijcaonline.org/volume81/number4/pxc3892048.pdf,article,article,False,high,"Crossref journal-article with abstract, 14 references, and multi-page range in a journal.",False,200,
https://openalex.org/W4243405356,https://doi.org/10.1142/9789813239746_0003,https://doi.org/10.1142/9789813239746_0003,book-chapter,book-chapter,False,high,"Crossref type book-chapter with page range 33-82 in a multi-volume work, despite ""Encyclopedia"" container the substantial chapter is a section not a single reference entry.",False,403,
https://openalex.org/W3153180278,https://doi.org/10.1097/jpo.0000000000000369,https://journals.lww.com/jpojournal/abstract/2021/10000/hydraulic__and_microprocessor_controlled.7.aspx,article,article,False,high,"Journal pilot study with abstract, 51 refs, multi-page in a research journal indicates original research article.",False,200,
https://openalex.org/W4394589494,https://doi.org/10.4322/rae.v13e201806.en,https://doi.org/10.4322/rae.v13e201806.en,article,article,False,high,Crossref journal-article with full page range (113-136) and abstract in a journal venue indicates an original research article.,False,,
https://openalex.org/W2795746129,https://doi.org/10.1007/s12665-018-7454-y,https://link.springer.com/article/10.1007/s12665-018-7454-y,article,article,False,high,dc.type=OriginalPaper with 33 references in a journal indicates an original research article.,False,200,
https://openalex.org/W3016281386,https://doi.org/10.1016/j.jelectrocard.2020.04.010,https://linkinghub.elsevier.com/retrieve/pii/S0022073620302119,article,article,False,high,Journal research paper with multi-page span and references in Journal of Electrocardiology.,False,200,
https://openalex.org/W3183313112,https://doi.org/10.1007/978-3-030-69929-1_9,https://link.springer.com/10.1007/978-3-030-69929-1_9,book-chapter,book-chapter,False,high,Crossref type book-chapter with citation_inbook_title and ISBN container confirm a chapter within an edited volume.,False,200,
https://openalex.org/W3065439320,https://doi.org/10.1109/tap.2020.3016483,https://doi.org/10.1109/tap.2020.3016483,article,article,False,high,Crossref journal-article in IEEE Transactions with full page range 1260-1272 and 41 references indicates original research article.,False,420,
https://openalex.org/W2057581854,https://doi.org/10.1016/j.msard.2013.06.001,https://linkinghub.elsevier.com/retrieve/pii/S2211034813000539,editorial,editorial,False,medium,"Short 2-page opinion piece with 0 references on a broad MS topic, consistent with an editorial.",False,200,
https://openalex.org/W4382933160,https://doi.org/10.1016/j.fertnstert.2023.05.129,https://linkinghub.elsevier.com/retrieve/pii/S0015028223005009,article,conference-abstract,True,high,"Zero references, no abstract, and an 'e69-e70' supplement-style page range in Fertility and Sterility mark this as an ASRM meeting abstract.",False,200,
https://openalex.org/W4407909335,https://doi.org/10.30525/978-9934-26-522-8-35,http://baltijapublishing.lv/omp/index.php/bp/catalog/view/560/15080/31710-1,book-chapter,book-chapter,False,high,"Crossref type book-chapter within an ISBN volume, page range 194-218.",False,200,
https://openalex.org/W65367427,https://doi.org/10.1007/978-90-481-9550-3_7,https://link.springer.com/10.1007/978-90-481-9550-3_7,book-chapter,book-chapter,False,high,Crossref type book-chapter with ISBN and inbook_title within an edited volume.,False,200,
https://openalex.org/W4404150716,https://doi.org/10.18686/neet.v2i3.4179,https://ojs.scineer-pub.com/index.php/NEET/article/view/4179,article,article,False,high,"DC.Type.articleType is 'Articles' in a journal, matching a standard research article.",False,200,
https://openalex.org/W4254624256,https://doi.org/10.1108/s0163-2396(2013)0000041001,https://doi.org/10.1108/s0163-2396%282013%290000041001,book-chapter,paratext,True,high,"Title 'List of Contributors' on a single front-matter page (ix) is packaging material, not content.",False,403,
https://openalex.org/W2614371926,https://doi.org/10.1186/s40814-017-0142-y,https://link.springer.com/article/10.1186/s40814-017-0142-y,article,article,False,high,Study protocol published as OriginalPaper with 31 references in a journal—a full research-article genre.,False,200,
https://openalex.org/W4243840543,https://doi.org/10.2307/j.ctvqsdq2j.6,https://chooser.crossref.org/?doi=10.2307%2Fj.ctvqsdq2j.6,book-chapter,book-chapter,False,high,Crossref type book-chapter with page range 33-58 in book container 'Watchwords' (ISBN present).,False,200,
https://openalex.org/W7127580145,https://doi.org/10.5040/9798216457558.0005,https://www.bloomsburycollections.com/monograph-detail?docid=b-9798216457558&tocid=b-9798216457558-0001749,other,book-chapter,True,high,Conclusion section with page range 157-164 in an ISBN-bearing monograph (Bloomsbury Collections).,False,200,
https://openalex.org/W7154753026,https://doi.org/10.2139/ssrn.6595448,https://doi.org/10.2139/ssrn.6595448,preprint,preprint,False,high,Crossref posted-content/preprint on SSRN repository venue.,False,403,
https://openalex.org/W4387527800,https://doi.org/10.57235/ijedr.v1i2.1220,https://rayyanjurnal.com/index.php/IJEDR/article/view/1220,article,article,False,high,DC.Type.articleType 'Articles' with full pages 59-74 and 18 refs in a journal indicates an original research article.,False,200,
https://openalex.org/W2900231524,https://doi.org/10.4314/ijbcs.v12i3.17,https://www.ajol.info/index.php/ijbcs/article/view/179381,article,article,False,high,DC.Type.articleType 'Articles' with abstract and 15 references in a research journal indicates an original research article.,False,200,
https://openalex.org/W4392420333,https://doi.org/10.55606/jurrike.v1i2.2656,https://prin.or.id/index.php/JURRIKE/article/view/2656,article,article,False,high,Research paper on breastfeeding practice in a medical journal with article-type 'Articles' and multi-page range 219-224.,False,200,
https://openalex.org/W4408404118,https://doi.org/10.1007/978-3-031-83764-7_3,https://link.springer.com/10.1007/978-3-031-83764-7_3,book-chapter,book-chapter,False,high,Crossref type book-chapter with inbook_title 'Reflexive Emotions' and page range 11-27 confirms a chapter within a book.,False,200,
https://openalex.org/W4413607614,https://doi.org/10.64628/aak.3wt3aepmy,https://theconversation.com/kate-middleton-suit-une-chimiotherapie-preventive-contre-le-cancer-quest-ce-que-cela-veut-dire-226527,preprint,other,True,medium,"The Conversation popular-news explainer piece (cr_subtype 'other'), a journalistic news item rather than scholarship.",False,200,
https://openalex.org/W4391683255,https://doi.org/10.5772/intechopen.1004038,https://www.intechopen.com/chapters/1167172,book-chapter,book-chapter,False,high,Crossref type book-chapter within an ISBN-bearing IntechOpen edited volume.,False,200,
https://openalex.org/W4312093295,https://doi.org/10.1002/suco.202200309,https://doi.org/10.1002/suco.202200309,article,article,False,high,Original research with 38 refs in a journal; cr_type journal-article confirms article.,False,403,
https://openalex.org/W2911524265,https://doi.org/10.14738/assrj.61.5955,https://scholarpublishing.org/journals/index.php/ASSRJ/article/view/3426,article,article,False,high,"DC.Type.articleType=Articles, journal-article with abstract and multi-page research content.",False,200,
https://openalex.org/W3047538346,https://doi.org/10.7176/jlll/70-06,https://iiste.org/Journals/index.php/JLLL/article/view/53433,article,article,False,high,"DC.Type.articleType is ""Articles"" with refs in a journal, indicating an original research article.",False,200,
https://openalex.org/W2976009593,https://doi.org/10.1117/12.2536707,https://www.spiedigitallibrary.org/conference-proceedings-of-spie/11147/2536707/Impact-of-EUV-multilayer-mask-defects-on-imaging-performance-and/10.1117/12.2536707.full,article,conference-paper,True,high,Crossref type proceedings-article in SPIE conference proceedings volume.,False,200,
https://openalex.org/W4256701425,https://doi.org/10.20427/turkiyat.478383,https://dergipark.org.tr/tr/pub/turkiyat/article/478383,article,article,False,high,DC.Type.articleType 'Makaleler' (article) with multi-page research content in a journal.,False,200,
https://openalex.org/W4387906558,https://doi.org/10.1038/s41467-023-42543-5,https://www.nature.com/articles/s41467-023-42543-5,article,article,False,high,dc.type=OriginalPaper in Nature Communications confirms original research article.,False,200,
https://openalex.org/W113080884,https://doi.org/10.1007/978-3-540-79531-5_9,https://link.springer.com/10.1007/978-3-540-79531-5_9,book-chapter,book-chapter,False,high,Crossref type book-chapter with container 'Abfallwirtschaft' and citation_inbook_title confirm a chapter within a book.,False,200,
https://openalex.org/W4297825469,https://doi.org/10.25236/ajee.2022.040410,https://francis-press.com/papers/6900,article,article,False,high,Crossref journal-article in a journal with abstract and reachable landing page (200).,False,200,
https://openalex.org/W3025409321,https://doi.org/10.1016/j.carpath.2020.107226,https://linkinghub.elsevier.com/retrieve/pii/S1054880720300302,review,article,True,high,"Title ""A case of surgically resected..."" is a case report presented as a full journal article with 46 references, not a literature review.",False,200,
https://openalex.org/W4205455370,https://doi.org/10.1080/19434472.2021.2013291,https://doi.org/10.1080/19434472.2021.2013291,article,article,False,high,dc.Type 'research-article' with 52 refs and abstract in a journal confirms original research article.,False,403,
https://openalex.org/W2941437643,https://doi.org/10.24144/2409-6857.2019.1(53).154-162,http://visnyk-ekon.uzhnu.edu.ua/article/view/164645,article,article,False,high,Journal research article with abstract and references; DC.Type Text.Serial.Journal confirms standard article.,False,200,
https://openalex.org/W1967595807,https://doi.org/10.1002/j.2161-4296.2011.tb02588.x,https://doi.org/10.1002/j.2161-4296.2011.tb02588.x,article,article,False,high,"Crossref journal-article with full pages (305-321), abstract, and 25 references in a research journal.",False,403,
https://openalex.org/W7127962734,https://doi.org/10.1007/978-3-032-15410-1_11,https://link.springer.com/10.1007/978-3-032-15410-1_11,book-chapter,conference-paper,True,high,citation_conference_title 'International Conference on Data Science and Applications' (ICDSA) marks this LNNS chapter as a proceedings paper.,False,200,
https://openalex.org/W135255821,https://doi.org/10.18488/journal.29/2014.1.4/29.4.24.29,https://archive.conscientiabeam.com/index.php/29/article/view/1584,article,article,False,high,"DC.Type.articleType 'Articles' with abstract, references, and journal page range confirms a research article.",False,200,
https://openalex.org/W2141796510,https://doi.org/10.1109/robot.2007.363635,https://doi.org/10.1109/robot.2007.363635,article,conference-paper,True,high,Crossref type proceedings-article in IEEE ICRA conference proceedings.,False,420,
https://openalex.org/W4405368134,https://doi.org/10.34192/cienciaysalud.v8i4.802,https://doi.org/10.34192/cienciaysalud.v8i4.802,article,review,True,high,Title explicitly says 'revisión bibliográfica' (literature review surveying existing research).,False,,
https://openalex.org/W2509803166,https://doi.org/10.4134/bkms.b150609,https://doi.org/10.4134/bkms.b150609,article,article,False,high,"Crossref journal-article with full pages (1213-1235), abstract, and 17 references in a mathematics journal indicates an original research article.",False,,
https://openalex.org/W4283518874,https://doi.org/10.37411/sjem.v2i1.1149,https://ejournal-fip-ung.ac.id/ojs/index.php/SJEM/article/view/1149,article,article,False,high,DC.Type.articleType 'Articles' and journal-article with abstract and page range confirm a research article.,False,200,
https://openalex.org/W3214617361,https://doi.org/10.1103/physrevd.104.094015,https://doi.org/10.1103/physrevd.104.094015,article,article,False,high,Original research paper in Physical Review D with abstract and 74 references.,False,403,
https://openalex.org/W2019433340,https://doi.org/10.1007/s11102-014-0559-8,https://link.springer.com/article/10.1007/s11102-014-0559-8,article,review,True,high,"Springer dc.type meta tag is ""ReviewPaper"" and the title/58 refs indicate a literature survey.",False,200,
https://openalex.org/W4382133598,https://doi.org/10.14296/ac.v4i3.5632,https://journals.sas.ac.uk/amicus/article/view/5632,article,paratext,True,high,"articleType 'Call for Papers' and title 'Call for Proposals' is packaging/announcement front-matter, not scholarship.",False,200,
https://openalex.org/W2510920947,https://doi.org/10.1007/s10043-016-0264-0,https://link.springer.com/article/10.1007/s10043-016-0264-0,article,article,False,high,dc.type 'OriginalPaper' in a journal with page range confirms original research article.,False,200,
https://openalex.org/W4249304724,https://doi.org/10.1055/s-0040-1710765,https://www.thieme-connect.de/products/ejournals/abstract/10.1055/s-0040-1710765,article,other,True,low,"Court-ruling notice (LG Hamburg) in a professional trade magazine rather than original research, fitting the catch-all type.",False,200,
https://openalex.org/W419264102,https://doi.org/10.2174/978160805218911101010001,https://doi.org/10.2174/978160805218911101010001,book-chapter,book-chapter,False,high,"Crossref type book-chapter within an edited volume container, page range 1-25.",False,403,
https://openalex.org/W4241657796,https://doi.org/10.4018/9781599041322.ch013,https://doi.org/10.4018/9781599041322.ch013,book-chapter,book-chapter,False,high,"Crossref type book-chapter and DC.type ""chapter"" within an ISBN volume confirm a book chapter.",False,429,
https://openalex.org/W3129018989,https://doi.org/10.1145/3443467.3443842,https://doi.org/10.1145/3443467.3443842,article,conference-paper,True,high,Crossref type is proceedings-article in a conference proceedings venue.,False,403,
https://openalex.org/W3141644235,https://doi.org/10.1136/archdischild-2020-321338,https://doi.org/10.1136/archdischild-2020-321338,article,article,False,high,"Journal article ('Fifteen-minute consultation' clinical review-style paper) with full text, pages 169-174 and 16 references in a journal venue.",False,403,
https://openalex.org/W2959350444,https://doi.org/10.1007/s40430-019-1823-7,https://link.springer.com/article/10.1007/s40430-019-1823-7,article,article,False,high,dc.type=OriginalPaper in a journal with original research content confirms a research article.,False,200,
https://openalex.org/W4313021405,https://doi.org/10.5040/9780755640928.ch-005,https://www.bloomsburycollections.com/monograph-detail?docid=b-9780755640928&tocid=b-9780755640928-chapter5,book-chapter,book-chapter,False,high,Crossref type book-chapter with chapter DOI within a book container and ISBN.,False,200,
https://openalex.org/W4211174646,https://doi.org/10.1201/b20423-5,https://doi.org/10.1201/b20423-5,book-chapter,book-chapter,False,high,Crossref type book-chapter with ISBN and page range 179-314; landing page title is 'Page not found' with lp_reachable false.,True,,
https://openalex.org/W4410839419,https://doi.org/10.1016/j.labinv.2025.104201,https://linkinghub.elsevier.com/retrieve/pii/S0023683725001114,article,article,False,high,Crossref journal-article with 68 references reporting original research in Laboratory Investigation; page reachable (200).,False,200,
https://openalex.org/W2020852658,https://doi.org/10.1016/j.urology.2010.06.041,https://linkinghub.elsevier.com/retrieve/pii/S0090429510008964,article,article,False,high,Original research study in journal Urology with 28 references and og:type Article.,False,200,
https://openalex.org/W4236946165,https://doi.org/10.4324/9780203106440-12,https://doi.org/10.4324/9780203106440-12,book-chapter,book-chapter,False,high,Crossref book-chapter with page range in an ISBN volume; landing page returns 404 'Page not found'.,True,404,
https://openalex.org/W4224021639,https://doi.org/10.14393/repod-v11n2a2022-63096,https://seer.ufu.br/index.php/revistaeducaopoliticas/article/view/63096,article,article,False,high,"Journal research article with abstract and full pages (591-611) in a journal venue, DC.Type=Texto.",False,200,
https://openalex.org/W4251337524,https://doi.org/10.1080/13693780903170886,https://taylorandfrancis.com/,review,article,True,high,"Title describes a clinical case report presented as a full paper with a brief review, fitting article rather than a survey-style review.",False,200,
https://openalex.org/W4414414809,https://doi.org/10.4324/9781003662730-3,https://www.taylorfrancis.com/chapters/oa-mono/10.4324/9781003662730-3/need-transformational-leaders-transformational-pawe%C5%82-poszytek,book-chapter,book-chapter,False,high,Crossref type book-chapter with page range 49-66 in an ISBN book container.,False,200,
https://openalex.org/W4254787104,https://doi.org/10.1007/978-3-662-54089-3_2719,https://idp.springer.com/authorize?client_id=smat&redirect_uri=https%3A%2F%2Fmaterials.springer.com%2Flb%2Fdocs%2Fsm_lbs_978-3-662-54089-3_2719&response_type=cookie,book-chapter,reference-entry,True,high,"Single-page SpringerMaterials Landolt-Börnstein data entry within a reference work, characteristic of a reference-entry not a regular chapter.",False,200,
https://openalex.org/W1959702274,https://doi.org/10.69871/x4xff903,https://zwingliana.ch/article/view/8152,article,book-review,True,high,"articleType meta is ""Buchbesprechungen"" (book reviews) and title is a book citation with author/place/year.",False,200,
https://openalex.org/W2238498738,https://doi.org/10.1007/s13369-015-1843-2,https://link.springer.com/article/10.1007/s13369-015-1843-2,article,article,False,high,"dc.type=OriginalPaper with full research content, references, and journal venue.",False,200,
https://openalex.org/W4235112460,https://doi.org/10.2305/iucn.uk.2016-1.rlts.t7999a61472460.en,https://www.iucnredlist.org/species/7999/61472460,dataset,dataset,False,high,Crossref type 'dataset' from IUCN Red List repository assessment record.,False,200,
https://openalex.org/W2108729668,https://doi.org/10.1109/fie.2006.322696,https://doi.org/10.1109/fie.2006.322696,article,conference-paper,True,high,Crossref type proceedings-article in FIE 36th Annual Conference proceedings.,False,420,
https://openalex.org/W4392159849,https://doi.org/10.5771/9781538153819-37,https://www.inlibra.com/de/document/view/detail/uuid/ff33e80e-8b57-3061-8823-e36fc4b9178b,book-chapter,book-chapter,False,high,Crossref book-chapter with page range 37-50 within ISBN book 'Modern Political Campaigns'.,False,200,
https://openalex.org/W856097655,https://doi.org/10.1007/978-3-319-15862-4_5,https://link.springer.com/10.1007/978-3-319-15862-4_5,book-chapter,book-chapter,False,high,Crossref type book-chapter with citation_inbook_title and ISBN confirms a chapter in an edited volume.,False,200,
https://openalex.org/W2016988607,https://doi.org/10.1002/pola.27393,https://doi.org/10.1002/pola.27393,article,article,False,high,Journal research paper with 37 references and full page range (3316-3323) reporting original synthesis/catalysis work.,False,403,
https://openalex.org/W2891119297,https://doi.org/10.14436/2358-2545.8.3.055-060.oar,https://dpendodontics.com/artigo/399/Endodontics-2018-v08n3/5699,article,article,False,high,Crossref journal-article with full page range (55-60) in a dental research journal indicates an original research article.,False,200,
https://openalex.org/W4285330879,https://doi.org/10.33603/e.v8i2,https://jurnal.ugj.ac.id/index.php/Euclid/issue/view/421,paratext,paratext,False,high,"Crossref type journal-issue with page title 'Vol 8, No 2 (2021)' is a whole-issue packaging record.",False,200,
https://openalex.org/W4232073136,https://doi.org/10.5771/0170-5067-2021-4-10,https://www.inlibra.com/de/document/view/detail/uuid/5aae5538-0aef-3f0f-8ba0-d070f8e31f02,article,other,True,low,"The work is a reprinted court judgment (BVerwG Urteil) in a legal journal, not original scholarly research, fitting the catch-all type.",False,200,
https://openalex.org/W4385582302,https://doi.org/10.32388/l3xwf5,https://www.qeios.com/read/L3XWF5,peer-review,peer-review,False,high,"Crossref type peer-review and Qeios title 'Review of: ""..."" - Review by Parijat Pandey' identify a formal open-review artifact on one target work.",False,200,
https://openalex.org/W4231783277,https://doi.org/10.1037/e502412013-348,https://doi.apa.org/doi/10.1037/e502412013-348,dataset,conference-abstract,True,low,"PsycEXTRA grey-literature record with research title but no abstract/refs, typical of an APA convention poster abstract miscoded as dataset.",False,200,
https://openalex.org/W1993185333,https://doi.org/10.1073/pnas.1216959110,https://doi.org/10.1073/pnas.1216959110,article,article,False,high,"Crossref journal-article in PNAS with full page range, abstract, and 39 references reporting original research.",False,403,
https://openalex.org/W4205694559,https://doi.org/10.1109/iccca52192.2021.9666332,https://doi.org/10.1109/iccca52192.2021.9666332,article,conference-paper,True,high,Crossref proceedings-article in an IEEE conference proceedings with full pages 646-649.,False,420,
https://openalex.org/W4410024298,https://doi.org/10.1007/978-3-031-58351-3_420,https://link.springer.com/10.1007/978-3-031-58351-3_420,book-chapter,reference-entry,True,high,"URL path is /referenceworkentry/ within the reference work 'Sports Injuries', marking it an entry in a reference work.",False,200,
https://openalex.org/W2765210932,https://doi.org/10.1186/s13660-017-1544-3,https://link.springer.com/article/10.1186/s13660-017-1544-3,article,article,False,high,dc.type=OriginalPaper with 12 references in a research journal indicates an original research article.,False,200,
https://openalex.org/W2330632518,https://doi.org/10.5136/lifesupport.20.supplement_179,https://www.jstage.jst.go.jp/article/lifesupport1996/20/Supplement/20_Supplement_179/_article,article,conference-abstract,True,high,Single-page (179-179) supplement record with zero references signals an abstract-only meeting record.,False,200,
https://openalex.org/W2980014251,https://doi.org/10.15255/kui.2019.035,http://silverstripe.fkit.hr/kui/arhiva-brojeva/article/707,article,article,False,high,"Crossref journal-article with multi-page range (427-436), abstract, and 54 references in a chemistry journal indicates original research article.",False,200,
https://openalex.org/W3011407218,https://doi.org/10.1016/j.marpol.2020.103939,https://linkinghub.elsevier.com/retrieve/pii/S0308597X18306377,article,article,False,high,"Journal-article with 51 references in Marine Policy, a case-study research paper.",False,200,
https://openalex.org/W2020113341,https://doi.org/10.1007/bf02579003,https://link.springer.com/article/10.1007/BF02579003,article,article,False,high,"dc.type ""OriginalPaper"" in a journal with full page range and references indicates an original research article.",False,200,
https://openalex.org/W4285155566,https://doi.org/10.1051/alr/2022007,https://doi.org/10.1051/alr/2022007,article,article,False,high,Journal research article in Aquatic Living Resources with abstract and 61 references describing original feeding experiment.,False,,
https://openalex.org/W4405303717,https://doi.org/10.14393/reg-v14-n26-2023-76330,https://seer.ufu.br/index.php/revistadeensinodegeografia/article/view/76330,article,article,False,high,Journal-article in a geography teaching journal with full text and abstract; 'Relato de experiência' is a full experience-report article.,False,200,
https://openalex.org/W4410251716,https://doi.org/10.2139/ssrn.5249329,https://doi.org/10.2139/ssrn.5249329,preprint,preprint,False,high,SSRN posted-content with Crossref subtype preprint.,False,403,
https://openalex.org/W4411480686,https://doi.org/10.2307/jj.30297481.3,https://doi.org/10.2307/jj.30297481.3,book-chapter,book-chapter,False,high,"A foreword (front matter chapter) within a book, typed book-chapter by Crossref with roman-numeral pages vii-x.",False,403,
https://openalex.org/W4246624779,https://doi.org/10.13109/9783666491627.15,https://doi.org/10.13109/9783666491627.15,book-chapter,book-chapter,False,high,"Crossref type book-chapter with ISBN, page range 15-31, and og:type Chapter.",False,403,
https://openalex.org/W4292572517,https://doi.org/10.1016/j.jcmg.2022.06.021,https://linkinghub.elsevier.com/retrieve/pii/S1936878X22004168,letter,letter,False,medium,"Short correspondence (5 refs, 3 pages) in a journal's letter section about previously published material, consistent with letter type.",False,200,
https://openalex.org/W4248928656,https://doi.org/10.3390/books978-3-03943-037-6,https://doi.org/10.3390/books978-3-03943-037-6,book,book,False,high,Crossref type edited-book with ISBN and MDPI Books landing page confirms a whole edited volume.,False,403,
https://openalex.org/W4407854493,https://doi.org/10.60004/komunita.v4i1.143,https://journal.pelitanusa.or.id/index.php/komunita/article/view/143,article,article,False,high,Journal-article with multi-page range and DC.Type.articleType 'Articles' in a community-service journal; reachable landing page.,False,200,
https://openalex.org/W2027289461,https://doi.org/10.1016/j.jaci.2005.12.770,https://linkinghub.elsevier.com/retrieve/pii/S0091674905034925,article,conference-abstract,True,high,Single supplement page (S195) with 0 references in a JACI meeting-abstract supplement indicates an abstract-only record.,False,200,
https://openalex.org/W4407992536,https://doi.org/10.4102/aosis.2024.bk465.02,https://books.aosis.co.za/index.php/ob/catalog/book/465,book-chapter,book-chapter,False,high,Crossref type book-chapter with page range 13-24 within an ISBN book volume.,False,200,
https://openalex.org/W4390968345,https://doi.org/10.1016/b978-0-443-13231-5.00018-0,https://linkinghub.elsevier.com/retrieve/pii/B9780443132315000180,book-chapter,book-chapter,False,high,"Crossref type book-chapter with ISBN, container 'Cyanobacteria', and citation_inbook_title metadata confirm a chapter in an edited book.",False,200,
https://openalex.org/W1917419250,https://doi.org/10.29333/ejgm/82677,https://www.ejgm.co.uk/article/antibacterial-spectrum-of-umckaloabo-pelargonium-sidoides-on-upper-airway-infection-agents-6732,article,article,False,high,"Original research journal-article with abstract, references, and page range in a medical journal.",False,200,
https://openalex.org/W2577629344,https://doi.org/10.22377/ijgp.v10i04.780,http://www.greenpharmacy.info/index.php/ijgp/article/view/780,paratext,article,True,high,"DC.Type.articleType is 'Original Article' and citation_title is a research study, overriding the mislabeled journal-issue type.",False,200,
https://openalex.org/W4405197911,https://doi.org/10.54760/001c.127145,https://www.journalofglobalindigeneity.com/article/127145-the-colonial-affliction,article,article,False,medium,Crossref journal-article in a scholarly journal with a working landing page and no signals of another genre.,False,200,
https://openalex.org/W4288720577,https://doi.org/10.3390/mi13081195,https://doi.org/10.3390/mi13081195,article,article,False,high,"dc.type 'Article' with 39 references in a research journal, original research paper.",False,403,
https://openalex.org/W2802159432,https://doi.org/10.1007/s12666-018-1326-8,https://link.springer.com/article/10.1007/s12666-018-1326-8,article,article,False,high,dc.type OriginalPaper in a journal with 16 references indicates an original research article.,False,200,
https://openalex.org/W4248407429,https://doi.org/10.1007/springerreference_109260,https://doi.org/10.1007/springerreference_109260,reference-entry,reference-entry,False,high,"Crossref type reference-entry in SpringerReference work titled 'Renal Failure, Chronic' is an encyclopedia entry.",False,,
https://openalex.org/W4205161725,https://doi.org/10.1002/ajpa.24348,https://doi.org/10.1002/ajpa.24348,article,paratext,True,high,"Title 'Cover & Editorial Board' is structural packaging/front-matter, not content.",False,403,
https://openalex.org/W1630766697,https://doi.org/10.3136/fstr.21.583,https://www.jstage.jst.go.jp/article/fstr/21/4/21_583/_article,article,article,False,high,Original research journal article with abstract and 37 references in Food Science and Technology Research.,False,200,
https://openalex.org/W4231537030,https://doi.org/10.18356/a4708239-en-fr,https://www.un-ilibrary.org/content/books/9789210562140s010-c002,book-chapter,book-chapter,False,high,"Crossref book-chapter within a book container with ISBN, single-page country entry in Energy Balances volume.",False,200,
https://openalex.org/W3003355204,https://doi.org/10.1142/s0218126620501947,https://doi.org/10.1142/s0218126620501947,article,article,False,high,Crossref journal-article with abstract and 26 references in a research journal; 403 is a bot-block not a dead page.,False,403,
https://openalex.org/W4415952984,https://doi.org/10.1051/epjconf/202533810007,https://doi.org/10.1051/epjconf/202533810007,article,conference-paper,True,high,"Published in EPJ Web of Conferences (ANIMMA proceedings), a conference-proceedings venue.",False,503,
https://openalex.org/W4410151888,https://doi.org/10.1371/journal.pone.0323264,https://journals.plos.org/plosone/article?id=10.1371/journal.pone.0323264,article,article,False,high,"Original cross-sectional research with 45 references in PLOS ONE, a journal-article type.",False,200,
https://openalex.org/W4312573085,https://doi.org/10.1079/cabicompendium.64707,https://doi.org/10.1079/cabicompendium.64707,dataset,reference-entry,True,medium,"A single species datasheet within the CABI Compendium reference work is an entry in a reference work, not a true dataset.",False,403,
https://openalex.org/W2963288595,https://doi.org/10.1113/jp278528,https://doi.org/10.1113/jp278528,letter,editorial,True,low,"Short two-page commentary piece on a broad topic with few references in J Physiol, fitting editorial/commentary rather than reader correspondence.",False,403,
https://openalex.org/W4372313964,https://doi.org/10.1016/j.scienta.2023.112122,https://linkinghub.elsevier.com/retrieve/pii/S0304423823002935,article,article,False,high,"Original research with 61 references in a journal (Scientia Horticulturae), Crossref journal-article.",False,200,
https://openalex.org/W4243202092,https://doi.org/10.1007/978-3-642-38454-7_1,https://link.springer.com/10.1007/978-3-642-38454-7_1,book-chapter,book-chapter,False,high,"Crossref book-chapter with inbook_title and ISBN, titled 'I. Introduction' on Springer.",False,200,
https://openalex.org/W4394952147,https://doi.org/10.21741/9781644903131-269,https://mrforum.com/product/9781644903131-269/,article,conference-paper,True,high,Crossref type proceedings-article in Materials Research Proceedings with full page range.,False,200,
https://openalex.org/W4240274673,https://doi.org/10.1201/b12150-6,https://www.taylorfrancis.com/chapters/mono/10.1201/b12150-6/emergency-planning-response-louis-theodore-ryan-dupont,book-chapter,book-chapter,False,high,Crossref book-chapter with ISBN container and chapter page range 117-149 confirms a chapter within a book.,False,200,
https://openalex.org/W4385232948,https://doi.org/10.1163/9789004412569_hrla-c01329,https://doi.org/10.1163/9789004412569_hrla-c01329,dataset,other,True,low,"A digitized historical primary-source item in Brill's online collection (mislabeled 'dataset'), best treated as a miscellaneous catch-all record.",False,403,
https://openalex.org/W2903709173,https://doi.org/10.15171/jnp.2019.03,https://doi.org/10.15171/jnp.2019.03,article,article,False,high,"DC.Type.articleType is ""Original Article"" with 23 references and an abstract, indicating original research.",False,,
https://openalex.org/W2900455528,https://doi.org/10.30853/filnauki.2018-11-2.23,https://philology-journal.ru/en/article/phil20182123/fulltext,article,article,False,high,"Journal-article in a philology journal with abstract, references, and multi-page range (321-325).",False,200,
https://openalex.org/W4407763748,https://doi.org/10.1063/5.0240898,https://doi.org/10.1063/5.0240898,article,conference-paper,True,high,Crossref type proceedings-article in AIP Conference Proceedings routes to conference-paper.,False,403,
https://openalex.org/W4224936467,https://doi.org/10.1109/icscds53736.2022.9760966,https://doi.org/10.1109/icscds53736.2022.9760966,article,conference-paper,True,high,Crossref proceedings-article in an IEEE conference proceedings venue (ICSCDS 2022).,False,420,
https://openalex.org/W1977052879,https://doi.org/10.1179/1476830514y.0000000150,https://doi.org/10.1179/1476830514y.0000000150,article,article,False,high,dc.Type 'research-article' with 50 refs and abstract in a journal confirms original research article.,False,403,
https://openalex.org/W2333136507,https://doi.org/10.1049/cp.2013.2015,https://chooser.crossref.org/?doi=10.1049%2Fcp.2013.2015,article,conference-paper,True,high,Crossref type proceedings-article in an IET conference proceedings volume.,False,200,
https://openalex.org/W2514458846,https://doi.org/10.1093/med/9780198747925.003.0027,https://doi.org/10.1093/med/9780198747925.003.0027,book-chapter,book-chapter,False,high,Crossref type book-chapter and og:type=chapter within the Oxford Handbook of Medical Dermatology.,False,403,
https://openalex.org/W3024640476,https://doi.org/10.1016/j.celrep.2020.107638,https://linkinghub.elsevier.com/retrieve/pii/S221112472030591X,article,article,False,high,"Original research paper in Cell Reports with abstract and 78 references, og:type Article.",False,200,
https://openalex.org/W7161594149,https://doi.org/10.35901/kjcl.2026.32.1.223,https://scholar.kyobobook.co.kr/article/detail/4010072047007,article,article,False,high,"Journal article in a constitutional law journal with full page range (223-264), despite focusing on a court decision.",False,200,
https://openalex.org/W4313525843,https://doi.org/10.1109/bibm55620.2022.9995256,https://doi.org/10.1109/bibm55620.2022.9995256,article,conference-paper,True,high,Crossref type proceedings-article in IEEE BIBM conference proceedings with full page range 438-443.,False,420,
https://openalex.org/W3176521854,https://doi.org/10.3390/toxins13070457,https://doi.org/10.3390/toxins13070457,article,,,,,,403,refusal
https://openalex.org/W4254539966,https://doi.org/10.4324/9781315211893-7,https://www.taylorfrancis.com/chapters/edit/10.4324/9781315211893-7/school-psychology-residential-treatment-facilities-richard-morris-yvonne-morris,book-chapter,book-chapter,False,high,Crossref type book-chapter with container book title and page range 159-183 confirms a chapter within a book.,False,200,
https://openalex.org/W4404996739,https://doi.org/10.1038/s44355-024-00011-x,https://www.nature.com/articles/s44355-024-00011-x,article,review,True,high,"dc.type meta tag is ""ReviewPaper"" with 75 references surveying prior research.",False,200,
https://openalex.org/W2066257994,https://doi.org/10.3354/dao01850,https://doi.org/10.3354/dao01850,article,article,False,high,"Crossref journal-article with multi-page range, abstract, and 27 references reporting original research.",False,401,
https://openalex.org/W2095122475,https://doi.org/10.1063/1.2221530,https://doi.org/10.1063/1.2221530,article,article,False,high,dc.Type is research-article in a journal with 28 references and abstract.,False,403,
https://openalex.org/W7125282260,https://doi.org/10.21474/ijar01/22522,https://doi.org/10.21474/ijar01/22522,article,article,False,high,"Title says 'case report' and content reports an original case presented as a full paper, routing case reports to article.",False,,
https://openalex.org/W1573509172,https://doi.org/10.1590/s0100-06832012000100005,http://www.scielo.br/j/rbcs/a/ZKPL58fsmKtc5Y8NKG4fnZk/?lang=en,article,article,False,high,Original research paper with abstract and 21 references in a journal; multi-page (45-50).,False,200,
https://openalex.org/W4304893536,https://doi.org/10.17580/tsm.2022.09.01,https://www.rudmet.ru/journal/2147/article/35718/?language=en,article,article,False,high,Journal-article in Tsvetnye Metally with multi-page range (8-18) and abstract reporting original research.,False,200,
https://openalex.org/W2779898073,https://doi.org/10.11569/wcjd.v18.i27.3003,https://doi.org/10.11569/wcjd.v18.i27.3003,article,article,False,high,"Research-paper title reporting original lab findings in MKN45 cells in a journal, indicating an original article.",False,403,
https://openalex.org/W2336538756,https://doi.org/10.1039/c6em00118a,https://pubs.rsc.org/en/content/articlelanding/2016/em/c6em00118a,article,article,False,high,Crossref journal-article with full multi-page research content and references in a research journal.,False,200,
https://openalex.org/W3153756125,https://doi.org/10.1109/icaect49130.2021.9392582,https://doi.org/10.1109/icaect49130.2021.9392582,article,conference-paper,True,high,Crossref proceedings-article in IEEE conference proceedings with full 6-page text.,False,420,
https://openalex.org/W4414461605,https://doi.org/10.1364/cleo_si.2025.ss177_1,https://opg.optica.org/abstract.cfm?URI=CLEO_SI-2025-SS177_1,article,conference-paper,True,high,Crossref type proceedings-article in CLEO 2025 conference proceedings.,False,200,
https://openalex.org/W4414360441,https://doi.org/10.24963/ijcai.2025/370,https://www.ijcai.org/proceedings/2025/370,article,conference-paper,True,high,Crossref type proceedings-article in IJCAI conference proceedings with citation_conference_title metadata.,False,200,
https://openalex.org/W4388101906,https://doi.org/10.24894/stph-fr.2023.82002,https://www.schwabeonline.ch/schwabe-xaveropp/elibrary/start.xav?qn=%24%24%24OpenURL%24%24%24&id=doi%3A10.24894%2FStPh-fr.2023.82002,article,article,False,high,Crossref journal-article in a philosophy journal with no review/editorial/abstract signals indicating original article.,False,200,
https://openalex.org/W2322007501,https://doi.org/10.1007/s00058-015-1320-z,https://www.springerpflege.de/doi/10.1007/s00058-015-1320-z,article,article,False,low,Crossref journal-article in nursing magazine Heilberufe with no contrary genre signals; defaults to article.,False,200,
https://openalex.org/W4389040830,https://doi.org/10.1115/smasis2023-111228,https://doi.org/10.1115/smasis2023-111228,article,conference-paper,True,high,Crossref proceedings-article in an ASME conference proceedings routes to conference-paper.,False,403,
https://openalex.org/W1431781896,https://doi.org/10.1096/fasebj.29.1_supplement.715.46,https://doi.org/10.1096/fasebj.29.1_supplement.715.46,article,conference-abstract,True,high,FASEB Journal supplement record with 0 references and abstract-only DOI (29.1_supplement.715.46) signals a meeting abstract.,False,403,
https://openalex.org/W2051532236,https://doi.org/10.1038/ngeo358,https://www.nature.com/articles/ngeo358,article,article,False,high,dc.type=OriginalPaper with 42 references in Nature Geoscience indicates original research article.,False,200,
https://openalex.org/W2516610659,https://doi.org/10.5902/1984644419467,https://periodicos.ufsm.br/reveducacao/article/view/19467,article,article,False,high,Journal article with full page range and research abstract; DC.Type.articleType 'Artigo Demanda Contínua' confirms original article.,False,200,
https://openalex.org/W2547930238,https://doi.org/10.1145/2993274.2993280,https://doi.org/10.1145/2993274.2993280,article,conference-paper,True,high,Crossref type proceedings-article in a workshop proceedings container routes to conference-paper.,False,403,
https://openalex.org/W4415210708,https://doi.org/10.7759/cureus.94611,https://www.cureus.com/articles/422867-successful-surgical-embolectomy-following-veno-arterial-extracorporeal-membrane-oxygenation-in-a-taxi-driver-with-high-risk-pulmonary-embolism-a-case-report,article,article,False,high,Case report presented as a full paper with abstract and 19 references routes to article.,False,200,
https://openalex.org/W2783440350,https://doi.org/10.1103/physrevb.98.014423,https://doi.org/10.1103/physrevb.98.014423,article,article,False,high,Crossref journal-article in Physical Review B with abstract and 35 references is original research.,False,403,
https://openalex.org/W4211162320,https://doi.org/10.2307/j.ctv29sfvm2.7,https://chooser.crossref.org/?doi=10.2307%2Fj.ctv29sfvm2.7,book-chapter,book-chapter,False,high,Crossref type book-chapter with page range 31-65 within the book 'Sensitive Subjects' (ISBN present).,False,200,
https://openalex.org/W2546954367,https://doi.org/10.1016/j.seppur.2016.11.001,https://linkinghub.elsevier.com/retrieve/pii/S138358661631214X,article,article,False,high,Journal-article with 45 references and full page range in a research journal.,False,200,
https://openalex.org/W4323821535,https://doi.org/10.1134/s0001434623010285,https://link.springer.com/10.1134/S0001434623010285,article,article,False,high,dc.type=OriginalPaper in a math journal with references confirms an original research article.,False,200,
https://openalex.org/W4403233322,https://doi.org/10.52152/4033,https://repqj.com/index.php/repqj/article/view/4033,article,article,False,high,DC.Type.articleType 'Articles' and journal-article type with full multi-page research content confirm a standard journal article.,False,200,
https://openalex.org/W3108622234,https://doi.org/10.12788/fp.0068,https://www.mdedge.com/fedprac/article/231522/mixed-topics/continued-dosing-oritavancin-complicated-gram-positive,article,article,False,high,Journal-article with 16 references and abstract in Federal Practitioner reporting clinical dosing findings.,False,200,
https://openalex.org/W4390348806,https://doi.org/10.37376/fesj.vi14.4376,https://doi.org/10.37376/fesj.vi14.4376,article,article,False,high,DC.Type.articleType 'Articles' confirms journal article; lp_status 404 with notfound text flags broken landing page.,True,404,
https://openalex.org/W4388458579,https://doi.org/10.1016/j.dt.2023.11.003,https://linkinghub.elsevier.com/retrieve/pii/S2214914723002921,article,article,False,high,"Crossref journal-article with full research text, 42 refs, page range in journal Defence Technology.",False,200,
https://openalex.org/W2065910016,https://doi.org/10.1159/000181146,https://doi.org/10.1159/000181146,article,article,False,high,"Crossref journal-article in Digestion with abstract, 30 references, and full page range 163-170 indicates an original research article.",False,403,
https://openalex.org/W4282599583,https://doi.org/10.1016/j.cherd.2022.06.016,https://linkinghub.elsevier.com/retrieve/pii/S0263876222002970,article,article,False,high,Crossref journal-article with full page range (338-348) and 30 references reporting original research.,False,200,
https://openalex.org/W2775480453,https://doi.org/10.51257/a-v1-be8543,https://www.techniques-ingenieur.fr/base-documentaire/energies-th4/combustibles-fossiles-42215210/carburants-liquides-be8543/,article,reference-entry,True,medium,Techniques de l'Ingénieur is a technical encyclopedia/reference work and this is one entry ('Dossier complet') within its documentary base.,False,200,
https://openalex.org/W2312037133,https://doi.org/10.1002/1873-3468.12162,https://doi.org/10.1002/1873-3468.12162,letter,article,True,high,Original crystal-structure research paper with 42 refs and multi-page range in FEBS Letters; og:type Article overrides the misapplied 'letter' tag.,False,403,
https://openalex.org/W4253241283,https://doi.org/10.2307/j.ctt6wq36s.3,https://doi.org/10.2307/j.ctt6wq36s.3,book-chapter,paratext,True,high,"Title ""Acknowledgments"" on front-matter pages (ix-x) is structural packaging material, not content.",False,403,
https://openalex.org/W1979139355,https://doi.org/10.1517/14740338.2013.813017,https://doi.org/10.1517/14740338.2013.813017,review,review,False,medium,"""Expert Opinion"" drug-safety evaluation surveying literature with 57 references and review-type framing indicates a review article.",False,403,
https://openalex.org/W2108798433,https://doi.org/10.2320/matertrans.47.792,https://www.jstage.jst.go.jp/article/matertrans/47/3/47_3_792/_article,article,article,False,high,"Journal research paper in Materials Transactions with abstract, 12 references, and multi-page span 792-794.",False,200,
https://openalex.org/W2077728159,https://doi.org/10.1039/b809839p,https://pubs.rsc.org/en/content/articlelanding/2008/cp/b809839p,article,article,False,high,"Original research with 39 references in a journal, og:type Article confirms research article.",False,200,
https://openalex.org/W4256523548,https://doi.org/10.1053/j.gastro.2013.09.011,https://linkinghub.elsevier.com/retrieve/pii/S0016508513013103,article,other,True,medium,"Title ""Exam 2:"" with e14-e15 pages and zero references indicates a CME self-assessment quiz item, not original research.",False,200,
https://openalex.org/W4250314258,https://doi.org/10.1163/ej.9789004148840.i-44.8,https://brill.com/display/book/9789047419112/Bej.9789004148840.i-44_003.xml,book-chapter,book-chapter,False,high,Crossref type book-chapter with citation_inbook_title showing a chapter within a Commentary volume.,False,200,
https://openalex.org/W2103141141,https://doi.org/10.1017/s0009840x0500123x,https://www.cambridge.org/core/journals/classical-review/article/abs/ger-lloyd-ancient-worlds-modern-reflections-pp-240-oxford-clarendon-press-2004-cased-2750-us3500-isbn-0199270163/4B4625928AEED6FA7BC2A1D6360D1C4A,article,book-review,True,high,"Title is a book with author, page count, publisher, price and ISBN in The Classical Review, a clear single-book review.",False,200,
https://openalex.org/W2001252115,https://doi.org/10.3109/09537104.2015.1032919,https://doi.org/10.3109/09537104.2015.1032919,article,article,False,high,dc.Type 'research-article' with full pages 66-74 and 36 references confirms original journal article.,False,403,
https://openalex.org/W4401352006,https://doi.org/10.31604/jap.v8i4.13769,https://jurnal.um-tapsel.ac.id/index.php/agrohita/article/view/13769,article,article,False,high,Crossref journal-article with abstract and references in a journal venue indicates an original research article.,False,200,
https://openalex.org/W2565873059,https://doi.org/10.1051/matecconf/20179201047,https://www.matec-conferences.org/articles/matecconf/abs/2017/06/matecconf_tibet2017_01047/matecconf_tibet2017_01047.html,article,conference-paper,True,high,"Published in MATEC Web of Conferences proceedings venue with full paper and references, indicating a conference paper.",False,200,
https://openalex.org/W4245913876,https://doi.org/10.53347/rid-64528,https://doi.org/10.53347/rid-64528,reference-entry,reference-entry,False,high,Radiopaedia reference article with cr_type reference-entry and page title 'Radiology Reference Article'.,False,406,
https://openalex.org/W2830674530,https://doi.org/10.1055/s-0038-1641838,https://www.thieme-connect.de/products/ejournals/abstract/10.1055/s-0038-1641838,article,conference-abstract,True,high,"Page title says 'Abstract', citation_conference_title 'Diabetes Kongress 2018' with 0 references indicates a meeting abstract.",False,200,
https://openalex.org/W4411393160,https://doi.org/10.22270/jddt.v15i6.7182,https://jddtonline.info/index.php/jddt/article/view/7182,article,article,False,high,"DC.Type.articleType is ""Research"" with full text, abstract, and references in a journal.",False,200,
https://openalex.org/W4387090618,https://doi.org/10.1109/icipca59209.2023.10257935,https://doi.org/10.1109/icipca59209.2023.10257935,article,conference-paper,True,high,Crossref proceedings-article in an IEEE conference proceedings (ICIPCA) routes to conference-paper.,False,420,
https://openalex.org/W4392634569,https://doi.org/10.1136/ijgc-2024-esgo.653,https://linkinghub.elsevier.com/retrieve/pii/S1048891X24070245,article,conference-abstract,True,high,"ESGO meeting abstract in a journal supplement (Suppl_1), numbered title with 0 references on a supplement page.",False,200,
https://openalex.org/W3204720365,https://doi.org/10.1186/s12909-021-02954-8,https://bmcmededuc.biomedcentral.com/articles/10.1186/s12909-021-02954-8,article,article,False,high,"dc.type ""OriginalPaper"" with 42 references in a research journal indicates an original research article.",False,200,
https://openalex.org/W2741945322,https://doi.org/10.1002/pat.4111,https://doi.org/10.1002/pat.4111,article,article,False,high,"Crossref journal-article with research title, full page range, abstract, and references in a journal.",False,403,
https://openalex.org/W2734962235,https://doi.org/10.1163/9789004345010_012,https://brill.com/display/book/edcoll/9789004345010/B9789004345010_012.xml,book-chapter,book-chapter,False,high,Crossref book-chapter with citation_inbook_title and page range 179-198 within edited volume.,False,200,
https://openalex.org/W4243952826,https://doi.org/10.2307/j.ctt1df4hrm.19,https://chooser.crossref.org/?doi=10.2307%2Fj.ctt1df4hrm.19,book-chapter,book-chapter,False,high,Crossref type book-chapter with page range 433-464 within the book 'The Qur'an Revealed' (ISBN present).,False,200,
https://openalex.org/W4413612287,https://doi.org/10.3389/fmed.2025.1633890,https://www.frontiersin.org/journals/medicine/articles/10.3389/fmed.2025.1633890/full,article,article,False,high,Crossref journal-article with 65 references and original research title in Frontiers in Medicine.,False,200,
https://openalex.org/W2419234856,https://doi.org/10.1016/j.crhy.2015.11.004,https://comptes-rendus.academie-sciences.fr/physique/articles/10.1016/j.crhy.2015.11.004/,article,editorial,True,high,"Title ""Foreword"" is introductory framing content, which the taxonomy routes to editorial.",False,200,
https://openalex.org/W7129213079,https://doi.org/10.2139/ssrn.6257368,https://doi.org/10.2139/ssrn.6257368,preprint,preprint,False,high,SSRN posted-content with Crossref subtype preprint.,False,403,
https://openalex.org/W4413847882,https://doi.org/10.2139/ssrn.5397964,https://doi.org/10.2139/ssrn.5397964,preprint,preprint,False,high,SSRN-hosted working paper venue marks it as a preprint despite the journal-article raw type.,False,403,
https://openalex.org/W1964263891,https://doi.org/10.1109/sispad.2013.6650615,https://doi.org/10.1109/sispad.2013.6650615,article,conference-paper,True,high,Crossref type proceedings-article in IEEE conference proceedings (SISPAD 2013) routes to conference-paper.,False,420,
https://openalex.org/W4249237495,https://doi.org/10.4324/9780429469848-10,https://www.taylorfrancis.com/chapters/edit/10.4324/9780429469848-10/contested-development-tania-messell,book-chapter,book-chapter,False,high,Crossref type book-chapter with citation_inbook_title and pages 131-146 within an edited volume.,False,200,
https://openalex.org/W4403711468,https://doi.org/10.1101/2024.10.21.619369,https://doi.org/10.1101/2024.10.21.619369,preprint,preprint,False,high,Crossref posted-content/preprint on bioRxiv repository.,False,403,
https://openalex.org/W2257483379,https://doi.org/10.1109/cvpr.2016.349,https://doi.org/10.1109/cvpr.2016.349,preprint,conference-paper,True,high,Crossref proceedings-article in CVPR 2016 conference proceedings.,False,420,
https://openalex.org/W4221041984,https://doi.org/10.1016/j.medine.2021.12.008,https://linkinghub.elsevier.com/retrieve/pii/S2173572721002034,article,article,False,high,Crossref journal-article in a research journal reporting a comparative ICU study with references.,False,200,
https://openalex.org/W2520084706,https://doi.org/10.1021/acs.organomet.6b00466,https://doi.org/10.1021/acs.organomet.6b00466,article,review,True,high,"dc.Type meta is ""review-article"" with 155 references, a survey-style tutorial.",False,403,
https://openalex.org/W4246916527,https://doi.org/10.1007/978-3-319-19650-3_302304,https://link.springer.com/10.1007/978-3-319-19650-3_302304,book-chapter,reference-entry,True,high,URL is a Springer referenceworkentry within the 'Encyclopedia of Evolutionary Psychological Science'.,False,200,
https://openalex.org/W4387931689,https://doi.org/10.1007/s00210-023-02765-2,https://link.springer.com/10.1007/s00210-023-02765-2,article,article,False,high,"dc.type=OriginalPaper, journal-article with references reporting original research.",False,200,
https://openalex.org/W2995113551,https://doi.org/10.1021/acs.est.9b04542,https://doi.org/10.1021/acs.est.9b04542,article,article,False,high,dc.Type 'research-article' in journal Environmental Science & Technology with full pages and 49 refs.,False,403,
https://openalex.org/W4234279629,https://doi.org/10.5771/9783748923930-599,https://www.inlibra.com/de/document/view/detail/uuid/26e122a7-8727-3633-b7bc-b317a1f1798d,book-chapter,book-chapter,False,high,Crossref type book-chapter with page range 599-846 within a book container.,False,200,
https://openalex.org/W2525268507,https://doi.org/10.1007/978-3-319-43403-2_10,https://link.springer.com/chapter/10.1007/978-3-319-43403-2_10,book-chapter,book-chapter,False,high,Crossref type book-chapter with citation_inbook_title and chapter URL confirm a chapter within the book Digital Urban Acupuncture.,False,200,
https://openalex.org/W4295954931,https://doi.org/10.4018/978-1-6684-4854-0.ch020,https://doi.org/10.4018/978-1-6684-4854-0.ch020,book-chapter,book-chapter,False,high,Crossref type book-chapter with ISBN and DC.type 'chapter' confirm a single chapter in an edited volume.,False,429,
https://openalex.org/W4386400792,https://doi.org/10.1007/s12185-023-03650-7,https://link.springer.com/10.1007/s12185-023-03650-7,article,article,False,high,"dc.type ""OriginalPaper"" with 25 references in a hematology journal indicates original research article.",False,200,
https://openalex.org/W3092763292,https://doi.org/10.1016/j.mssp.2020.105503,https://linkinghub.elsevier.com/retrieve/pii/S1369800120314372,article,article,False,high,Crossref journal-article with 34 references reporting original research in a materials science journal.,False,200,
https://openalex.org/W4396523953,https://doi.org/10.2139/ssrn.4812255,https://doi.org/10.2139/ssrn.4812255,preprint,preprint,False,high,Crossref posted-content/preprint on SSRN repository signals a preprint.,False,403,
https://openalex.org/W2604713626,https://doi.org/10.1515/amm-2017-0046,https://journals.pan.pl/dlibra/publication/120481/edition/104893/content,article,article,False,high,"Original research full paper with abstract and references in a journal, page range 309-314.",False,200,
https://openalex.org/W2806054714,https://doi.org/10.4000/dhfles.4434,https://journals.openedition.org/dhfles/4434,article,other,True,high,"Title is a person's name with birth-death dates (1925-2016), indicating an obituary, which routes to other.",False,200,
https://openalex.org/W3179752547,https://doi.org/10.5846/stxb202001180147,https://doi.org/10.5846/stxb202001180147,article,article,False,high,Crossref journal-article in Acta Ecologica Sinica reporting original research with abstract.,False,,
https://openalex.org/W4399322226,https://doi.org/10.1177/03611981241246780,https://doi.org/10.1177/03611981241246780,article,article,False,high,dc.Type 'research-article' with references and full page range in a journal confirms original research article.,False,403,
https://openalex.org/W4403860161,https://doi.org/10.22498/pages.32.2.100,https://pastglobalchanges.org/publications/pages-magazines/pages-magazine/138064,article,article,False,medium,Two-page journal-article in Past Global Changes Magazine with no overriding genre signal toward review/editorial.,False,200,
https://openalex.org/W2006656029,https://doi.org/10.1007/s10856-007-3223-2,https://link.springer.com/article/10.1007/s10856-007-3223-2,article,article,False,high,"dc.type ""OriginalPaper"" with 30 references in a research journal indicates an original research article.",False,200,
https://openalex.org/W3198805499,https://doi.org/10.1016/j.addma.2021.102268,https://linkinghub.elsevier.com/retrieve/pii/S2214860421004280,article,article,False,high,Crossref journal-article with 46 references reporting original research in Additive Manufacturing journal.,False,200,
https://openalex.org/W3083894884,https://doi.org/10.3390/en13184677,https://doi.org/10.3390/en13184677,article,article,False,high,dc.type 'Article' in MDPI journal Energies with abstract and 27 references confirms a research article.,False,403,
https://openalex.org/W4399283383,https://doi.org/10.1371/journal.pone.0296616,https://journals.plos.org/plosone/article?id=10.1371/journal.pone.0296616,article,article,False,high,"Original-research journal article in PLOS ONE with abstract and 38 references, page status 200.",False,200,
https://openalex.org/W1635317135,https://doi.org/10.1063/1.3137730,https://doi.org/10.1063/1.3137730,article,conference-paper,True,high,Crossref type proceedings-article in AIP Conference Proceedings routes to conference-paper.,False,403,
https://openalex.org/W4249805863,https://doi.org/10.1007/s40278-017-31175-0,https://link.springer.com/article/10.1007/s40278-017-31175-0,article,other,True,high,"dc.type is ""News"" in a Reactions Weekly case-report-style single-page record, routing to other.",False,200,
https://openalex.org/W7163683427,https://doi.org/10.59573/emsj.10(2).2026.7,https://doi.org/10.59573/emsj.10%282%29.2026.7,article,article,False,high,"Crossref journal-article with abstract, references, and a multi-page research paper in a journal; 403 is a bot-block, not dead.",False,403,
https://openalex.org/W2133799424,https://doi.org/10.1177/0261018315600835,https://doi.org/10.1177/0261018315600835,article,article,False,high,dc.Type 'research-article' with full pages and 51 references in a journal.,False,403,
https://openalex.org/W1978897371,https://doi.org/10.1177/1087057111426903,https://linkinghub.elsevier.com/retrieve/pii/S2472555222076158,article,article,False,high,"Original research full paper in SLAS Discovery with abstract, 31 refs, page range 283-292.",False,200,
https://openalex.org/W2904134070,https://doi.org/10.1016/b978-0-7506-6392-2.50010-6,https://doi.org/10.1016/b978-0-7506-6392-2.50010-6,book-chapter,book-chapter,False,high,Crossref type book-chapter with pages 62-89 within book 'Strategic Performance Management' on Elsevier eBooks.,False,,
https://openalex.org/W4236204202,https://doi.org/10.1007/978-3-662-54214-9_7,https://link.springer.com/chapter/10.1007/978-3-662-54214-9_7,book-chapter,book-chapter,False,high,Crossref type book-chapter with chapter pages 381-404 within an ISBN textbook on SpringerLink.,False,200,
https://openalex.org/W4280492899,https://doi.org/10.20868/upm.thesis.40369,https://doi.org/10.20868/upm.thesis.40369,dissertation,dissertation,False,high,DC.type 'info:eu-repo/semantics/doctoralThesis' and Crossref dissertation type confirm a doctoral thesis.,False,,
https://openalex.org/W2588340779,https://doi.org/10.1136/bcr-2016-219143,https://doi.org/10.1136/bcr-2016-219143,article,article,False,high,BMJ Case Reports case report presented as a full paper with abstract and references routes to article.,False,403,
https://openalex.org/W3194684969,https://doi.org/10.3390/ijms22179106,https://doi.org/10.3390/ijms22179106,review,review,False,high,"dc.type meta tag explicitly states ""Review"" with 92 references surveying the field.",False,403,
https://openalex.org/W4389948233,https://doi.org/10.36557/2674-8169.2023v5n5p5849-5858,https://bjihs.emnuvens.com.br/bjihs/article/view/1115,article,review,True,high,"DC.Type.articleType is ""Revisão de Literatura"" (literature review).",False,200,
https://openalex.org/W4255139391,https://doi.org/10.1017/cbo9781316156049.076,https://www.cambridge.org/core/books/abs/letters-of-mrs-elizabeth-montagu/from-lord-bath-to-mrs-montagu/4A594BBE9BF505FEF5ACF75AECF9E7B4,book-chapter,book-chapter,False,high,Crossref type book-chapter with citation_inbook_title in a published edited volume of letters.,False,200,
https://openalex.org/W1621240752,https://doi.org/10.1007/10857580_61,https://link.springer.com/chapter/10.1007/10857580_61,book-chapter,conference-paper,True,medium,ESO astrophysics symposia proceedings volume with a short symposium contribution marked as a paper.,False,200,
https://openalex.org/W2170335327,https://doi.org/10.1111/modl.12270_3,https://doi.org/10.1111/modl.12270_3,article,letter,True,medium,"Title is a 'Counter-Response to [authors] (2015)'—author correspondence replying to previously published material, fitting letter.",False,403,
https://openalex.org/W7165846044,https://doi.org/10.33196/brz202602006501,https://doi.org/10.33196/brz202602006501,article,editorial,True,high,"Title 'Sehr geehrte Leserinnen und Leser!' is an editor's address to readers, single page with no references.",False,,
https://openalex.org/W2029631750,https://doi.org/10.1016/j.ajem.2014.03.033,https://linkinghub.elsevier.com/retrieve/pii/S0735675714002216,article,article,False,high,Journal-article in a research journal with multi-page range (837-843) and 26 references reporting original research.,False,200,
https://openalex.org/W4242458100,https://doi.org/10.5040/9781472596888.ch-007,https://www.bloomsburycollections.com/monograph-detail?docid=b-9781472596888&tocid=b-9781472596888-chapter7,book-chapter,book-chapter,False,high,Crossref type book-chapter with ISBN within container book 'The Barn Swallow'.,False,200,
https://openalex.org/W4236986349,https://doi.org/10.1016/s0968-0896(10)00757-1,https://linkinghub.elsevier.com/retrieve/pii/S0968089610007571,paratext,paratext,False,high,Title 'Editorial board' with page 'IFC-IFC' (inside front cover) is structural packaging material.,False,200,
https://openalex.org/W3101178120,https://doi.org/10.15562/bmj.v9i3.1434,https://doi.org/10.15562/bmj.v9i3.1434,review,review,False,high,DC.Type.articleType is REVIEW and title explicitly states 'a literature review'.,False,418,
https://openalex.org/W3195828249,https://doi.org/10.35366/100620,https://www.medigraphic.com/cgi-bin/new/resumen.cgi?IDARTICULO=100620,article,editorial,True,medium,Single-page item with no abstract or references and an opinion-style title about teaching orthopedics signals an editorial.,False,200,
https://openalex.org/W4230349906,https://doi.org/10.1037/e518532013-378,https://doi.apa.org/doi/10.1037/e518532013-378,dataset,dataset,False,medium,Crossref type and PsycEXTRA repository deposit both indicate a dataset record.,False,200,
https://openalex.org/W4399203008,https://doi.org/10.53829/ntr201303tp1,https://ntt-review.jp/archive/ntttechnical.php?contents=ntr201303tp1.html,article,editorial,True,medium,"Interview-style feature with leadership voice and zero references, matching editorial/interview content rather than original research.",False,200,
https://openalex.org/W4241291166,https://doi.org/10.1163/9789004206106_eifo_dum_0434,https://referenceworks.brill.com/display/db/eifo,dataset,reference-entry,True,medium,"Single entry 'ASHTURḲA' in the reference work Encyclopédie de l'Islam, with live landing page resolving (200) to the encyclopedia database.",False,200,
https://openalex.org/W4401021279,https://doi.org/10.2991/978-2-38476-271-2_83,https://www.atlantis-press.com/proceedings/mhehd-24/126001835,book-chapter,conference-paper,True,high,Atlantis Press proceedings URL and citation_conference_title (MHEHD 2024) indicate a full conference paper despite book-chapter tagging.,False,200,
https://openalex.org/W3137668670,https://doi.org/10.6004/jnccn.2020.7760,https://jnccn.org/view/journals/jnccn/19/3.5/article-pHSR21-062.xml,article,conference-abstract,True,high,Abstract-style ID page (HSR21-062) in a supplement issue with zero references is a meeting abstract.,False,200,
https://openalex.org/W4392472519,https://doi.org/10.1002/adfm.202470055,https://doi.org/10.1002/adfm.202470055,paratext,paratext,False,high,"Title is 'Masthead', a structural packaging record of the issue.",False,403,
https://openalex.org/W4312528562,https://doi.org/10.1079/cabicompendium.5207,https://doi.org/10.1079/cabicompendium.5207,dataset,reference-entry,True,medium,"A single species datasheet entry within the CABI Compendium reference work, despite Crossref's 'dataset' tag.",False,403,
https://openalex.org/W4235171076,https://doi.org/10.13051/ee:doc/moreanee0010144a1c,https://doi.org/10.13051/ee:doc/moreanee0010144a1c,dataset,other,True,low,"Record is a single historical correspondence item (letter to Voltaire) in a digital scholarly edition, fitting no specific scholarly-genre type, so the catch-all applies.",False,302,
https://openalex.org/W2204504766,https://doi.org/10.5380/abclima.v17i0.42313,https://revistas.ufpr.br/revistaabclima/article/view/42313,article,article,False,high,"Research note/case study full paper in a journal with abstract and references, articleType 'Artigos'.",False,200,
https://openalex.org/W2063110728,https://doi.org/10.5322/jesi.2014.23.6.1157,https://doi.org/10.5322/jesi.2014.23.6.1157,article,article,False,high,journal-article with full page range and 17 references reporting original experimental research.,False,,
https://openalex.org/W2604588408,https://doi.org/10.17557/tjfc.303888,https://doi.org/10.17557/tjfc.303888,article,article,False,high,Journal research article in Turkish Journal of Field Crops with abstract and 17 refs; landing page returns Dergipark 404.,True,,
https://openalex.org/W4408583936,https://doi.org/10.58837/chula.the.2009.651,https://doi.org/10.58837/chula.the.2009.651,dissertation,dissertation,False,high,DC.type 'Thesis' and Crossref type 'dissertation' from Chula thesis repository confirm a degree-completion document.,False,,
